season,round,circuit_id,warm,cold,dry,wet,cloudy,driver,nationality,constructor,grid,podium,driver_points,driver_wins,driver_standings_pos,constructor_points,constructor_wins,constructor_standings_pos,qualy_time,driver_age,q_delta
2020,1,red_bull_ring,True,False,False,False,False,bottas,Finnish,mercedes,1,1,25,1,1,37,1,1,62.939,30,0.0
2020,1,red_bull_ring,True,False,False,False,False,max_verstappen,Dutch,red_bull,2,20,0,0,20,0,0,9,63.477,22,0.5379999999999967
2020,1,red_bull_ring,True,False,False,False,False,norris,British,mclaren,3,3,16,0,3,26,0,2,63.626,20,0.6869999999999976
2020,1,red_bull_ring,True,False,False,False,False,albon,Thai,red_bull,4,13,0,0,13,0,0,9,63.868,24,0.929000000000002
2020,1,red_bull_ring,True,False,False,False,False,hamilton,British,mercedes,5,4,12,0,4,37,1,1,62.951,35,0.012000000000000455
2020,1,red_bull_ring,True,False,False,False,False,perez,Mexican,racing_point,6,6,8,0,6,8,0,4,63.868,30,0.929000000000002
2020,1,red_bull_ring,True,False,False,False,False,leclerc,Monegasque,ferrari,7,2,18,0,2,19,0,3,63.923,22,0.9840000000000018
2020,1,red_bull_ring,True,False,False,False,False,sainz,Spanish,mclaren,8,5,10,0,5,26,0,2,63.971000000000004,25,1.0320000000000036
2020,1,red_bull_ring,True,False,False,False,False,stroll,Canadian,racing_point,9,18,0,0,18,8,0,4,64.029,21,1.0899999999999963
2020,1,red_bull_ring,True,False,False,False,False,ricciardo,Australian,renault,10,19,0,0,19,4,0,6,64.239,31,1.3000000000000043
2020,1,red_bull_ring,True,False,False,False,False,vettel,German,ferrari,11,10,1,0,10,19,0,3,64.206,33,1.267000000000003
2020,1,red_bull_ring,True,False,False,False,False,gasly,French,alphatauri,12,7,6,0,7,6,0,5,64.305,24,1.3660000000000068
2020,1,red_bull_ring,True,False,False,False,False,kvyat,Russian,alphatauri,13,12,0,0,12,6,0,5,64.431,26,1.4919999999999973
2020,1,red_bull_ring,True,False,False,False,False,ocon,French,renault,14,8,4,0,8,4,0,6,64.643,23,1.7040000000000006
2020,1,red_bull_ring,True,False,False,False,False,grosjean,French,haas,15,16,0,0,16,0,0,10,64.691,34,1.7520000000000024
2020,1,red_bull_ring,True,False,False,False,False,kevin_magnussen,Danish,haas,16,17,0,0,17,0,0,10,65.164,27,2.2250000000000014
2020,1,red_bull_ring,True,False,False,False,False,russell,British,williams,17,15,0,0,15,0,0,8,65.167,22,2.2280000000000015
2020,1,red_bull_ring,True,False,False,False,False,giovinazzi,Italian,alfa,18,9,2,0,9,2,0,7,65.175,26,2.235999999999997
2020,1,red_bull_ring,True,False,False,False,False,raikkonen,Finnish,alfa,19,14,0,0,14,2,0,7,65.224,40,2.2850000000000037
2020,1,red_bull_ring,True,False,False,False,False,latifi,Canadian,williams,20,11,0,0,11,0,0,8,65.757,25,2.818000000000005
2020,2,red_bull_ring,True,False,False,False,False,hamilton,British,mercedes,1,1,37,1,2,80,2,1,79.273,35,0.0
2020,2,red_bull_ring,True,False,False,False,False,max_verstappen,Dutch,red_bull,2,3,15,0,6,27,0,3,80.489,22,1.2160000000000082
2020,2,red_bull_ring,True,False,False,False,False,sainz,Spanish,mclaren,3,9,13,0,7,39,0,2,80.67099999999999,25,1.3979999999999961
2020,2,red_bull_ring,True,False,False,False,False,bottas,Finnish,mercedes,4,2,43,1,1,80,2,1,80.701,30,1.4279999999999973
2020,2,red_bull_ring,True,False,False,False,False,ocon,French,renault,5,18,4,0,11,8,0,6,80.922,23,1.649000000000001
2020,2,red_bull_ring,True,False,False,False,False,albon,Thai,red_bull,6,4,12,0,8,27,0,3,81.011,24,1.7379999999999995
2020,2,red_bull_ring,True,False,False,False,False,gasly,French,alphatauri,7,15,6,0,9,7,0,7,81.02799999999999,24,1.7549999999999955
2020,2,red_bull_ring,True,False,False,False,False,ricciardo,Australian,renault,8,8,4,0,12,8,0,6,81.19200000000001,31,1.9190000000000111
2020,2,red_bull_ring,True,False,False,False,False,norris,British,mclaren,9,5,26,0,3,39,0,2,80.925,20,1.652000000000001
2020,2,red_bull_ring,True,False,False,False,False,vettel,German,ferrari,10,20,1,0,15,19,0,5,81.651,33,2.378
2020,2,red_bull_ring,True,False,False,False,False,russell,British,williams,11,16,0,0,20,0,0,9,79.636,22,0.36299999999999955
2020,2,red_bull_ring,True,False,False,False,False,stroll,Canadian,racing_point,12,7,6,0,10,22,0,4,79.645,21,0.3719999999999999
2020,2,red_bull_ring,True,False,False,False,False,kvyat,Russian,alphatauri,13,10,1,0,14,7,0,7,79.717,26,0.4440000000000026
2020,2,red_bull_ring,True,False,False,False,False,leclerc,Monegasque,ferrari,14,19,18,0,4,19,0,5,79.628,22,0.355000000000004
2020,2,red_bull_ring,True,False,False,False,False,kevin_magnussen,Danish,haas,15,12,0,0,18,0,0,10,80.211,27,0.9380000000000024
2020,2,red_bull_ring,True,False,False,False,False,raikkonen,Finnish,alfa,16,11,0,0,17,2,0,8,81.372,40,2.0990000000000038
2020,2,red_bull_ring,True,False,False,False,False,perez,Mexican,racing_point,17,6,16,0,5,22,0,4,81.607,30,2.334000000000003
2020,2,red_bull_ring,True,False,False,False,False,latifi,Canadian,williams,18,17,0,0,16,0,0,9,81.759,25,2.486000000000004
2020,2,red_bull_ring,True,False,False,False,False,giovinazzi,Italian,alfa,19,14,2,0,13,2,0,8,81.831,26,2.558000000000007
2020,3,hungaroring,False,False,False,True,True,hamilton,British,mercedes,1,1,63,2,1,121,3,1,73.447,35,0.0
2020,3,hungaroring,False,False,False,True,True,bottas,Finnish,mercedes,2,3,58,1,2,121,3,1,73.554,30,0.10699999999999932
2020,3,hungaroring,False,False,False,True,True,stroll,Canadian,racing_point,3,4,18,0,8,40,0,4,74.377,21,0.9299999999999926
2020,3,hungaroring,False,False,False,True,True,perez,Mexican,racing_point,4,7,22,0,6,40,0,4,74.545,30,1.097999999999999
2020,3,hungaroring,False,False,False,True,True,vettel,German,ferrari,5,6,9,0,10,27,0,5,74.774,33,1.3269999999999982
2020,3,hungaroring,False,False,False,True,True,leclerc,Monegasque,ferrari,6,11,18,0,7,27,0,5,74.81700000000001,22,1.3700000000000045
2020,3,hungaroring,False,False,False,True,True,max_verstappen,Dutch,red_bull,7,2,33,0,3,55,0,2,74.849,22,1.402000000000001
2020,3,hungaroring,False,False,False,True,True,norris,British,mclaren,8,13,26,0,4,41,0,3,74.966,20,1.5189999999999912
2020,3,hungaroring,False,False,False,True,True,sainz,Spanish,mclaren,9,9,15,0,9,41,0,3,75.027,25,1.5799999999999983
2020,3,hungaroring,False,False,False,True,True,ricciardo,Australian,renault,11,8,8,0,11,12,0,6,75.661,31,2.2139999999999986
2020,3,hungaroring,False,False,False,True,True,russell,British,williams,12,18,0,0,20,0,0,10,75.69800000000001,22,2.2510000000000048
2020,3,hungaroring,False,False,False,True,True,albon,Thai,red_bull,13,5,22,0,5,55,0,2,75.715,24,2.2680000000000007
2020,3,hungaroring,False,False,False,True,True,ocon,French,renault,14,14,4,0,13,12,0,6,75.742,23,2.2950000000000017
2020,3,hungaroring,False,False,False,True,True,latifi,Canadian,williams,15,19,0,0,18,0,0,10,76.544,25,3.096999999999994
2020,3,hungaroring,False,False,False,True,True,kvyat,Russian,alphatauri,17,12,1,0,15,7,0,7,76.20400000000001,26,2.757000000000005
2020,3,hungaroring,False,False,False,True,True,giovinazzi,Italian,alfa,19,17,2,0,14,2,0,8,76.506,26,3.0589999999999975
2020,3,hungaroring,False,False,False,True,True,raikkonen,Finnish,alfa,20,15,0,0,17,2,0,8,76.614,40,3.1670000000000016
2020,4,silverstone,False,False,False,False,True,hamilton,British,mercedes,1,1,88,3,1,146,4,1,84.303,35,0.0
2020,4,silverstone,False,False,False,False,True,bottas,Finnish,mercedes,2,11,58,1,2,146,4,1,84.616,30,0.3130000000000024
2020,4,silverstone,False,False,False,False,True,max_verstappen,Dutch,red_bull,3,2,52,0,3,78,0,2,85.325,22,1.0220000000000056
2020,4,silverstone,False,False,False,False,True,leclerc,Monegasque,ferrari,4,3,33,0,5,43,0,4,85.42699999999999,22,1.1239999999999952
2020,4,silverstone,False,False,False,False,True,norris,British,mclaren,5,5,36,0,4,51,0,3,85.782,20,1.4789999999999992
2020,4,silverstone,False,False,False,False,True,stroll,Canadian,racing_point,6,9,20,0,8,42,0,5,85.839,21,1.5360000000000014
2020,4,silverstone,False,False,False,False,True,sainz,Spanish,mclaren,7,13,15,0,10,51,0,3,85.965,25,1.6620000000000061
2020,4,silverstone,False,False,False,False,True,ricciardo,Australian,renault,8,4,20,0,9,32,0,6,86.009,31,1.706000000000003
2020,4,silverstone,False,False,False,False,True,ocon,French,renault,9,6,12,0,11,32,0,6,86.209,23,1.906000000000006
2020,4,silverstone,False,False,False,False,True,vettel,German,ferrari,10,10,10,0,13,43,0,4,86.339,33,2.0360000000000014
2020,4,silverstone,False,False,False,False,True,gasly,French,alphatauri,11,7,12,0,12,13,0,7,86.501,24,2.1980000000000075
2020,4,silverstone,False,False,False,False,True,albon,Thai,red_bull,12,8,26,0,6,78,0,2,86.545,24,2.2420000000000044
2020,4,silverstone,False,False,False,False,True,hulkenberg,German,racing_point,13,20,0,0,21,42,0,5,86.566,32,2.2630000000000052
2020,4,silverstone,False,False,False,False,True,kevin_magnussen,Danish,haas,14,19,1,0,16,1,0,9,87.158,27,2.855000000000004
2020,4,silverstone,False,False,False,False,True,giovinazzi,Italian,alfa,15,14,2,0,14,2,0,8,87.164,26,2.861000000000004
2020,4,silverstone,False,False,False,False,True,raikkonen,Finnish,alfa,16,17,0,0,18,2,0,8,87.366,40,3.0630000000000024
2020,4,silverstone,False,False,False,False,True,grosjean,French,haas,17,16,0,0,20,1,0,9,87.643,34,3.3400000000000034
2020,4,silverstone,False,False,False,False,True,latifi,Canadian,williams,18,15,0,0,17,0,0,10,87.705,25,3.402000000000001
2020,4,silverstone,False,False,False,False,True,kvyat,Russian,alphatauri,19,18,1,0,15,13,0,7,86.744,26,2.4410000000000025
2020,4,silverstone,False,False,False,False,True,russell,British,williams,20,12,0,0,19,0,0,10,87.092,22,2.7890000000000015
2020,5,silverstone,True,False,False,False,False,bottas,Finnish,mercedes,1,3,73,1,3,180,4,1,85.154,30,0.0
2020,5,silverstone,True,False,False,False,False,hamilton,British,mercedes,2,2,107,3,1,180,4,1,85.217,35,0.06300000000000239
2020,5,silverstone,True,False,False,False,False,hulkenberg,German,racing_point,3,7,6,0,14,41,0,5,86.082,32,0.9279999999999973
2020,5,silverstone,True,False,False,False,False,max_verstappen,Dutch,red_bull,4,1,77,1,2,113,1,2,86.176,22,1.0220000000000056
2020,5,silverstone,True,False,False,False,False,ricciardo,Australian,renault,5,14,20,0,9,36,0,6,86.297,31,1.1430000000000007
2020,5,silverstone,True,False,False,False,False,stroll,Canadian,racing_point,6,6,28,0,7,41,0,5,86.428,21,1.274000000000001
2020,5,silverstone,True,False,False,False,False,gasly,French,alphatauri,7,11,12,0,12,14,0,7,86.53399999999999,24,1.3799999999999955
2020,5,silverstone,True,False,False,False,False,leclerc,Monegasque,ferrari,8,4,45,0,4,55,0,3,86.614,22,1.460000000000008
2020,5,silverstone,True,False,False,False,False,albon,Thai,red_bull,9,5,36,0,6,113,1,2,86.669,24,1.5150000000000006
2020,5,silverstone,True,False,False,False,False,norris,British,mclaren,10,9,38,0,5,53,0,4,86.77799999999999,20,1.6239999999999952
2020,5,silverstone,True,False,False,False,False,vettel,German,ferrari,11,12,10,0,13,55,0,3,87.078,33,1.9240000000000066
2020,5,silverstone,True,False,False,False,False,sainz,Spanish,mclaren,12,13,15,0,11,53,0,4,87.083,25,1.929000000000002
2020,5,silverstone,True,False,False,False,False,grosjean,French,haas,13,16,0,0,21,1,0,9,87.254,34,2.1000000000000085
2020,5,silverstone,True,False,False,False,False,ocon,French,renault,14,8,16,0,10,36,0,6,87.011,23,1.8569999999999993
2020,5,silverstone,True,False,False,False,False,russell,British,williams,15,18,0,0,20,0,0,10,87.455,22,2.301000000000002
2020,5,silverstone,True,False,False,False,False,kvyat,Russian,alphatauri,16,10,2,0,16,14,0,7,87.882,26,2.7280000000000086
2020,5,silverstone,True,False,False,False,False,kevin_magnussen,Danish,haas,17,20,1,0,17,1,0,9,88.236,27,3.082000000000008
2020,5,silverstone,True,False,False,False,False,latifi,Canadian,williams,18,19,0,0,19,0,0,10,88.43,25,3.2760000000000105
2020,5,silverstone,True,False,False,False,False,giovinazzi,Italian,alfa,19,17,2,0,15,2,0,8,88.43299999999999,26,3.2789999999999964
2020,5,silverstone,True,False,False,False,False,raikkonen,Finnish,alfa,20,15,0,0,18,2,0,8,88.493,40,3.3389999999999986
2020,6,catalunya,False,False,False,False,True,hamilton,British,mercedes,1,1,132,4,1,221,5,1,75.584,35,0.0
2020,6,catalunya,False,False,False,False,True,bottas,Finnish,mercedes,2,3,89,1,3,221,5,1,75.643,30,0.0589999999999975
2020,6,catalunya,False,False,False,False,True,max_verstappen,Dutch,red_bull,3,2,95,1,2,135,1,2,76.292,22,0.7079999999999984
2020,6,catalunya,False,False,False,False,True,perez,Mexican,racing_point,4,5,32,0,8,63,0,3,76.482,30,0.8979999999999961
2020,6,catalunya,False,False,False,False,True,stroll,Canadian,racing_point,5,4,40,0,5,63,0,3,76.589,21,1.0049999999999955
2020,6,catalunya,False,False,False,False,True,albon,Thai,red_bull,6,8,40,0,6,135,1,2,77.029,24,1.4449999999999932
2020,6,catalunya,False,False,False,False,True,sainz,Spanish,mclaren,7,6,23,0,9,62,0,4,77.044,25,1.4599999999999937
2020,6,catalunya,False,False,False,False,True,norris,British,mclaren,8,10,39,0,7,62,0,4,77.084,20,1.5
2020,6,catalunya,False,False,False,False,True,leclerc,Monegasque,ferrari,9,20,45,0,4,61,0,5,77.087,22,1.5030000000000001
2020,6,catalunya,False,False,False,False,True,gasly,French,alphatauri,10,9,14,0,13,16,0,7,77.136,24,1.5519999999999925
2020,6,catalunya,False,False,False,False,True,vettel,German,ferrari,11,7,16,0,11,61,0,5,77.168,33,1.5840000000000032
2020,6,catalunya,False,False,False,False,True,kvyat,Russian,alphatauri,12,12,2,0,16,16,0,7,77.19200000000001,26,1.608000000000004
2020,6,catalunya,False,False,False,False,True,ricciardo,Australian,renault,13,11,20,0,10,36,0,6,77.19800000000001,31,1.6140000000000043
2020,6,catalunya,False,False,False,False,True,raikkonen,Finnish,alfa,14,14,0,0,18,2,0,8,77.386,40,1.8019999999999925
2020,6,catalunya,False,False,False,False,True,ocon,French,renault,15,13,16,0,12,36,0,6,77.56700000000001,23,1.983000000000004
2020,6,catalunya,False,False,False,False,True,kevin_magnussen,Danish,haas,16,15,1,0,17,1,0,9,77.908,27,2.323999999999998
2020,6,catalunya,False,False,False,False,True,grosjean,French,haas,17,19,0,0,21,1,0,9,78.089,34,2.5049999999999955
2020,6,catalunya,False,False,False,False,True,russell,British,williams,18,17,0,0,20,0,0,10,78.099,22,2.5150000000000006
2020,6,catalunya,False,False,False,False,True,latifi,Canadian,williams,19,18,0,0,19,0,0,10,78.532,25,2.9479999999999933
2020,6,catalunya,False,False,False,False,True,giovinazzi,Italian,alfa,20,16,2,0,15,2,0,8,78.697,26,3.1129999999999995
2020,7,spa,False,False,False,False,True,hamilton,British,mercedes,1,1,157,5,1,264,6,1,101.25200000000001,35,0.0
2020,7,spa,False,False,False,False,True,bottas,Finnish,mercedes,2,2,107,1,3,264,6,1,101.763,31,0.5109999999999957
2020,7,spa,False,False,False,False,True,max_verstappen,Dutch,red_bull,3,3,110,1,2,158,1,2,101.77799999999999,22,0.525999999999982
2020,7,spa,False,False,False,False,True,ricciardo,Australian,renault,4,4,33,0,8,59,0,6,102.061,31,0.8089999999999975
2020,7,spa,False,False,False,False,True,albon,Thai,red_bull,5,6,48,0,4,158,1,2,102.26400000000001,24,1.0120000000000005
2020,7,spa,False,False,False,False,True,ocon,French,renault,6,5,26,0,10,59,0,6,102.396,23,1.1439999999999912
2020,7,spa,False,False,False,False,True,sainz,Spanish,mclaren,7,20,23,0,11,68,0,3,102.438,25,1.1859999999999928
2020,7,spa,False,False,False,False,True,perez,Mexican,racing_point,8,10,33,0,9,66,0,4,102.532,30,1.279999999999987
2020,7,spa,False,False,False,False,True,stroll,Canadian,racing_point,9,9,42,0,7,66,0,4,102.60300000000001,21,1.350999999999999
2020,7,spa,False,False,False,False,True,norris,British,mclaren,10,7,45,0,6,68,0,3,102.657,20,1.404999999999987
2020,7,spa,False,False,False,False,True,kvyat,Russian,alphatauri,11,11,2,0,16,20,0,7,102.72999999999999,26,1.4779999999999802
2020,7,spa,False,False,False,False,True,gasly,French,alphatauri,12,8,18,0,12,20,0,7,102.745,24,1.492999999999995
2020,7,spa,False,False,False,False,True,leclerc,Monegasque,ferrari,13,14,45,0,5,61,0,5,102.99600000000001,22,1.7439999999999998
2020,7,spa,False,False,False,False,True,vettel,German,ferrari,14,13,16,0,13,61,0,5,103.261,33,2.008999999999986
2020,7,spa,False,False,False,False,True,russell,British,williams,15,19,0,0,20,0,0,10,103.468,22,2.215999999999994
2020,7,spa,False,False,False,False,True,raikkonen,Finnish,alfa,16,12,0,0,18,2,0,8,103.743,40,2.4909999999999854
2020,7,spa,False,False,False,False,True,grosjean,French,haas,17,15,0,0,21,1,0,9,103.838,34,2.5859999999999843
2020,7,spa,False,False,False,False,True,giovinazzi,Italian,alfa,18,18,2,0,15,2,0,8,103.95,26,2.6979999999999933
2020,7,spa,False,False,False,False,True,latifi,Canadian,williams,19,16,0,0,19,0,0,10,104.138,25,2.8859999999999957
2020,7,spa,False,False,False,False,True,kevin_magnussen,Danish,haas,20,17,1,0,17,1,0,9,104.314,27,3.0619999999999834
2020,8,monza,True,False,False,False,False,hamilton,British,mercedes,1,7,164,5,1,281,6,1,78.887,35,0.0
2020,8,monza,True,False,False,False,False,bottas,Finnish,mercedes,2,5,117,1,2,281,6,1,78.956,31,0.06900000000000261
2020,8,monza,True,False,False,False,False,sainz,Spanish,mclaren,3,2,41,0,9,98,0,3,79.695,26,0.8079999999999927
2020,8,monza,True,False,False,False,False,perez,Mexican,racing_point,4,10,34,0,11,82,0,4,79.72,30,0.8329999999999984
2020,8,monza,True,False,False,False,False,max_verstappen,Dutch,red_bull,5,17,110,1,3,158,1,2,79.795,22,0.9080000000000013
2020,8,monza,True,False,False,False,False,norris,British,mclaren,6,4,57,0,5,98,0,3,79.82,20,0.9329999999999927
2020,8,monza,True,False,False,False,False,ricciardo,Australian,renault,7,6,41,0,10,71,0,5,79.864,31,0.9770000000000039
2020,8,monza,True,False,False,False,False,stroll,Canadian,racing_point,8,3,57,0,4,82,0,4,80.049,21,1.1620000000000061
2020,8,monza,True,False,False,False,False,albon,Thai,red_bull,9,15,48,0,6,158,1,2,80.09,24,1.203000000000003
2020,8,monza,True,False,False,False,False,gasly,French,alphatauri,10,1,43,1,8,47,1,7,80.17699999999999,24,1.289999999999992
2020,8,monza,True,False,False,False,False,kvyat,Russian,alphatauri,11,9,4,0,15,47,1,7,80.169,26,1.2819999999999965
2020,8,monza,True,False,False,False,False,ocon,French,renault,12,8,30,0,12,71,0,5,80.23400000000001,23,1.3470000000000084
2020,8,monza,True,False,False,False,False,leclerc,Monegasque,ferrari,13,18,45,0,7,61,0,6,80.273,22,1.3859999999999957
2020,8,monza,True,False,False,False,False,raikkonen,Finnish,alfa,14,13,0,0,19,2,0,8,80.926,40,2.0390000000000015
2020,8,monza,True,False,False,False,False,kevin_magnussen,Danish,haas,15,19,1,0,17,1,0,9,81.57300000000001,27,2.686000000000007
2020,8,monza,True,False,False,False,False,grosjean,French,haas,16,12,0,0,20,1,0,9,81.139,34,2.2519999999999953
2020,8,monza,True,False,False,False,False,vettel,German,ferrari,17,20,16,0,13,61,0,6,81.151,33,2.263999999999996
2020,8,monza,True,False,False,False,False,giovinazzi,Italian,alfa,18,16,2,0,16,2,0,8,81.206,26,2.3190000000000026
2020,8,monza,True,False,False,False,False,russell,British,williams,19,14,0,0,21,0,0,10,81.587,22,2.700000000000003
2020,8,monza,True,False,False,False,False,latifi,Canadian,williams,20,11,0,0,18,0,0,10,81.717,25,2.8299999999999983
2020,9,mugello,True,False,False,False,False,hamilton,British,mercedes,1,1,190,6,1,325,7,1,75.144,35,0.0
2020,9,mugello,True,False,False,False,False,bottas,Finnish,mercedes,2,2,135,1,2,325,7,1,75.203,31,0.0589999999999975
2020,9,mugello,True,False,False,False,False,max_verstappen,Dutch,red_bull,3,19,110,1,3,173,1,2,75.509,22,0.3649999999999949
2020,9,mugello,True,False,False,False,False,albon,Thai,red_bull,4,3,63,0,5,173,1,2,75.95400000000001,24,0.8100000000000023
2020,9,mugello,True,False,False,False,False,leclerc,Monegasque,ferrari,5,8,49,0,8,66,0,6,76.27,22,1.1259999999999906
2020,9,mugello,True,False,False,False,False,stroll,Canadian,racing_point,6,13,57,0,6,92,0,4,76.356,21,1.211999999999989
2020,9,mugello,True,False,False,False,False,perez,Mexican,racing_point,7,5,44,0,9,92,0,4,76.311,30,1.1670000000000016
2020,9,mugello,True,False,False,False,False,ricciardo,Australian,renault,8,4,53,0,7,83,0,5,76.543,31,1.399000000000001
2020,9,mugello,True,False,False,False,False,sainz,Spanish,mclaren,9,18,41,0,11,106,0,3,77.87,26,2.725999999999999
2020,9,mugello,True,False,False,False,False,norris,British,mclaren,11,6,65,0,4,106,0,3,76.64,20,1.4959999999999951
2020,9,mugello,True,False,False,False,False,kvyat,Russian,alphatauri,12,7,10,0,14,53,1,7,76.854,26,1.7099999999999937
2020,9,mugello,True,False,False,False,False,raikkonen,Finnish,alfa,13,9,2,0,16,4,0,8,76.854,40,1.7099999999999937
2020,9,mugello,True,False,False,False,False,vettel,German,ferrari,14,10,17,0,13,66,0,6,76.858,33,1.7139999999999986
2020,9,mugello,True,False,False,False,False,grosjean,French,haas,15,12,0,0,21,1,0,9,77.254,34,2.1099999999999994
2020,9,mugello,True,False,False,False,False,gasly,French,alphatauri,16,20,43,1,10,53,1,7,77.125,24,1.9809999999999945
2020,9,mugello,True,False,False,False,False,giovinazzi,Italian,alfa,17,17,2,0,17,4,0,8,77.22,26,2.0759999999999934
2020,9,mugello,True,False,False,False,False,russell,British,williams,18,11,0,0,20,0,0,10,77.232,22,2.087999999999994
2020,9,mugello,True,False,False,False,False,latifi,Canadian,williams,19,15,0,0,19,0,0,10,77.32,25,2.1759999999999877
2020,9,mugello,True,False,False,False,False,kevin_magnussen,Danish,haas,20,16,1,0,18,1,0,9,77.348,27,2.2039999999999935
2020,10,sochi,True,False,False,False,False,hamilton,British,mercedes,1,3,205,6,1,366,8,1,91.304,35,0.0
2020,10,sochi,True,False,False,False,False,max_verstappen,Dutch,red_bull,2,2,128,1,3,192,1,2,91.867,22,0.5630000000000024
2020,10,sochi,True,False,False,False,False,bottas,Finnish,mercedes,3,1,161,2,2,366,8,1,91.956,31,0.652000000000001
2020,10,sochi,True,False,False,False,False,perez,Mexican,racing_point,4,4,56,0,9,104,0,4,92.31700000000001,30,1.0130000000000052
2020,10,sochi,True,False,False,False,False,ricciardo,Australian,renault,5,5,63,0,6,99,0,5,92.364,31,1.0600000000000023
2020,10,sochi,True,False,False,False,False,sainz,Spanish,mclaren,6,19,41,0,11,106,0,3,92.55,26,1.2459999999999951
2020,10,sochi,True,False,False,False,False,ocon,French,renault,7,7,36,0,12,99,0,5,92.624,24,1.3199999999999932
2020,10,sochi,True,False,False,False,False,norris,British,mclaren,8,15,65,0,4,106,0,3,92.84700000000001,20,1.5430000000000064
2020,10,sochi,True,False,False,False,False,gasly,French,alphatauri,9,9,45,1,10,59,1,7,93.0,24,1.695999999999998
2020,10,sochi,True,False,False,False,False,leclerc,Monegasque,ferrari,10,6,57,0,7,74,0,6,93.239,22,1.9350000000000023
2020,10,sochi,True,False,False,False,False,kvyat,Russian,alphatauri,11,8,14,0,14,59,1,7,93.249,26,1.9449999999999932
2020,10,sochi,True,False,False,False,False,stroll,Canadian,racing_point,12,20,57,0,8,104,0,4,93.364,21,2.0600000000000023
2020,10,sochi,True,False,False,False,False,russell,British,williams,13,18,0,0,20,0,0,10,93.583,22,2.2789999999999964
2020,10,sochi,True,False,False,False,False,vettel,German,ferrari,14,13,17,0,13,74,0,6,93.60900000000001,33,2.305000000000007
2020,10,sochi,True,False,False,False,False,albon,Thai,red_bull,15,10,64,0,5,192,1,2,93.00800000000001,24,1.7040000000000077
2020,10,sochi,True,False,False,False,False,grosjean,French,haas,16,17,0,0,21,1,0,9,94.592,34,3.2879999999999967
2020,10,sochi,True,False,False,False,False,giovinazzi,Italian,alfa,17,11,2,0,17,4,0,8,94.594,26,3.289999999999992
2020,10,sochi,True,False,False,False,False,kevin_magnussen,Danish,haas,18,12,1,0,18,1,0,9,94.681,27,3.3769999999999953
2020,10,sochi,True,False,False,False,False,raikkonen,Finnish,alfa,19,14,2,0,16,4,0,8,95.267,40,3.962999999999994
2020,10,sochi,True,False,False,False,False,latifi,Canadian,williams,20,16,0,0,19,0,0,10,95.066,25,3.7620000000000005
2020,11,nurburgring,False,False,False,False,False,bottas,Finnish,mercedes,1,19,161,2,2,391,9,1,85.269,31,0.0
2020,11,nurburgring,False,False,False,False,False,hamilton,British,mercedes,2,1,230,7,1,391,9,1,85.525,35,0.2560000000000002
2020,11,nurburgring,False,False,False,False,False,max_verstappen,Dutch,red_bull,3,2,147,1,3,211,1,2,85.562,23,0.29299999999999216
2020,11,nurburgring,False,False,False,False,False,leclerc,Monegasque,ferrari,4,7,63,0,8,80,0,6,86.035,22,0.7659999999999911
2020,11,nurburgring,False,False,False,False,False,albon,Thai,red_bull,5,17,64,0,7,211,1,2,86.047,24,0.7779999999999916
2020,11,nurburgring,False,False,False,False,False,ricciardo,Australian,renault,6,3,78,0,4,114,0,5,86.223,31,0.9539999999999935
2020,11,nurburgring,False,False,False,False,False,ocon,French,renault,7,18,36,0,12,114,0,5,86.242,24,0.972999999999999
2020,11,nurburgring,False,False,False,False,False,norris,British,mclaren,8,16,65,0,6,116,0,4,86.458,20,1.188999999999993
2020,11,nurburgring,False,False,False,False,False,perez,Mexican,racing_point,9,4,68,0,5,120,0,3,86.70400000000001,30,1.4350000000000023
2020,11,nurburgring,False,False,False,False,False,sainz,Spanish,mclaren,10,5,51,0,11,116,0,4,86.709,26,1.4399999999999977
2020,11,nurburgring,False,False,False,False,False,vettel,German,ferrari,11,11,17,0,13,80,0,6,86.738,33,1.468999999999994
2020,11,nurburgring,False,False,False,False,False,gasly,French,alphatauri,12,6,53,1,10,67,1,7,86.776,24,1.5069999999999908
2020,11,nurburgring,False,False,False,False,False,kvyat,Russian,alphatauri,13,15,14,0,14,67,1,7,86.848,26,1.5789999999999935
2020,11,nurburgring,False,False,False,False,False,giovinazzi,Italian,alfa,14,10,3,0,16,5,0,8,86.936,26,1.6670000000000016
2020,11,nurburgring,False,False,False,False,False,kevin_magnussen,Danish,haas,15,13,1,0,19,3,0,9,87.125,28,1.8559999999999945
2020,11,nurburgring,False,False,False,False,False,grosjean,French,haas,16,9,2,0,18,3,0,9,87.55199999999999,34,2.282999999999987
2020,11,nurburgring,False,False,False,False,False,russell,British,williams,17,20,0,0,21,0,0,10,87.564,22,2.2949999999999875
2020,11,nurburgring,False,False,False,False,False,latifi,Canadian,williams,18,14,0,0,20,0,0,10,87.812,25,2.542999999999992
2020,11,nurburgring,False,False,False,False,False,raikkonen,Finnish,alfa,19,12,2,0,17,5,0,8,87.81700000000001,40,2.548000000000002
2020,11,nurburgring,False,False,False,False,False,hulkenberg,German,racing_point,20,8,10,0,15,120,0,3,88.021,33,2.7519999999999953
2020,12,portimao,False,False,False,False,True,hamilton,British,mercedes,1,1,256,8,1,435,10,1,76.652,35,0.0
2020,12,portimao,False,False,False,False,True,bottas,Finnish,mercedes,2,2,179,2,2,435,10,1,76.754,31,0.10200000000000387
2020,12,portimao,False,False,False,False,True,max_verstappen,Dutch,red_bull,3,3,162,1,3,226,1,2,76.904,23,0.25199999999999534
2020,12,portimao,False,False,False,False,True,leclerc,Monegasque,ferrari,4,4,75,0,5,93,0,6,77.09,23,0.4380000000000024
2020,12,portimao,False,False,False,False,True,perez,Mexican,racing_point,5,7,74,0,6,126,0,3,77.223,30,0.570999999999998
2020,12,portimao,False,False,False,False,True,albon,Thai,red_bull,6,12,64,0,8,226,1,2,77.437,24,0.7849999999999966
2020,12,portimao,False,False,False,False,True,sainz,Spanish,mclaren,7,6,59,0,10,124,0,4,77.52,26,0.867999999999995
2020,12,portimao,False,False,False,False,True,norris,British,mclaren,8,13,65,0,7,124,0,4,77.525,20,0.8730000000000047
2020,12,portimao,False,False,False,False,True,gasly,French,alphatauri,9,5,63,1,9,77,1,7,77.803,24,1.1509999999999962
2020,12,portimao,False,False,False,False,True,ocon,French,renault,11,8,40,0,12,120,0,5,77.614,24,0.9620000000000033
2020,12,portimao,False,False,False,False,True,stroll,Canadian,racing_point,12,20,57,0,11,126,0,3,77.626,21,0.9740000000000038
2020,12,portimao,False,False,False,False,True,kvyat,Russian,alphatauri,13,19,14,0,14,77,1,7,77.72800000000001,26,1.0760000000000076
2020,12,portimao,False,False,False,False,True,russell,British,williams,14,14,0,0,21,0,0,10,77.788,22,1.1359999999999957
2020,12,portimao,False,False,False,False,True,vettel,German,ferrari,15,10,18,0,13,93,0,6,77.919,33,1.266999999999996
2020,12,portimao,False,False,False,False,True,raikkonen,Finnish,alfa,16,11,2,0,17,5,0,8,78.201,41,1.5489999999999924
2020,12,portimao,False,False,False,False,True,giovinazzi,Italian,alfa,17,15,3,0,16,5,0,8,78.32300000000001,26,1.6710000000000065
2020,12,portimao,False,False,False,False,True,grosjean,French,haas,18,17,2,0,18,3,0,9,78.364,34,1.7120000000000033
2020,12,portimao,False,False,False,False,True,kevin_magnussen,Danish,haas,19,16,1,0,19,3,0,9,78.508,28,1.8559999999999945
2020,12,portimao,False,False,False,False,True,latifi,Canadian,williams,20,18,0,0,20,0,0,10,78.777,25,2.125
2020,13,imola,False,False,False,False,True,bottas,Finnish,mercedes,1,2,197,2,2,479,11,1,73.609,31,0.0
2020,13,imola,False,False,False,False,True,hamilton,British,mercedes,2,1,282,9,1,479,11,1,73.706,35,0.09700000000000841
2020,13,imola,False,False,False,False,True,max_verstappen,Dutch,red_bull,3,17,162,1,3,226,1,2,74.176,23,0.5670000000000073
2020,13,imola,False,False,False,False,True,gasly,French,alphatauri,4,20,63,1,10,89,1,7,74.502,24,0.8930000000000007
2020,13,imola,False,False,False,False,True,ricciardo,Australian,renault,5,3,95,0,4,135,0,3,74.52,31,0.9110000000000014
2020,13,imola,False,False,False,False,True,albon,Thai,red_bull,6,15,64,0,9,226,1,2,74.572,24,0.9630000000000081
2020,13,imola,False,False,False,False,True,leclerc,Monegasque,ferrari,7,5,85,0,5,103,0,6,74.616,23,1.007000000000005
2020,13,imola,False,False,False,False,True,kvyat,Russian,alphatauri,8,4,26,0,13,89,1,7,74.696,26,1.0870000000000033
2020,13,imola,False,False,False,False,True,norris,British,mclaren,9,8,69,0,7,134,0,4,74.814,20,1.2049999999999983
2020,13,imola,False,False,False,False,True,sainz,Spanish,mclaren,10,7,65,0,8,134,0,4,74.911,26,1.3020000000000067
2020,13,imola,False,False,False,False,True,perez,Mexican,racing_point,11,6,82,0,6,134,0,5,75.061,30,1.4520000000000124
2020,13,imola,False,False,False,False,True,ocon,French,renault,12,19,40,0,12,135,0,3,75.201,24,1.5919999999999987
2020,13,imola,False,False,False,False,True,russell,British,williams,13,16,0,0,21,0,0,10,75.32300000000001,22,1.7140000000000128
2020,13,imola,False,False,False,False,True,vettel,German,ferrari,14,12,18,0,14,103,0,6,75.385,33,1.7760000000000105
2020,13,imola,False,False,False,False,True,stroll,Canadian,racing_point,15,13,57,0,11,134,0,5,75.494,22,1.8850000000000051
2020,13,imola,False,False,False,False,True,grosjean,French,haas,16,14,2,0,18,3,0,9,75.918,34,2.3090000000000117
2020,13,imola,False,False,False,False,True,kevin_magnussen,Danish,haas,17,18,1,0,19,3,0,9,75.939,28,2.3299999999999983
2020,13,imola,False,False,False,False,True,raikkonen,Finnish,alfa,18,9,4,0,16,8,0,8,75.953,41,2.3440000000000083
2020,13,imola,False,False,False,False,True,latifi,Canadian,williams,19,11,0,0,20,0,0,10,75.987,25,2.378
2020,13,imola,False,False,False,False,True,giovinazzi,Italian,alfa,20,10,4,0,17,8,0,8,76.208,26,2.5990000000000038
2020,14,istanbul,False,False,False,True,False,stroll,Canadian,racing_point,1,9,59,0,11,154,0,3,107.765,22,0.0
2020,14,istanbul,False,False,False,True,False,max_verstappen,Dutch,red_bull,2,6,170,1,3,240,1,2,108.055,23,0.29000000000000625
2020,14,istanbul,False,False,False,True,False,perez,Mexican,racing_point,3,2,100,0,4,154,0,3,109.321,30,1.5559999999999974
2020,14,istanbul,False,False,False,True,False,albon,Thai,red_bull,4,7,70,0,9,240,1,2,110.44800000000001,24,2.683000000000007
2020,14,istanbul,False,False,False,True,False,ricciardo,Australian,renault,5,10,96,0,6,136,0,5,111.595,31,3.8299999999999983
2020,14,istanbul,False,False,False,True,False,hamilton,British,mercedes,6,1,307,10,1,504,12,1,112.56,35,4.795000000000002
2020,14,istanbul,False,False,False,True,False,ocon,French,renault,7,11,40,0,12,136,0,5,112.622,24,4.856999999999999
2020,14,istanbul,False,False,False,True,False,raikkonen,Finnish,alfa,8,15,4,0,16,8,0,8,112.745,41,4.980000000000004
2020,14,istanbul,False,False,False,True,False,bottas,Finnish,mercedes,9,14,197,2,2,504,12,1,113.25800000000001,31,5.493000000000009
2020,14,istanbul,False,False,False,True,False,giovinazzi,Italian,alfa,10,20,4,0,17,8,0,8,117.226,26,9.460999999999999
2020,14,istanbul,False,False,False,True,False,vettel,German,ferrari,11,3,33,0,13,130,0,6,115.169,33,7.403999999999996
2020,14,istanbul,False,False,False,True,False,leclerc,Monegasque,ferrari,12,4,97,0,5,130,0,6,116.696,23,8.930999999999997
2020,14,istanbul,False,False,False,True,False,kevin_magnussen,Danish,haas,13,17,1,0,19,3,0,9,128.007,28,20.242000000000004
2020,14,istanbul,False,False,False,True,False,norris,British,mclaren,14,8,74,0,8,149,0,4,114.945,21,7.179999999999993
2020,14,istanbul,False,False,False,True,False,sainz,Spanish,mclaren,15,5,75,0,7,149,0,4,115.41,26,7.644999999999996
2020,14,istanbul,False,False,False,True,False,kvyat,Russian,alphatauri,16,12,26,0,14,89,1,7,129.07,26,21.304999999999993
2020,14,istanbul,False,False,False,True,False,grosjean,French,haas,17,18,2,0,18,3,0,9,132.909,34,25.14399999999999
2020,14,istanbul,False,False,False,True,False,gasly,French,alphatauri,19,13,63,1,10,89,1,7,118.556,24,10.790999999999997
2020,15,bahrain,True,False,False,False,False,hamilton,British,mercedes,1,1,332,11,1,533,13,1,87.264,35,0.0
2020,15,bahrain,True,False,False,False,False,bottas,Finnish,mercedes,2,8,201,2,2,533,13,1,87.553,31,0.2890000000000015
2020,15,bahrain,True,False,False,False,False,max_verstappen,Dutch,red_bull,3,2,189,1,3,274,1,2,87.678,23,0.4140000000000015
2020,15,bahrain,True,False,False,False,False,albon,Thai,red_bull,4,3,85,0,9,274,1,2,88.274,24,1.0100000000000051
2020,15,bahrain,True,False,False,False,False,perez,Mexican,racing_point,5,18,100,0,5,154,0,4,88.322,30,1.058000000000007
2020,15,bahrain,True,False,False,False,False,ricciardo,Australian,renault,6,7,102,0,4,144,0,5,88.417,31,1.1530000000000058
2020,15,bahrain,True,False,False,False,False,ocon,French,renault,7,9,42,0,12,144,0,5,88.419,24,1.1550000000000011
2020,15,bahrain,True,False,False,False,False,gasly,French,alphatauri,8,6,71,1,10,97,1,7,88.44800000000001,24,1.1840000000000117
2020,15,bahrain,True,False,False,False,False,norris,British,mclaren,9,4,86,0,7,171,0,3,88.542,21,1.2780000000000058
2020,15,bahrain,True,False,False,False,False,kvyat,Russian,alphatauri,10,11,26,0,14,97,1,7,88.618,26,1.3539999999999992
2020,15,bahrain,True,False,False,False,False,vettel,German,ferrari,11,13,33,0,13,131,0,6,89.149,33,1.8850000000000051
2020,15,bahrain,True,False,False,False,False,leclerc,Monegasque,ferrari,12,10,98,0,6,131,0,6,89.16499999999999,23,1.9009999999999962
2020,15,bahrain,True,False,False,False,False,stroll,Canadian,racing_point,13,19,59,0,11,154,0,4,89.557,22,2.2930000000000064
2020,15,bahrain,True,False,False,False,False,russell,British,williams,14,12,0,0,21,0,0,10,91.218,22,3.9540000000000077
2020,15,bahrain,True,False,False,False,False,giovinazzi,Italian,alfa,16,16,4,0,17,8,0,8,89.491,26,2.227000000000004
2020,15,bahrain,True,False,False,False,False,raikkonen,Finnish,alfa,17,15,4,0,16,8,0,8,89.81,41,2.5460000000000065
2020,15,bahrain,True,False,False,False,False,kevin_magnussen,Danish,haas,18,17,1,0,19,3,0,9,90.111,28,2.8470000000000084
2020,15,bahrain,True,False,False,False,False,grosjean,French,haas,19,20,2,0,18,3,0,9,90.138,34,2.8740000000000094
2020,15,bahrain,True,False,False,False,False,latifi,Canadian,williams,20,14,0,0,20,0,0,10,90.182,25,2.9180000000000064
2020,16,bahrain,True,False,False,False,False,bottas,Finnish,mercedes,1,8,205,2,2,540,13,1,53.377,31,0.0
2020,16,bahrain,True,False,False,False,False,russell,British,mercedes,2,9,3,0,18,540,13,1,53.403,22,0.02599999999999625
2020,16,bahrain,True,False,False,False,False,max_verstappen,Dutch,red_bull,3,19,189,1,3,282,1,2,53.433,23,0.055999999999997385
2020,16,bahrain,True,False,False,False,False,leclerc,Monegasque,ferrari,4,20,98,0,6,131,0,6,53.613,23,0.2359999999999971
2020,16,bahrain,True,False,False,False,False,perez,Mexican,racing_point,5,1,125,1,4,194,1,3,53.79,30,0.4129999999999967
2020,16,bahrain,True,False,False,False,False,kvyat,Russian,alphatauri,6,7,32,0,14,103,1,7,53.906,26,0.5289999999999964
2020,16,bahrain,True,False,False,False,False,ricciardo,Australian,renault,7,5,112,0,5,172,0,5,53.957,31,0.5799999999999983
2020,16,bahrain,True,False,False,False,False,sainz,Spanish,mclaren,8,4,97,0,7,184,0,4,54.01,26,0.6329999999999956
2020,16,bahrain,True,False,False,False,False,gasly,French,alphatauri,9,11,71,1,11,103,1,7,54.154,24,0.777000000000001
2020,16,bahrain,True,False,False,False,False,stroll,Canadian,racing_point,10,3,74,0,10,194,1,3,54.2,22,0.8230000000000004
2020,16,bahrain,True,False,False,False,False,ocon,French,renault,11,2,60,0,12,172,0,5,53.995,24,0.617999999999995
2020,16,bahrain,True,False,False,False,False,albon,Thai,red_bull,12,6,93,0,8,282,1,2,54.026,24,0.6490000000000009
2020,16,bahrain,True,False,False,False,False,vettel,German,ferrari,13,12,33,0,13,131,0,6,54.175,33,0.7979999999999947
2020,16,bahrain,True,False,False,False,False,giovinazzi,Italian,alfa,14,13,4,0,17,8,0,8,54.377,26,1.0
2020,16,bahrain,True,False,False,False,False,kevin_magnussen,Danish,haas,15,15,1,0,20,3,0,9,54.693,28,1.3159999999999954
2020,16,bahrain,True,False,False,False,False,latifi,Canadian,williams,16,18,0,0,21,0,0,10,54.705,25,1.3279999999999959
2020,16,bahrain,True,False,False,False,False,aitken,British,williams,17,16,0,0,22,0,0,10,54.796,25,1.418999999999997
2020,16,bahrain,True,False,False,False,False,raikkonen,Finnish,alfa,18,14,4,0,16,8,0,8,54.892,41,1.5150000000000006
2020,16,bahrain,True,False,False,False,False,norris,British,mclaren,19,10,87,0,9,184,0,4,54.963,21,1.5859999999999985
2020,16,bahrain,True,False,False,False,False,pietro_fittipaldi,Brazilian,haas,20,17,0,0,23,3,0,9,55.426,24,2.0489999999999995
2020,17,yas_marina,True,False,False,False,False,max_verstappen,Dutch,red_bull,1,1,214,2,3,319,2,2,95.24600000000001,23,0.0
2020,17,yas_marina,True,False,False,False,False,bottas,Finnish,mercedes,2,2,223,2,2,573,13,1,95.271,31,0.024999999999991473
2020,17,yas_marina,True,False,False,False,False,hamilton,British,mercedes,3,3,347,11,1,573,13,1,95.332,35,0.08599999999998431
2020,17,yas_marina,True,False,False,False,False,norris,British,mclaren,4,5,97,0,9,202,0,3,95.497,21,0.25099999999999056
2020,17,yas_marina,True,False,False,False,False,albon,Thai,red_bull,5,4,105,0,7,319,2,2,95.571,24,0.32499999999998863
2020,17,yas_marina,True,False,False,False,False,sainz,Spanish,mclaren,6,6,105,0,6,202,0,3,95.815,26,0.5689999999999884
2020,17,yas_marina,True,False,False,False,False,kvyat,Russian,alphatauri,7,11,32,0,14,107,1,7,95.963,26,0.7169999999999845
2020,17,yas_marina,True,False,False,False,False,stroll,Canadian,racing_point,8,10,75,0,11,195,1,4,96.04599999999999,22,0.799999999999983
2020,17,yas_marina,True,False,False,False,False,gasly,French,alphatauri,9,8,75,1,10,107,1,7,96.24199999999999,24,0.9959999999999809
2020,17,yas_marina,True,False,False,False,False,ocon,French,renault,10,9,62,0,12,181,0,5,96.35900000000001,24,1.1129999999999995
2020,17,yas_marina,True,False,False,False,False,ricciardo,Australian,renault,11,7,119,0,5,181,0,5,96.406,31,1.1599999999999966
2020,17,yas_marina,True,False,False,False,False,leclerc,Monegasque,ferrari,12,13,98,0,8,131,0,6,96.065,23,0.8189999999999884
2020,17,yas_marina,True,False,False,False,False,vettel,German,ferrari,13,14,33,0,13,131,0,6,96.631,33,1.384999999999991
2020,17,yas_marina,True,False,False,False,False,giovinazzi,Italian,alfa,14,16,4,0,17,8,0,8,98.24799999999999,26,3.001999999999981
2020,17,yas_marina,True,False,False,False,False,raikkonen,Finnish,alfa,15,12,4,0,16,8,0,8,97.555,41,2.3089999999999975
2020,17,yas_marina,True,False,False,False,False,russell,British,williams,16,15,3,0,18,0,0,10,98.045,22,2.7989999999999924
2020,17,yas_marina,True,False,False,False,False,pietro_fittipaldi,Brazilian,haas,17,19,0,0,23,3,0,9,98.173,24,2.9269999999999925
2020,17,yas_marina,True,False,False,False,False,latifi,Canadian,williams,18,17,0,0,21,0,0,10,98.443,25,3.1969999999999885
2020,17,yas_marina,True,False,False,False,False,kevin_magnussen,Danish,haas,20,18,1,0,20,3,0,9,97.863,28,2.6169999999999902
2021,1,bahrain,False,False,False,False,False,max_verstappen,Dutch,red_bull,1,2,18,0,2,28,0,2,88.997,23,0.0
2021,1,bahrain,False,False,False,False,False,hamilton,British,mercedes,2,1,25,1,1,41,1,1,89.385,36,0.38800000000000523
2021,1,bahrain,False,False,False,False,False,bottas,Finnish,mercedes,3,3,16,0,3,41,1,1,89.586,31,0.5889999999999986
2021,1,bahrain,False,False,False,False,False,leclerc,Monegasque,ferrari,4,6,8,0,6,12,0,4,89.678,23,0.6809999999999974
2021,1,bahrain,False,False,False,False,False,gasly,French,alphatauri,5,17,0,0,17,2,0,5,89.809,25,0.8119999999999976
2021,1,bahrain,False,False,False,False,False,ricciardo,Australian,mclaren,6,7,6,0,7,18,0,3,89.92699999999999,31,0.9299999999999926
2021,1,bahrain,False,False,False,False,False,norris,British,mclaren,7,4,12,0,4,18,0,3,89.974,21,0.9770000000000039
2021,1,bahrain,False,False,False,False,False,sainz,Spanish,ferrari,8,8,4,0,8,12,0,4,90.215,26,1.2180000000000035
2021,1,bahrain,False,False,False,False,False,alonso,Spanish,alpine,9,19,0,0,19,0,0,8,90.249,39,1.2519999999999953
2021,1,bahrain,False,False,False,False,False,stroll,Canadian,aston_martin,10,10,1,0,10,1,0,6,90.601,22,1.6039999999999992
2021,1,bahrain,False,False,False,False,False,giovinazzi,Italian,alfa,12,12,0,0,12,0,0,7,90.708,27,1.7109999999999985
2021,1,bahrain,False,False,False,False,False,tsunoda,Japanese,alphatauri,13,9,2,0,9,2,0,5,91.203,20,2.206000000000003
2021,1,bahrain,False,False,False,False,False,raikkonen,Finnish,alfa,14,11,0,0,11,0,0,7,91.238,41,2.2409999999999997
2021,1,bahrain,False,False,False,False,False,russell,British,williams,15,14,0,0,14,0,0,9,93.43,23,4.433000000000007
2021,1,bahrain,False,False,False,False,False,ocon,French,alpine,16,13,0,0,13,0,0,8,91.724,24,2.727000000000004
2021,1,bahrain,False,False,False,False,False,latifi,Canadian,williams,17,18,0,0,18,0,0,9,91.936,25,2.939000000000007
2021,1,bahrain,False,False,False,False,False,mick_schumacher,German,haas,18,16,0,0,16,0,0,10,92.449,22,3.451999999999998
2021,1,bahrain,False,False,False,False,False,mazepin,Russian,haas,19,20,0,0,20,0,0,10,93.273,22,4.275999999999996
2021,1,bahrain,False,False,False,False,False,vettel,German,aston_martin,20,15,0,0,15,1,0,6,92.056,33,3.0589999999999975
2021,2,imola,False,False,False,True,False,hamilton,British,mercedes,1,2,44,1,1,60,1,1,74.411,36,0.0
2021,2,imola,False,False,False,True,False,perez,Mexican,red_bull,2,11,10,0,8,53,1,2,74.446,31,0.03499999999999659
2021,2,imola,False,False,False,True,False,max_verstappen,Dutch,red_bull,3,1,43,1,2,53,1,2,74.498,23,0.0870000000000033
2021,2,imola,False,False,False,True,False,leclerc,Monegasque,ferrari,4,4,20,0,4,34,0,4,74.74,23,0.3289999999999935
2021,2,imola,False,False,False,True,False,gasly,French,alphatauri,5,7,6,0,9,8,0,5,74.78999999999999,25,0.3789999999999907
2021,2,imola,False,False,False,True,False,ricciardo,Australian,mclaren,6,6,14,0,7,41,0,3,74.826,31,0.41499999999999204
2021,2,imola,False,False,False,True,False,norris,British,mclaren,7,3,27,0,3,41,0,3,74.875,21,0.46399999999999864
2021,2,imola,False,False,False,True,False,bottas,Finnish,mercedes,8,18,16,0,5,60,1,1,74.898,31,0.48699999999999477
2021,2,imola,False,False,False,True,False,ocon,French,alpine,9,9,2,0,12,3,0,7,75.21000000000001,24,0.7990000000000066
2021,2,imola,False,False,False,True,False,sainz,Spanish,ferrari,11,5,14,0,6,34,0,4,75.199,26,0.7879999999999967
2021,2,imola,False,False,False,True,False,russell,British,williams,12,19,0,0,16,0,0,9,75.261,23,0.8499999999999943
2021,2,imola,False,False,False,True,False,latifi,Canadian,williams,14,20,0,0,20,0,0,9,75.593,25,1.1820000000000022
2021,2,imola,False,False,False,True,False,alonso,Spanish,alpine,15,10,1,0,13,3,0,7,75.593,39,1.1820000000000022
2021,2,imola,False,False,False,True,False,raikkonen,Finnish,alfa,16,13,0,0,14,0,0,8,75.974,41,1.5630000000000024
2021,2,imola,False,False,False,True,False,giovinazzi,Italian,alfa,17,14,0,0,15,0,0,8,76.122,27,1.7109999999999985
2021,2,imola,False,False,False,True,False,mick_schumacher,German,haas,18,16,0,0,18,0,0,10,76.279,22,1.867999999999995
2021,2,imola,False,False,False,True,False,mazepin,Russian,haas,19,17,0,0,19,0,0,10,76.797,22,2.3859999999999957
2021,3,portimao,False,False,False,False,False,bottas,Finnish,mercedes,1,3,32,0,4,101,2,1,78.348,31,0.0
2021,3,portimao,False,False,False,False,False,hamilton,British,mercedes,2,1,69,2,1,101,2,1,78.355,36,0.007000000000005002
2021,3,portimao,False,False,False,False,False,max_verstappen,Dutch,red_bull,3,2,61,1,2,83,1,2,78.746,23,0.39799999999999613
2021,3,portimao,False,False,False,False,False,perez,Mexican,red_bull,4,4,22,0,6,83,1,2,78.89,31,0.5420000000000016
2021,3,portimao,False,False,False,False,False,sainz,Spanish,ferrari,5,11,14,0,8,42,0,4,79.039,26,0.6910000000000025
2021,3,portimao,False,False,False,False,False,ocon,French,alpine,6,7,8,0,9,13,0,5,79.042,24,0.6940000000000026
2021,3,portimao,False,False,False,False,False,norris,British,mclaren,7,5,37,0,3,53,0,3,79.116,21,0.7680000000000007
2021,3,portimao,False,False,False,False,False,leclerc,Monegasque,ferrari,8,6,28,0,5,42,0,4,79.306,23,0.9579999999999984
2021,3,portimao,False,False,False,False,False,gasly,French,alphatauri,9,10,7,0,10,9,0,6,79.475,25,1.1269999999999953
2021,3,portimao,False,False,False,False,False,vettel,German,aston_martin,10,13,0,0,16,5,0,7,79.65899999999999,33,1.3109999999999928
2021,3,portimao,False,False,False,False,False,russell,British,williams,11,16,0,0,17,0,0,9,79.10900000000001,23,0.7610000000000099
2021,3,portimao,False,False,False,False,False,giovinazzi,Italian,alfa,12,12,0,0,15,0,0,8,79.21600000000001,27,0.8680000000000092
2021,3,portimao,False,False,False,False,False,alonso,Spanish,alpine,13,8,5,0,12,13,0,5,79.456,39,1.108000000000004
2021,3,portimao,False,False,False,False,False,tsunoda,Japanese,alphatauri,14,15,2,0,13,9,0,6,79.463,20,1.1149999999999949
2021,3,portimao,False,False,False,False,False,raikkonen,Finnish,alfa,15,20,0,0,14,0,0,8,79.812,41,1.4639999999999986
2021,3,portimao,False,False,False,False,False,ricciardo,Australian,mclaren,16,9,16,0,7,53,0,3,79.839,31,1.4909999999999997
2021,3,portimao,False,False,False,False,False,stroll,Canadian,aston_martin,17,14,5,0,11,5,0,7,79.913,22,1.5649999999999977
2021,3,portimao,False,False,False,False,False,latifi,Canadian,williams,18,18,0,0,20,0,0,9,80.285,25,1.9369999999999976
2021,3,portimao,False,False,False,False,False,mick_schumacher,German,haas,19,17,0,0,18,0,0,10,80.452,22,2.103999999999999
2021,3,portimao,False,False,False,False,False,mazepin,Russian,haas,20,19,0,0,19,0,0,10,80.912,22,2.564000000000007
2021,4,catalunya,False,False,False,False,True,hamilton,British,mercedes,1,1,94,3,1,141,3,1,76.741,36,0.0
2021,4,catalunya,False,False,False,False,True,max_verstappen,Dutch,red_bull,2,2,80,1,2,112,1,2,76.777,23,0.036000000000001364
2021,4,catalunya,False,False,False,False,True,bottas,Finnish,mercedes,3,3,47,0,3,141,3,1,76.873,31,0.132000000000005
2021,4,catalunya,False,False,False,False,True,leclerc,Monegasque,ferrari,4,4,40,0,5,60,0,4,77.51,23,0.7690000000000055
2021,4,catalunya,False,False,False,False,True,ocon,French,alpine,5,9,10,0,9,15,0,5,77.58,24,0.8389999999999986
2021,4,catalunya,False,False,False,False,True,sainz,Spanish,ferrari,6,7,20,0,8,60,0,4,77.62,26,0.8790000000000049
2021,4,catalunya,False,False,False,False,True,ricciardo,Australian,mclaren,7,6,24,0,7,65,0,3,77.622,31,0.8810000000000002
2021,4,catalunya,False,False,False,False,True,perez,Mexican,red_bull,8,5,32,0,6,112,1,2,77.701,31,0.9599999999999937
2021,4,catalunya,False,False,False,False,True,norris,British,mclaren,9,8,41,0,4,65,0,3,78.01,21,1.2690000000000055
2021,4,catalunya,False,False,False,False,True,alonso,Spanish,alpine,10,17,5,0,12,15,0,5,78.14699999999999,39,1.4059999999999917
2021,4,catalunya,False,False,False,False,True,stroll,Canadian,aston_martin,11,11,5,0,11,5,0,7,77.974,22,1.233000000000004
2021,4,catalunya,False,False,False,False,True,gasly,French,alphatauri,12,10,8,0,10,10,0,6,77.982,25,1.2409999999999997
2021,4,catalunya,False,False,False,False,True,vettel,German,aston_martin,13,13,0,0,16,5,0,7,78.07900000000001,33,1.338000000000008
2021,4,catalunya,False,False,False,False,True,giovinazzi,Italian,alfa,14,15,0,0,15,0,0,8,78.356,27,1.6149999999999949
2021,4,catalunya,False,False,False,False,True,russell,British,williams,15,14,0,0,17,0,0,9,79.154,23,2.4129999999999967
2021,4,catalunya,False,False,False,False,True,tsunoda,Japanese,alphatauri,16,20,2,0,13,10,0,6,78.556,20,1.8149999999999977
2021,4,catalunya,False,False,False,False,True,raikkonen,Finnish,alfa,17,12,0,0,14,0,0,8,78.917,41,2.176000000000002
2021,4,catalunya,False,False,False,False,True,mick_schumacher,German,haas,18,18,0,0,18,0,0,10,79.117,22,2.3760000000000048
2021,4,catalunya,False,False,False,False,True,latifi,Canadian,williams,19,16,0,0,19,0,0,9,79.219,25,2.4779999999999944
2021,4,catalunya,False,False,False,False,True,mazepin,Russian,haas,20,19,0,0,20,0,0,10,79.807,22,3.0660000000000025
2021,5,monaco,True,False,False,False,False,leclerc,Monegasque,ferrari,1,20,40,0,6,78,0,4,70.346,23,0.0
2021,5,monaco,True,False,False,False,False,max_verstappen,Dutch,red_bull,2,1,105,2,1,149,2,1,70.576,23,0.22999999999998977
2021,5,monaco,True,False,False,False,False,bottas,Finnish,mercedes,3,19,47,0,4,148,3,2,70.601,31,0.25499999999999545
2021,5,monaco,True,False,False,False,False,sainz,Spanish,ferrari,4,2,38,0,7,78,0,4,70.611,26,0.26500000000000057
2021,5,monaco,True,False,False,False,False,norris,British,mclaren,5,3,56,0,3,80,0,3,70.62,21,0.2740000000000009
2021,5,monaco,True,False,False,False,False,gasly,French,alphatauri,6,6,16,0,9,18,0,6,70.9,25,0.554000000000002
2021,5,monaco,True,False,False,False,False,hamilton,British,mercedes,7,7,101,3,2,148,3,2,71.095,36,0.7489999999999952
2021,5,monaco,True,False,False,False,False,vettel,German,aston_martin,8,5,10,0,11,19,0,5,71.419,33,1.0729999999999933
2021,5,monaco,True,False,False,False,False,perez,Mexican,red_bull,9,4,44,0,5,149,2,1,71.57300000000001,31,1.2270000000000039
2021,5,monaco,True,False,False,False,False,giovinazzi,Italian,alfa,10,10,1,0,15,1,0,8,71.779,27,1.4329999999999927
2021,5,monaco,True,False,False,False,False,ocon,French,alpine,11,9,12,0,10,17,0,7,71.486,24,1.1400000000000006
2021,5,monaco,True,False,False,False,False,ricciardo,Australian,mclaren,12,12,24,0,8,80,0,3,71.598,31,1.2519999999999953
2021,5,monaco,True,False,False,False,False,stroll,Canadian,aston_martin,13,8,9,0,12,19,0,5,71.6,22,1.2539999999999907
2021,5,monaco,True,False,False,False,False,raikkonen,Finnish,alfa,14,11,0,0,16,1,0,8,71.642,41,1.2959999999999923
2021,5,monaco,True,False,False,False,False,russell,British,williams,15,14,0,0,17,0,0,9,71.83,23,1.4839999999999947
2021,5,monaco,True,False,False,False,False,tsunoda,Japanese,alphatauri,16,16,2,0,14,18,0,6,72.096,21,1.75
2021,5,monaco,True,False,False,False,False,alonso,Spanish,alpine,17,13,5,0,13,17,0,7,72.205,39,1.8589999999999947
2021,5,monaco,True,False,False,False,False,latifi,Canadian,williams,18,15,0,0,18,0,0,9,72.366,25,2.019999999999996
2021,5,monaco,True,False,False,False,False,mazepin,Russian,haas,19,17,0,0,20,0,0,10,72.958,22,2.6119999999999948
2021,6,baku,True,False,False,False,False,leclerc,Monegasque,ferrari,1,4,52,0,5,94,0,3,101.218,23,0.0
2021,6,baku,True,False,False,False,False,hamilton,British,mercedes,2,15,101,3,2,148,3,2,101.45,36,0.23199999999999932
2021,6,baku,True,False,False,False,False,max_verstappen,Dutch,red_bull,3,18,105,2,1,174,3,1,101.563,23,0.34499999999999886
2021,6,baku,True,False,False,False,False,gasly,French,alphatauri,4,3,31,0,8,39,0,5,101.565,25,0.3469999999999942
2021,6,baku,True,False,False,False,False,sainz,Spanish,ferrari,5,8,42,0,7,94,0,3,101.576,26,0.3579999999999899
2021,6,baku,True,False,False,False,False,perez,Mexican,red_bull,6,1,69,1,3,174,3,1,101.917,31,0.6989999999999981
2021,6,baku,True,False,False,False,False,tsunoda,Japanese,alphatauri,7,7,8,0,14,39,0,5,102.211,21,0.992999999999995
2021,6,baku,True,False,False,False,False,alonso,Spanish,alpine,8,6,13,0,11,25,0,7,102.327,39,1.1089999999999947
2021,6,baku,True,False,False,False,False,norris,British,mclaren,9,5,66,0,4,92,0,4,101.747,21,0.5289999999999964
2021,6,baku,True,False,False,False,False,bottas,Finnish,mercedes,10,12,47,0,6,148,3,2,102.65899999999999,31,1.4409999999999883
2021,6,baku,True,False,False,False,False,vettel,German,aston_martin,11,2,28,0,9,37,0,6,102.22399999999999,33,1.005999999999986
2021,6,baku,True,False,False,False,False,ocon,French,alpine,12,20,12,0,12,25,0,7,102.273,24,1.0549999999999926
2021,6,baku,True,False,False,False,False,ricciardo,Australian,mclaren,13,9,26,0,10,92,0,4,102.55799999999999,31,1.3399999999999892
2021,6,baku,True,False,False,False,False,raikkonen,Finnish,alfa,14,10,1,0,15,2,0,8,102.587,41,1.3689999999999998
2021,6,baku,True,False,False,False,False,russell,British,williams,15,17,0,0,18,0,0,10,102.75800000000001,23,1.5400000000000063
2021,6,baku,True,False,False,False,False,latifi,Canadian,williams,16,16,0,0,20,0,0,10,103.128,25,1.9099999999999966
2021,6,baku,True,False,False,False,False,mick_schumacher,German,haas,17,13,0,0,17,0,0,9,104.158,22,2.9399999999999977
2021,6,baku,True,False,False,False,False,mazepin,Russian,haas,18,14,0,0,19,0,0,9,104.238,22,3.019999999999996
2021,7,ricard,False,False,False,False,False,max_verstappen,Dutch,red_bull,1,1,131,3,1,215,4,1,89.99,23,0.0
2021,7,ricard,False,False,False,False,False,hamilton,British,mercedes,2,2,119,3,2,178,3,2,90.248,36,0.2580000000000098
2021,7,ricard,False,False,False,False,False,bottas,Finnish,mercedes,3,4,59,0,5,178,3,2,90.376,31,0.3860000000000099
2021,7,ricard,False,False,False,False,False,perez,Mexican,red_bull,4,3,84,1,3,215,4,1,90.445,31,0.4549999999999983
2021,7,ricard,False,False,False,False,False,sainz,Spanish,ferrari,5,11,42,0,7,94,0,4,90.84,26,0.8500000000000085
2021,7,ricard,False,False,False,False,False,gasly,French,alphatauri,6,7,37,0,8,45,0,5,90.868,25,0.8780000000000001
2021,7,ricard,False,False,False,False,False,leclerc,Monegasque,ferrari,7,16,52,0,6,94,0,4,90.987,23,0.9969999999999999
2021,7,ricard,False,False,False,False,False,norris,British,mclaren,8,5,76,0,4,110,0,3,91.252,21,1.2620000000000005
2021,7,ricard,False,False,False,False,False,alonso,Spanish,alpine,9,8,17,0,11,29,0,7,91.34,39,1.3500000000000085
2021,7,ricard,False,False,False,False,False,ricciardo,Australian,mclaren,10,6,34,0,9,110,0,3,91.382,31,1.3920000000000101
2021,7,ricard,False,False,False,False,False,ocon,French,alpine,11,14,12,0,12,29,0,7,91.736,24,1.7460000000000093
2021,7,ricard,False,False,False,False,False,vettel,German,aston_martin,12,9,30,0,10,40,0,6,91.767,33,1.777000000000001
2021,7,ricard,False,False,False,False,False,giovinazzi,Italian,alfa,13,15,1,0,16,2,0,8,91.813,27,1.8230000000000075
2021,7,ricard,False,False,False,False,False,russell,British,williams,14,12,0,0,17,0,0,9,92.065,23,2.075000000000003
2021,7,ricard,False,False,False,False,False,latifi,Canadian,williams,16,18,0,0,20,0,0,9,93.062,25,3.0720000000000027
2021,7,ricard,False,False,False,False,False,raikkonen,Finnish,alfa,17,17,1,0,15,2,0,8,93.354,41,3.3640000000000043
2021,7,ricard,False,False,False,False,False,mazepin,Russian,haas,18,20,0,0,19,0,0,10,93.554,22,3.564000000000007
2021,7,ricard,False,False,False,False,False,stroll,Canadian,aston_martin,19,10,10,0,13,40,0,6,132.584,22,42.59400000000001
2021,8,red_bull_ring,False,False,False,False,False,max_verstappen,Dutch,red_bull,1,1,156,4,1,252,5,1,63.841,23,0.0
2021,8,red_bull_ring,False,False,False,False,False,hamilton,British,mercedes,2,2,138,3,2,212,3,2,64.06700000000001,36,0.2260000000000062
2021,8,red_bull_ring,False,False,False,False,False,norris,British,mclaren,3,5,86,0,4,120,0,3,64.12,21,0.27900000000000347
2021,8,red_bull_ring,False,False,False,False,False,perez,Mexican,red_bull,4,4,96,1,3,252,5,1,64.168,31,0.3270000000000053
2021,8,red_bull_ring,False,False,False,False,False,bottas,Finnish,mercedes,5,3,74,0,5,212,3,2,64.035,31,0.1939999999999955
2021,8,red_bull_ring,False,False,False,False,False,gasly,French,alphatauri,6,20,37,0,8,46,0,5,64.236,25,0.3950000000000031
2021,8,red_bull_ring,False,False,False,False,False,leclerc,Monegasque,ferrari,7,7,58,0,6,108,0,4,64.472,23,0.6309999999999931
2021,8,red_bull_ring,False,False,False,False,False,alonso,Spanish,alpine,8,9,19,0,11,31,0,7,64.574,39,0.732999999999997
2021,8,red_bull_ring,False,False,False,False,False,stroll,Canadian,aston_martin,9,8,14,0,12,44,0,6,64.708,22,0.8669999999999973
2021,8,red_bull_ring,False,False,False,False,False,russell,British,williams,10,19,0,0,17,0,0,9,64.671,23,0.8300000000000054
2021,8,red_bull_ring,False,False,False,False,False,tsunoda,Japanese,alphatauri,11,10,9,0,14,46,0,5,64.514,21,0.6729999999999947
2021,8,red_bull_ring,False,False,False,False,False,sainz,Spanish,ferrari,12,6,50,0,7,108,0,4,64.8,26,0.9589999999999961
2021,8,red_bull_ring,False,False,False,False,False,ricciardo,Australian,mclaren,13,13,34,0,9,120,0,3,64.80799999999999,31,0.9669999999999916
2021,8,red_bull_ring,False,False,False,False,False,vettel,German,aston_martin,14,12,30,0,10,44,0,6,64.875,33,1.033999999999999
2021,8,red_bull_ring,False,False,False,False,False,giovinazzi,Italian,alfa,15,15,1,0,16,2,0,8,64.913,27,1.0719999999999956
2021,8,red_bull_ring,False,False,False,False,False,latifi,Canadian,williams,16,17,0,0,20,0,0,9,65.175,25,1.333999999999996
2021,8,red_bull_ring,False,False,False,False,False,ocon,French,alpine,17,14,12,0,13,31,0,7,65.217,24,1.3759999999999977
2021,8,red_bull_ring,False,False,False,False,False,raikkonen,Finnish,alfa,18,11,1,0,15,2,0,8,65.429,41,1.588000000000001
2021,8,red_bull_ring,False,False,False,False,False,mick_schumacher,German,haas,19,16,0,0,18,0,0,10,66.041,22,2.1999999999999957
2021,8,red_bull_ring,False,False,False,False,False,mazepin,Russian,haas,20,18,0,0,19,0,0,10,66.19200000000001,22,2.351000000000006
2021,9,red_bull_ring,False,False,False,False,True,max_verstappen,Dutch,red_bull,1,1,182,5,1,286,6,1,63.72,23,0.0
2021,9,red_bull_ring,False,False,False,False,True,norris,British,mclaren,2,3,101,0,4,141,0,3,63.768,21,0.04800000000000182
2021,9,red_bull_ring,False,False,False,False,True,perez,Mexican,red_bull,3,6,104,1,3,286,6,1,63.99,31,0.2700000000000031
2021,9,red_bull_ring,False,False,False,False,True,hamilton,British,mercedes,4,4,150,3,2,242,3,2,64.014,36,0.29399999999999693
2021,9,red_bull_ring,False,False,False,False,True,bottas,Finnish,mercedes,5,2,92,0,5,242,3,2,64.049,31,0.32900000000000773
2021,9,red_bull_ring,False,False,False,False,True,gasly,French,alphatauri,6,9,39,0,9,48,0,5,64.107,25,0.38700000000000045
2021,9,red_bull_ring,False,False,False,False,True,tsunoda,Japanese,alphatauri,7,12,9,0,14,48,0,5,64.273,21,0.5529999999999973
2021,9,red_bull_ring,False,False,False,False,True,russell,British,williams,8,11,0,0,17,0,0,9,64.591,23,0.8709999999999951
2021,9,red_bull_ring,False,False,False,False,True,stroll,Canadian,aston_martin,9,13,14,0,12,44,0,6,64.618,22,0.8979999999999961
2021,9,red_bull_ring,False,False,False,False,True,sainz,Spanish,ferrari,10,5,60,0,7,122,0,4,64.559,26,0.8389999999999986
2021,9,red_bull_ring,False,False,False,False,True,vettel,German,aston_martin,11,17,30,0,10,44,0,6,64.57,34,0.8499999999999943
2021,9,red_bull_ring,False,False,False,False,True,leclerc,Monegasque,ferrari,12,8,62,0,6,122,0,4,64.6,23,0.8799999999999955
2021,9,red_bull_ring,False,False,False,False,True,ricciardo,Australian,mclaren,13,7,40,0,8,141,0,3,64.719,32,0.9989999999999952
2021,9,red_bull_ring,False,False,False,False,True,alonso,Spanish,alpine,14,10,20,0,11,32,0,7,64.856,39,1.1359999999999957
2021,9,red_bull_ring,False,False,False,False,True,giovinazzi,Italian,alfa,15,14,1,0,16,2,0,8,65.083,27,1.3629999999999995
2021,9,red_bull_ring,False,False,False,False,True,raikkonen,Finnish,alfa,16,15,1,0,15,2,0,8,65.009,41,1.2890000000000015
2021,9,red_bull_ring,False,False,False,False,True,ocon,French,alpine,17,20,12,0,13,32,0,7,65.051,24,1.331000000000003
2021,9,red_bull_ring,False,False,False,False,True,latifi,Canadian,williams,18,16,0,0,20,0,0,9,65.195,26,1.4749999999999943
2021,9,red_bull_ring,False,False,False,False,True,mick_schumacher,German,haas,19,18,0,0,18,0,0,10,65.42699999999999,22,1.7069999999999936
2021,9,red_bull_ring,False,False,False,False,True,mazepin,Russian,haas,20,19,0,0,19,0,0,10,65.951,22,2.2309999999999945
2021,11,hungaroring,False,False,False,True,False,hamilton,British,mercedes,1,2,195,4,1,303,4,1,75.419,36,0.0
2021,11,hungaroring,False,False,False,True,False,bottas,Finnish,mercedes,2,16,108,0,4,303,4,1,75.734,31,0.3149999999999977
2021,11,hungaroring,False,False,False,True,False,max_verstappen,Dutch,red_bull,3,9,187,5,2,291,6,2,75.84,23,0.4210000000000065
2021,11,hungaroring,False,False,False,True,False,perez,Mexican,red_bull,4,17,104,1,5,291,6,2,76.42099999999999,31,1.0019999999999953
2021,11,hungaroring,False,False,False,True,False,gasly,French,alphatauri,5,5,50,0,8,68,0,6,76.483,25,1.0640000000000072
2021,11,hungaroring,False,False,False,True,False,norris,British,mclaren,6,15,113,0,3,163,0,4,76.489,21,1.0700000000000074
2021,11,hungaroring,False,False,False,True,False,leclerc,Monegasque,ferrari,7,18,80,0,7,163,0,3,76.496,23,1.0769999999999982
2021,11,hungaroring,False,False,False,True,False,ocon,French,alpine,8,1,39,1,10,77,1,5,76.65299999999999,24,1.2339999999999947
2021,11,hungaroring,False,False,False,True,False,alonso,Spanish,alpine,9,4,38,0,11,77,1,5,76.715,40,1.2960000000000065
2021,11,hungaroring,False,False,False,True,False,vettel,German,aston_martin,10,20,30,0,12,48,0,7,76.75,34,1.331000000000003
2021,11,hungaroring,False,False,False,True,False,ricciardo,Australian,mclaren,11,11,50,0,9,163,0,4,76.871,32,1.4519999999999982
2021,11,hungaroring,False,False,False,True,False,stroll,Canadian,aston_martin,12,19,18,0,14,48,0,7,76.893,22,1.4740000000000038
2021,11,hungaroring,False,False,False,True,False,raikkonen,Finnish,alfa,13,10,2,0,17,3,0,9,77.564,41,2.144999999999996
2021,11,hungaroring,False,False,False,True,False,tsunoda,Japanese,alphatauri,16,6,18,0,13,68,0,6,77.919,21,2.5
2021,11,hungaroring,False,False,False,True,False,russell,British,williams,17,8,4,0,16,10,0,8,77.944,23,2.5250000000000057
2021,11,hungaroring,False,False,False,True,False,latifi,Canadian,williams,18,7,6,0,15,10,0,8,78.036,26,2.6170000000000044
2021,11,hungaroring,False,False,False,True,False,mazepin,Russian,haas,19,14,0,0,20,0,0,10,78.922,22,3.503
2021,12,spa,False,False,False,True,False,max_verstappen,Dutch,red_bull,1,1,199,6,2,303,7,2,119.765,23,0.0
2021,12,spa,False,False,False,True,False,russell,British,williams,2,2,13,0,15,20,0,8,120.086,23,0.32099999999999795
2021,12,spa,False,False,False,True,False,hamilton,British,mercedes,3,3,202,4,1,310,4,1,120.099,36,0.3340000000000032
2021,12,spa,False,False,False,True,False,ricciardo,Australian,mclaren,4,4,56,0,8,169,0,3,120.864,32,1.0990000000000038
2021,12,spa,False,False,False,True,False,vettel,German,aston_martin,5,5,35,0,12,53,0,7,120.935,34,1.1700000000000017
2021,12,spa,False,False,False,True,False,gasly,French,alphatauri,6,6,54,0,9,72,0,6,121.164,25,1.399000000000001
2021,12,spa,False,False,False,True,False,ocon,French,alpine,8,7,42,1,10,80,1,5,123.513,24,3.7480000000000047
2021,12,spa,False,False,False,True,False,leclerc,Monegasque,ferrari,9,8,82,0,7,165,0,4,117.721,23,-2.043999999999997
2021,12,spa,False,False,False,True,False,latifi,Canadian,williams,10,9,7,0,16,20,0,8,118.056,26,-1.7090000000000032
2021,12,spa,False,False,False,True,False,sainz,Spanish,ferrari,11,10,83,0,6,165,0,4,118.137,26,-1.6280000000000001
2021,12,spa,False,False,False,True,False,alonso,Spanish,alpine,12,11,38,0,11,80,1,5,118.205,40,-1.5600000000000023
2021,12,spa,False,False,False,True,False,bottas,Finnish,mercedes,13,12,108,0,4,310,4,1,122.502,32,2.7369999999999948
2021,12,spa,False,False,False,True,False,giovinazzi,Italian,alfa,14,13,1,0,18,3,0,9,122.306,27,2.540999999999997
2021,12,spa,False,False,False,True,False,tsunoda,Japanese,alphatauri,16,15,18,0,13,72,0,6,122.413,21,2.647999999999996
2021,12,spa,False,False,False,True,False,mick_schumacher,German,haas,17,16,0,0,19,0,0,10,123.973,22,4.207999999999998
2021,12,spa,False,False,False,True,False,mazepin,Russian,haas,18,17,0,0,20,0,0,10,124.939,22,5.173999999999992
2021,12,spa,False,False,False,True,False,stroll,Canadian,aston_martin,19,20,18,0,14,53,0,7,118.231,22,-1.534000000000006
2021,13,zandvoort,True,False,False,False,False,max_verstappen,Dutch,red_bull,1,1,224,7,1,332,8,2,68.885,23,0.0
2021,13,zandvoort,True,False,False,False,False,hamilton,British,mercedes,2,2,221,4,2,344,4,1,68.923,36,0.0379999999999967
2021,13,zandvoort,True,False,False,False,False,bottas,Finnish,mercedes,3,3,123,0,3,344,4,1,69.222,32,0.3369999999999891
2021,13,zandvoort,True,False,False,False,False,gasly,French,alphatauri,4,4,66,0,8,84,0,6,69.478,25,0.5929999999999893
2021,13,zandvoort,True,False,False,False,False,leclerc,Monegasque,ferrari,5,5,92,0,6,181,0,3,69.527,23,0.6419999999999959
2021,13,zandvoort,True,False,False,False,False,sainz,Spanish,ferrari,6,7,89,0,7,181,0,3,69.537,27,0.652000000000001
2021,13,zandvoort,True,False,False,False,False,giovinazzi,Italian,alfa,7,14,1,0,18,3,0,9,69.59,27,0.7049999999999983
2021,13,zandvoort,True,False,False,False,False,ocon,French,alpine,8,9,44,1,11,90,1,5,69.93299999999999,24,1.0479999999999876
2021,13,zandvoort,True,False,False,False,False,alonso,Spanish,alpine,9,6,46,0,10,90,1,5,69.956,40,1.070999999999998
2021,13,zandvoort,True,False,False,False,False,ricciardo,Australian,mclaren,10,11,56,0,9,170,0,4,70.166,32,1.2809999999999917
2021,13,zandvoort,True,False,False,False,False,russell,British,williams,11,17,13,0,15,20,0,8,70.332,23,1.4469999999999885
2021,13,zandvoort,True,False,False,False,False,stroll,Canadian,aston_martin,12,12,18,0,14,53,0,7,70.367,22,1.4819999999999993
2021,13,zandvoort,True,False,False,False,False,norris,British,mclaren,13,10,114,0,4,170,0,4,70.406,21,1.5210000000000008
2021,13,zandvoort,True,False,False,False,False,tsunoda,Japanese,alphatauri,14,19,18,0,13,84,0,6,71.314,21,2.428999999999988
2021,13,zandvoort,True,False,False,False,False,vettel,German,aston_martin,15,13,35,0,12,53,0,7,70.731,34,1.8459999999999894
2021,13,zandvoort,True,False,False,False,False,kubica,Polish,alfa,16,15,0,0,21,3,0,9,71.301,36,2.415999999999997
2021,13,zandvoort,True,False,False,False,False,mick_schumacher,German,haas,17,18,0,0,19,0,0,10,71.387,22,2.5019999999999953
2021,13,zandvoort,True,False,False,False,False,mazepin,Russian,haas,18,20,0,0,20,0,0,10,71.875,22,2.989999999999995
2021,15,sochi,False,False,False,True,True,norris,British,mclaren,1,7,139,0,4,234,1,3,101.993,21,0.0
2021,15,sochi,False,False,False,True,True,sainz,Spanish,ferrari,2,3,112,0,6,216,0,4,102.50999999999999,27,0.5169999999999959
2021,15,sochi,False,False,False,True,True,russell,British,williams,3,10,16,0,15,23,0,8,102.983,23,0.9900000000000091
2021,15,sochi,False,False,False,True,True,hamilton,British,mercedes,4,1,246,5,1,397,5,1,104.05,36,2.057000000000002
2021,15,sochi,False,False,False,True,True,ricciardo,Australian,mclaren,5,4,95,1,8,234,1,3,104.156,32,2.163000000000011
2021,15,sochi,False,False,False,True,True,alonso,Spanish,alpine,6,6,58,0,10,103,1,5,104.20400000000001,40,2.2110000000000127
2021,15,sochi,False,False,False,True,True,stroll,Canadian,aston_martin,7,11,24,0,13,59,0,7,104.956,22,2.963000000000008
2021,15,sochi,False,False,False,True,True,perez,Mexican,red_bull,8,9,120,1,5,364,8,2,105.337,31,3.3440000000000083
2021,15,sochi,False,False,False,True,True,ocon,French,alpine,9,14,45,1,11,103,1,5,105.86500000000001,25,3.872000000000014
2021,15,sochi,False,False,False,True,True,vettel,German,aston_martin,10,12,35,0,12,59,0,7,106.57300000000001,34,4.5800000000000125
2021,15,sochi,False,False,False,True,True,gasly,French,alphatauri,11,13,66,0,9,84,0,6,106.64099999999999,25,4.647999999999996
2021,15,sochi,False,False,False,True,True,tsunoda,Japanese,alphatauri,12,17,18,0,14,84,0,6,106.751,21,4.75800000000001
2021,15,sochi,False,False,False,True,True,raikkonen,Finnish,alfa,13,8,6,0,17,7,0,9,109.586,41,7.5930000000000035
2021,15,sochi,False,False,False,True,True,mick_schumacher,German,haas,14,20,0,0,19,0,0,10,109.83,22,7.837000000000003
2021,15,sochi,False,False,False,True,True,mazepin,Russian,haas,15,18,0,0,21,0,0,10,113.76400000000001,22,11.771000000000015
2021,15,sochi,False,False,False,True,True,bottas,Finnish,mercedes,16,5,151,0,3,397,5,1,104.71000000000001,32,2.717000000000013
2021,15,sochi,False,False,False,True,True,giovinazzi,Italian,alfa,17,16,1,0,18,7,0,9,111.023,27,9.030000000000001
2021,16,istanbul,False,False,False,True,True,bottas,Finnish,mercedes,1,1,177,1,3,433,6,1,82.998,32,0.0
2021,16,istanbul,False,False,False,True,True,max_verstappen,Dutch,red_bull,2,2,262,7,1,397,8,2,83.196,24,0.1979999999999933
2021,16,istanbul,False,False,False,True,True,leclerc,Monegasque,ferrari,3,4,116,0,7,232,0,4,83.265,23,0.2669999999999959
2021,16,istanbul,False,False,False,True,True,gasly,French,alphatauri,4,6,74,0,9,92,0,6,83.326,25,0.32799999999998875
2021,16,istanbul,False,False,False,True,True,alonso,Spanish,alpine,5,16,58,0,10,104,1,5,83.477,40,0.4789999999999992
2021,16,istanbul,False,False,False,True,True,perez,Mexican,red_bull,6,3,135,1,5,397,8,2,83.706,31,0.7079999999999984
2021,16,istanbul,False,False,False,True,True,norris,British,mclaren,7,7,145,0,4,240,1,3,83.95400000000001,21,0.9560000000000031
2021,16,istanbul,False,False,False,True,True,stroll,Canadian,aston_martin,8,9,26,0,13,61,0,7,84.305,22,1.3070000000000022
2021,16,istanbul,False,False,False,True,True,tsunoda,Japanese,alphatauri,9,14,18,0,14,92,0,6,84.368,21,1.3699999999999903
2021,16,istanbul,False,False,False,True,True,vettel,German,aston_martin,10,18,35,0,12,61,0,7,84.795,34,1.796999999999997
2021,16,istanbul,False,False,False,True,True,hamilton,British,mercedes,11,5,256,5,2,433,6,1,82.868,36,-0.13000000000000966
2021,16,istanbul,False,False,False,True,True,ocon,French,alpine,12,10,46,1,11,104,1,5,84.842,25,1.843999999999994
2021,16,istanbul,False,False,False,True,True,russell,British,williams,13,15,16,0,15,23,0,8,85.007,23,2.0090000000000003
2021,16,istanbul,False,False,False,True,True,mick_schumacher,German,haas,14,19,0,0,19,0,0,10,85.2,22,2.201999999999998
2021,16,istanbul,False,False,False,True,True,latifi,Canadian,williams,15,17,7,0,16,23,0,8,86.086,26,3.087999999999994
2021,16,istanbul,False,False,False,True,True,giovinazzi,Italian,alfa,16,11,1,0,18,7,0,9,86.43,27,3.432000000000002
2021,16,istanbul,False,False,False,True,True,raikkonen,Finnish,alfa,17,12,6,0,17,7,0,9,87.525,41,4.527000000000001
2021,16,istanbul,False,False,False,True,True,mazepin,Russian,haas,18,20,0,0,21,0,0,10,88.449,22,5.450999999999993
2021,16,istanbul,False,False,False,True,True,ricciardo,Australian,mclaren,20,13,95,1,8,240,1,3,85.881,32,2.8829999999999956
2021,17,americas,True,False,False,False,False,max_verstappen,Dutch,red_bull,1,1,287,8,1,437,9,2,92.91,24,0.0
2021,17,americas,True,False,False,False,False,hamilton,British,mercedes,2,2,275,5,2,460,6,1,93.119,36,0.20900000000000318
2021,17,americas,True,False,False,False,False,perez,Mexican,red_bull,3,3,150,1,4,437,9,2,93.134,31,0.22400000000000375
2021,17,americas,True,False,False,False,False,leclerc,Monegasque,ferrari,4,4,128,0,6,250,0,4,93.606,24,0.695999999999998
2021,17,americas,True,False,False,False,False,sainz,Spanish,ferrari,5,7,122,0,7,250,0,4,93.792,27,0.882000000000005
2021,17,americas,True,False,False,False,False,ricciardo,Australian,mclaren,6,5,105,1,8,254,1,3,93.80799999999999,32,0.8979999999999961
2021,17,americas,True,False,False,False,False,norris,British,mclaren,7,8,149,0,5,254,1,3,93.887,21,0.9770000000000039
2021,17,americas,True,False,False,False,False,gasly,French,alphatauri,8,20,74,0,9,94,0,6,94.118,25,1.2079999999999984
2021,17,americas,True,False,False,False,False,bottas,Finnish,mercedes,9,6,185,1,3,460,6,1,93.475,32,0.5649999999999977
2021,17,americas,True,False,False,False,False,tsunoda,Japanese,alphatauri,10,9,20,0,14,94,0,6,94.918,21,2.0080000000000098
2021,17,americas,True,False,False,False,False,ocon,French,alpine,11,19,46,1,11,104,1,5,95.37700000000001,25,2.467000000000013
2021,17,americas,True,False,False,False,False,giovinazzi,Italian,alfa,12,11,1,0,18,7,0,9,95.794,27,2.8840000000000003
2021,17,americas,True,False,False,False,False,stroll,Canadian,aston_martin,13,12,26,0,13,62,0,7,95.983,22,3.0730000000000075
2021,17,americas,True,False,False,False,False,latifi,Canadian,williams,14,15,7,0,16,23,0,8,95.995,26,3.085000000000008
2021,17,americas,True,False,False,False,False,raikkonen,Finnish,alfa,15,13,6,0,17,7,0,9,96.311,42,3.4010000000000105
2021,17,americas,True,False,False,False,False,mick_schumacher,German,haas,16,16,0,0,19,0,0,10,96.499,22,3.5889999999999986
2021,17,americas,True,False,False,False,False,mazepin,Russian,haas,17,17,0,0,21,0,0,10,96.79599999999999,22,3.8859999999999957
2021,17,americas,True,False,False,False,False,vettel,German,aston_martin,18,10,36,0,12,62,0,7,95.5,34,2.5900000000000034
2021,17,americas,True,False,False,False,False,alonso,Spanish,alpine,19,18,58,0,10,104,1,5,104.549,40,11.63900000000001
2021,18,rodriguez,True,False,False,False,False,bottas,Finnish,mercedes,1,15,185,1,3,478,6,1,75.875,32,0.0
2021,18,rodriguez,True,False,False,False,False,hamilton,British,mercedes,2,2,293,5,2,478,6,1,76.02,36,0.14499999999999602
2021,18,rodriguez,True,False,False,False,False,max_verstappen,Dutch,red_bull,3,1,312,9,1,477,10,2,76.225,24,0.3499999999999943
2021,18,rodriguez,True,False,False,False,False,perez,Mexican,red_bull,4,3,165,1,4,477,10,2,76.342,31,0.46699999999999875
2021,18,rodriguez,True,False,False,False,False,gasly,French,alphatauri,5,4,86,0,9,106,0,6,76.456,25,0.5810000000000031
2021,18,rodriguez,True,False,False,False,False,sainz,Spanish,ferrari,6,6,130,0,7,268,0,3,76.761,27,0.8859999999999957
2021,18,rodriguez,True,False,False,False,False,ricciardo,Australian,mclaren,7,12,105,1,8,255,1,4,76.763,32,0.8880000000000052
2021,18,rodriguez,True,False,False,False,False,leclerc,Monegasque,ferrari,8,5,138,0,6,268,0,3,76.837,24,0.9620000000000033
2021,18,rodriguez,True,False,False,False,False,vettel,German,aston_martin,9,7,42,0,12,68,0,7,77.746,34,1.8709999999999951
2021,18,rodriguez,True,False,False,False,False,raikkonen,Finnish,alfa,10,8,10,0,16,11,0,9,77.958,42,2.0829999999999984
2021,18,rodriguez,True,False,False,False,False,giovinazzi,Italian,alfa,11,11,1,0,18,11,0,9,78.28999999999999,27,2.414999999999992
2021,18,rodriguez,True,False,False,False,False,alonso,Spanish,alpine,12,9,60,0,10,106,1,5,78.452,40,2.576999999999998
2021,18,rodriguez,True,False,False,False,False,latifi,Canadian,williams,13,17,7,0,17,23,0,8,78.756,26,2.8810000000000002
2021,18,rodriguez,True,False,False,False,False,mick_schumacher,German,haas,14,19,0,0,19,0,0,10,78.858,22,2.983000000000004
2021,18,rodriguez,True,False,False,False,False,mazepin,Russian,haas,15,18,0,0,21,0,0,10,79.303,22,3.4279999999999973
2021,18,rodriguez,True,False,False,False,False,russell,British,williams,16,16,16,0,15,23,0,8,78.172,23,2.296999999999997
2021,18,rodriguez,True,False,False,False,False,tsunoda,Japanese,alphatauri,17,20,20,0,14,106,0,6,77.158,21,1.2830000000000013
2021,18,rodriguez,True,False,False,False,False,norris,British,mclaren,18,10,150,0,5,255,1,4,96.83,21,20.955
2021,18,rodriguez,True,False,False,False,False,ocon,French,alpine,19,13,46,1,11,106,1,5,78.405,25,2.530000000000001
2021,18,rodriguez,True,False,False,False,False,stroll,Canadian,aston_martin,20,14,26,0,13,68,0,7,80.873,23,4.998000000000005
2021,20,losail,True,False,False,False,False,hamilton,British,mercedes,1,1,343,7,2,546,8,1,80.827,36,0.0
2021,20,losail,True,False,False,False,False,gasly,French,alphatauri,2,11,92,0,9,112,0,6,81.64,25,0.8130000000000024
2021,20,losail,True,False,False,False,False,alonso,Spanish,alpine,3,3,77,0,10,137,1,5,81.67,40,0.8430000000000035
2021,20,losail,True,False,False,False,False,norris,British,mclaren,4,9,153,0,5,258,1,4,81.731,22,0.9039999999999964
2021,20,losail,True,False,False,False,False,sainz,Spanish,ferrari,5,7,145,0,7,297,0,3,81.84,27,1.0130000000000052
2021,20,losail,True,False,False,False,False,bottas,Finnish,mercedes,6,20,203,1,3,546,8,1,81.47800000000001,32,0.6510000000000105
2021,20,losail,True,False,False,False,False,max_verstappen,Dutch,red_bull,7,2,351,9,1,541,10,2,81.424,24,0.5970000000000084
2021,20,losail,True,False,False,False,False,tsunoda,Japanese,alphatauri,8,13,20,0,14,112,0,6,81.881,21,1.054000000000002
2021,20,losail,True,False,False,False,False,ocon,French,alpine,9,5,60,1,11,137,1,5,82.02799999999999,25,1.2009999999999934
2021,20,losail,True,False,False,False,False,vettel,German,aston_martin,10,10,43,0,12,77,0,7,82.785,34,1.9579999999999984
2021,20,losail,True,False,False,False,False,perez,Mexican,red_bull,11,4,190,1,4,541,10,2,82.346,31,1.5190000000000055
2021,20,losail,True,False,False,False,False,stroll,Canadian,aston_martin,12,6,34,0,13,77,0,7,82.46000000000001,23,1.6330000000000098
2021,20,losail,True,False,False,False,False,leclerc,Monegasque,ferrari,13,8,152,0,6,297,0,3,82.463,24,1.6359999999999957
2021,20,losail,True,False,False,False,False,ricciardo,Australian,mclaren,14,12,105,1,8,258,1,4,82.59700000000001,32,1.7700000000000102
2021,20,losail,True,False,False,False,False,russell,British,williams,15,17,16,0,15,23,0,8,82.756,23,1.929000000000002
2021,20,losail,True,False,False,False,False,raikkonen,Finnish,alfa,16,14,10,0,16,11,0,9,83.156,42,2.3290000000000077
2021,20,losail,True,False,False,False,False,latifi,Canadian,williams,17,19,7,0,17,23,0,8,83.213,26,2.3859999999999957
2021,20,losail,True,False,False,False,False,giovinazzi,Italian,alfa,18,15,1,0,18,11,0,9,83.262,27,2.4350000000000023
2021,20,losail,True,False,False,False,False,mick_schumacher,German,haas,19,16,0,0,19,0,0,10,83.407,22,2.5799999999999983
2021,20,losail,True,False,False,False,False,mazepin,Russian,haas,20,18,0,0,21,0,0,10,85.85900000000001,22,5.032000000000011
2021,21,jeddah,True,False,False,False,False,hamilton,British,mercedes,1,1,369,8,2,587,9,1,87.511,36,0.0
2021,21,jeddah,True,False,False,False,False,bottas,Finnish,mercedes,2,3,218,1,3,587,9,1,87.622,32,0.1110000000000042
2021,21,jeddah,True,False,False,False,False,max_verstappen,Dutch,red_bull,3,2,369,9,1,559,10,2,87.65299999999999,24,0.1419999999999959
2021,21,jeddah,True,False,False,False,False,leclerc,Monegasque,ferrari,4,7,158,0,5,307,0,3,88.054,24,0.5430000000000064
2021,21,jeddah,True,False,False,False,False,perez,Mexican,red_bull,5,17,190,1,4,559,10,2,88.123,31,0.612000000000009
2021,21,jeddah,True,False,False,False,False,gasly,French,alphatauri,6,6,100,0,9,120,0,6,88.125,25,0.6140000000000043
2021,21,jeddah,True,False,False,False,False,norris,British,mclaren,7,10,154,0,6,269,1,4,88.18,22,0.6690000000000111
2021,21,jeddah,True,False,False,False,False,tsunoda,Japanese,alphatauri,8,14,20,0,14,120,0,6,88.44200000000001,21,0.9310000000000116
2021,21,jeddah,True,False,False,False,False,ocon,French,alpine,9,4,72,1,11,149,1,5,88.64699999999999,25,1.1359999999999957
2021,21,jeddah,True,False,False,False,False,giovinazzi,Italian,alfa,10,9,3,0,18,13,0,9,88.754,27,1.2430000000000092
2021,21,jeddah,True,False,False,False,False,ricciardo,Australian,mclaren,11,5,115,1,8,269,1,4,88.668,32,1.1570000000000107
2021,21,jeddah,True,False,False,False,False,raikkonen,Finnish,alfa,12,15,10,0,16,13,0,9,88.885,42,1.3740000000000094
2021,21,jeddah,True,False,False,False,False,alonso,Spanish,alpine,13,13,77,0,10,149,1,5,88.92,40,1.409000000000006
2021,21,jeddah,True,False,False,False,False,russell,British,williams,14,19,16,0,15,23,0,8,89.054,23,1.5430000000000064
2021,21,jeddah,True,False,False,False,False,sainz,Spanish,ferrari,15,8,149,0,7,307,0,3,113.652,27,26.141000000000005
2021,21,jeddah,True,False,False,False,False,latifi,Canadian,williams,16,12,7,0,17,23,0,8,89.17699999999999,26,1.6659999999999968
2021,21,jeddah,True,False,False,False,False,vettel,German,aston_martin,17,16,43,0,12,77,0,7,89.19800000000001,34,1.6870000000000118
2021,21,jeddah,True,False,False,False,False,stroll,Canadian,aston_martin,18,11,34,0,13,77,0,7,89.368,23,1.8569999999999993
2021,21,jeddah,True,False,False,False,False,mick_schumacher,German,haas,19,20,0,0,19,0,0,10,89.464,22,1.953000000000003
2021,21,jeddah,True,False,False,False,False,mazepin,Russian,haas,20,18,0,0,21,0,0,10,90.473,22,2.9620000000000033
2021,22,yas_marina,True,False,False,False,False,max_verstappen,Dutch,red_bull,1,1,395,10,1,585,11,2,82.10900000000001,24,0.0
2021,22,yas_marina,True,False,False,False,False,hamilton,British,mercedes,2,2,387,8,2,613,9,1,82.48,36,0.3709999999999951
2021,22,yas_marina,True,False,False,False,False,norris,British,mclaren,3,7,160,0,6,275,1,4,82.931,22,0.8219999999999885
2021,22,yas_marina,True,False,False,False,False,perez,Mexican,red_bull,4,15,190,1,4,585,11,2,82.947,31,0.8379999999999939
2021,22,yas_marina,True,False,False,False,False,sainz,Spanish,ferrari,5,3,164,0,5,323,0,3,82.992,27,0.8829999999999956
2021,22,yas_marina,True,False,False,False,False,bottas,Finnish,mercedes,6,6,226,1,3,613,9,1,83.036,32,0.9269999999999925
2021,22,yas_marina,True,False,False,False,False,leclerc,Monegasque,ferrari,7,10,159,0,7,323,0,3,83.122,24,1.012999999999991
2021,22,yas_marina,True,False,False,False,False,tsunoda,Japanese,alphatauri,8,4,32,0,14,142,0,6,83.22,21,1.11099999999999
2021,22,yas_marina,True,False,False,False,False,ocon,French,alpine,9,9,74,1,11,155,1,5,83.389,25,1.279999999999987
2021,22,yas_marina,True,False,False,False,False,ricciardo,Australian,mclaren,10,12,115,1,8,275,1,4,83.40899999999999,32,1.299999999999983
2021,22,yas_marina,True,False,False,False,False,alonso,Spanish,alpine,11,8,81,0,10,155,1,5,83.46000000000001,40,1.350999999999999
2021,22,yas_marina,True,False,False,False,False,gasly,French,alphatauri,12,5,110,0,9,142,0,6,84.043,25,1.9339999999999975
2021,22,yas_marina,True,False,False,False,False,stroll,Canadian,aston_martin,13,13,34,0,13,77,0,7,84.066,23,1.9569999999999936
2021,22,yas_marina,True,False,False,False,False,giovinazzi,Italian,alfa,14,17,3,0,18,13,0,9,84.251,27,2.141999999999996
2021,22,yas_marina,True,False,False,False,False,vettel,German,aston_martin,15,11,43,0,12,77,0,7,84.305,34,2.195999999999998
2021,22,yas_marina,True,False,False,False,False,latifi,Canadian,williams,16,16,7,0,17,23,0,8,84.338,26,2.228999999999985
2021,22,yas_marina,True,False,False,False,False,russell,British,williams,17,18,16,0,15,23,0,8,84.423,23,2.313999999999993
2021,22,yas_marina,True,False,False,False,False,raikkonen,Finnish,alfa,18,19,10,0,16,13,0,9,84.779,42,2.6699999999999875
2021,22,yas_marina,True,False,False,False,False,mick_schumacher,German,haas,19,14,0,0,19,0,0,10,84.906,22,2.796999999999997
