season,round,constructor,constructor_points,constructor_wins,constructor_standings_pos
2014,1,mclaren,33.0,0,1
2014,1,mercedes,25.0,1,2
2014,1,ferrari,18.0,0,3
2014,1,williams,10.0,0,4
2014,1,force_india,9.0,0,5
2014,1,toro_rosso,6.0,0,6
2014,1,sauber,0.0,0,7
2014,1,marussia,0.0,0,8
2014,1,lotus_f1,0.0,0,9
2014,1,caterham,0.0,0,10
2014,1,red_bull,0.0,0,11
2014,2,mercedes,68.0,2,1
2014,2,mclaren,43.0,0,2
2014,2,ferrari,30.0,0,3
2014,2,williams,20.0,0,4
2014,2,force_india,19.0,0,5
2014,2,red_bull,15.0,0,6
2014,2,toro_rosso,7.0,0,7
2014,2,sauber,0.0,0,8
2014,2,lotus_f1,0.0,0,9
2014,2,caterham,0.0,0,10
2014,2,marussia,0.0,0,11
2014,3,mercedes,111.0,3,1
2014,3,force_india,44.0,0,2
2014,3,mclaren,43.0,0,3
2014,3,red_bull,35.0,0,4
2014,3,ferrari,33.0,0,5
2014,3,williams,30.0,0,6
2014,3,toro_rosso,7.0,0,7
2014,3,lotus_f1,0.0,0,8
2014,3,sauber,0.0,0,9
2014,3,marussia,0.0,0,10
2014,3,caterham,0.0,0,11
2014,4,mercedes,154.0,4,1
2014,4,red_bull,57.0,0,2
2014,4,force_india,54.0,0,3
2014,4,ferrari,52.0,0,4
2014,4,mclaren,43.0,0,5
2014,4,williams,36.0,0,6
2014,4,toro_rosso,8.0,0,7
2014,4,lotus_f1,0.0,0,8
2014,4,sauber,0.0,0,9
2014,4,marussia,0.0,0,10
2014,4,caterham,0.0,0,11
2014,5,mercedes,197.0,5,1
2014,5,red_bull,84.0,0,2
2014,5,ferrari,66.0,0,3
2014,5,force_india,57.0,0,4
2014,5,williams,46.0,0,5
2014,5,mclaren,43.0,0,6
2014,5,toro_rosso,8.0,0,7
2014,5,lotus_f1,4.0,0,8
2014,5,sauber,0.0,0,9
2014,5,marussia,0.0,0,10
2014,5,caterham,0.0,0,11
2014,6,mercedes,240.0,6,1
2014,6,red_bull,99.0,0,2
2014,6,ferrari,78.0,0,3
2014,6,force_india,67.0,0,4
2014,6,mclaren,52.0,0,5
2014,6,williams,52.0,0,6
2014,6,lotus_f1,8.0,0,7
2014,6,toro_rosso,8.0,0,8
2014,6,marussia,2.0,0,9
2014,6,sauber,0.0,0,10
2014,6,caterham,0.0,0,11
2014,7,mercedes,258.0,6,1
2014,7,red_bull,139.0,1,2
2014,7,ferrari,87.0,0,3
2014,7,force_india,77.0,0,4
2014,7,mclaren,66.0,0,5
2014,7,williams,58.0,0,6
2014,7,toro_rosso,12.0,0,7
2014,7,lotus_f1,8.0,0,8
2014,7,marussia,2.0,0,9
2014,7,sauber,0.0,0,10
2014,7,caterham,0.0,0,11
2014,8,mercedes,301.0,7,1
2014,8,red_bull,143.0,1,2
2014,8,ferrari,98.0,0,3
2014,8,force_india,87.0,0,4
2014,8,williams,85.0,0,5
2014,8,mclaren,72.0,0,6
2014,8,toro_rosso,12.0,0,7
2014,8,lotus_f1,8.0,0,8
2014,8,marussia,2.0,0,9
2014,8,sauber,0.0,0,10
2014,8,caterham,0.0,0,11
2014,9,mercedes,326.0,8,1
2014,9,red_bull,168.0,1,2
2014,9,ferrari,106.0,0,3
2014,9,williams,103.0,0,4
2014,9,force_india,91.0,0,5
2014,9,mclaren,90.0,0,6
2014,9,toro_rosso,15.0,0,7
2014,9,lotus_f1,8.0,0,8
2014,9,marussia,2.0,0,9
2014,9,sauber,0.0,0,10
2014,9,caterham,0.0,0,11
2014,10,mercedes,366.0,9,1
2014,10,red_bull,188.0,1,2
2014,10,williams,121.0,0,3
2014,10,ferrari,116.0,0,4
2014,10,force_india,98.0,0,5
2014,10,mclaren,96.0,0,6
2014,10,toro_rosso,15.0,0,7
2014,10,lotus_f1,8.0,0,8
2014,10,marussia,2.0,0,9
2014,10,sauber,0.0,0,10
2014,10,caterham,0.0,0,11
2014,11,mercedes,393.0,9,1
2014,11,red_bull,219.0,2,2
2014,11,ferrari,142.0,0,3
2014,11,williams,135.0,0,4
2014,11,force_india,98.0,0,5
2014,11,mclaren,97.0,0,6
2014,11,toro_rosso,17.0,0,7
2014,11,lotus_f1,8.0,0,8
2014,11,marussia,2.0,0,9
2014,11,sauber,0.0,0,10
2014,11,caterham,0.0,0,11
2014,12,mercedes,411.0,9,1
2014,12,red_bull,254.0,3,2
2014,12,ferrari,160.0,0,3
2014,12,williams,150.0,0,4
2014,12,mclaren,105.0,0,5
2014,12,force_india,103.0,0,6
2014,12,toro_rosso,19.0,0,7
2014,12,lotus_f1,8.0,0,8
2014,12,marussia,2.0,0,9
2014,12,sauber,0.0,0,10
2014,12,caterham,0.0,0,11
2014,13,mercedes,454.0,10,1
2014,13,red_bull,272.0,3,2
2014,13,williams,177.0,0,3
2014,13,ferrari,162.0,0,4
2014,13,mclaren,110.0,0,5
2014,13,force_india,109.0,0,6
2014,13,toro_rosso,19.0,0,7
2014,13,lotus_f1,8.0,0,8
2014,13,marussia,2.0,0,9
2014,13,sauber,0.0,0,10
2014,13,caterham,0.0,0,11
2014,14,mercedes,479.0,11,1
2014,14,red_bull,305.0,3,2
2014,14,williams,187.0,0,3
2014,14,ferrari,178.0,0,4
2014,14,force_india,117.0,0,5
2014,14,mclaren,111.0,0,6
2014,14,toro_rosso,27.0,0,7
2014,14,lotus_f1,8.0,0,8
2014,14,marussia,2.0,0,9
2014,14,sauber,0.0,0,10
2014,14,caterham,0.0,0,11
2014,15,mercedes,522.0,12,1
2014,15,red_bull,332.0,3,2
2014,15,williams,201.0,0,3
2014,15,ferrari,178.0,0,4
2014,15,force_india,122.0,0,5
2014,15,mclaren,121.0,0,6
2014,15,toro_rosso,29.0,0,7
2014,15,lotus_f1,8.0,0,8
2014,15,marussia,2.0,0,9
2014,15,sauber,0.0,0,10
2014,15,caterham,0.0,0,11
2014,16,mercedes,565.0,13,1
2014,16,red_bull,342.0,3,2
2014,16,williams,216.0,0,3
2014,16,ferrari,188.0,0,4
2014,16,mclaren,143.0,0,5
2014,16,force_india,123.0,0,6
2014,16,toro_rosso,29.0,0,7
2014,16,lotus_f1,8.0,0,8
2014,16,marussia,2.0,0,9
2014,16,sauber,0.0,0,10
2014,16,caterham,0.0,0,11
2014,17,mercedes,608.0,14,1
2014,17,red_bull,363.0,3,2
2014,17,williams,238.0,0,3
2014,17,ferrari,196.0,0,4
2014,17,mclaren,147.0,0,5
2014,17,force_india,123.0,0,6
2014,17,toro_rosso,30.0,0,7
2014,17,lotus_f1,10.0,0,8
2014,17,marussia,2.0,0,9
2014,17,sauber,0.0,0,10
2014,17,caterham,0.0,0,11
2014,18,mercedes,651.0,15,1
2014,18,red_bull,373.0,3,2
2014,18,williams,254.0,0,3
2014,18,ferrari,210.0,0,4
2014,18,mclaren,161.0,0,5
2014,18,force_india,127.0,0,6
2014,18,toro_rosso,30.0,0,7
2014,18,lotus_f1,10.0,0,8
2014,18,marussia,2.0,0,9
2014,18,sauber,0.0,0,10
2014,18,caterham,0.0,0,11
2014,19,mercedes,701.0,16,1
2014,19,red_bull,405.0,3,2
2014,19,williams,320.0,0,3
2014,19,ferrari,216.0,0,4
2014,19,mclaren,181.0,0,5
2014,19,force_india,155.0,0,6
2014,19,toro_rosso,30.0,0,7
2014,19,lotus_f1,10.0,0,8
2014,19,marussia,2.0,0,9
2014,19,sauber,0.0,0,10
2014,19,caterham,0.0,0,11
2015,1,mercedes,43.0,1,1
2015,1,ferrari,15.0,0,2
2015,1,sauber,14.0,0,3
2015,1,williams,12.0,0,4
2015,1,red_bull,8.0,0,5
2015,1,force_india,7.0,0,6
2015,1,toro_rosso,2.0,0,7
2015,1,mclaren,0.0,0,8
2015,1,lotus_f1,0.0,0,9
2015,2,mercedes,76.0,1,1
2015,2,ferrari,52.0,1,2
2015,2,williams,30.0,0,3
2015,2,sauber,14.0,0,4
2015,2,toro_rosso,12.0,0,5
2015,2,red_bull,11.0,0,6
2015,2,force_india,7.0,0,7
2015,2,lotus_f1,0.0,0,8
2015,2,mclaren,0.0,0,9
2015,2,manor,0.0,0,10
2015,3,mercedes,119.0,2,1
2015,3,ferrari,79.0,1,2
2015,3,williams,48.0,0,3
2015,3,sauber,19.0,0,4
2015,3,red_bull,13.0,0,5
2015,3,toro_rosso,12.0,0,6
2015,3,force_india,7.0,0,7
2015,3,lotus_f1,6.0,0,8
2015,3,mclaren,0.0,0,9
2015,3,manor,0.0,0,10
2015,4,mercedes,159.0,3,1
2015,4,ferrari,107.0,1,2
2015,4,williams,61.0,0,3
2015,4,red_bull,23.0,0,4
2015,4,sauber,19.0,0,5
2015,4,lotus_f1,12.0,0,6
2015,4,toro_rosso,12.0,0,7
2015,4,force_india,11.0,0,8
2015,4,mclaren,0.0,0,9
2015,4,manor,0.0,0,10
2015,5,mercedes,202.0,4,1
2015,5,ferrari,132.0,1,2
2015,5,williams,81.0,0,3
2015,5,red_bull,30.0,0,4
2015,5,sauber,19.0,0,5
2015,5,lotus_f1,16.0,0,6
2015,5,toro_rosso,14.0,0,7
2015,5,force_india,11.0,0,8
2015,5,mclaren,0.0,0,9
2015,5,manor,0.0,0,10
2015,6,mercedes,242.0,5,1
2015,6,ferrari,158.0,1,2
2015,6,williams,81.0,0,3
2015,6,red_bull,52.0,0,4
2015,6,sauber,21.0,0,5
2015,6,force_india,17.0,0,6
2015,6,lotus_f1,16.0,0,7
2015,6,toro_rosso,15.0,0,8
2015,6,mclaren,4.0,0,9
2015,6,manor,0.0,0,10
2015,7,mercedes,285.0,6,1
2015,7,ferrari,180.0,1,2
2015,7,williams,104.0,0,3
2015,7,red_bull,54.0,0,4
2015,7,lotus_f1,23.0,0,5
2015,7,sauber,21.0,0,6
2015,7,force_india,21.0,0,7
2015,7,toro_rosso,15.0,0,8
2015,7,mclaren,4.0,0,9
2015,7,manor,0.0,0,10
2015,8,mercedes,328.0,7,1
2015,8,ferrari,192.0,1,2
2015,8,williams,129.0,0,3
2015,8,red_bull,55.0,0,4
2015,8,force_india,31.0,0,5
2015,8,lotus_f1,29.0,0,6
2015,8,sauber,21.0,0,7
2015,8,toro_rosso,19.0,0,8
2015,8,mclaren,4.0,0,9
2015,8,manor,0.0,0,10
2015,9,mercedes,371.0,8,1
2015,9,ferrari,211.0,1,2
2015,9,williams,151.0,0,3
2015,9,red_bull,63.0,0,4
2015,9,force_india,39.0,0,5
2015,9,lotus_f1,29.0,0,6
2015,9,sauber,21.0,0,7
2015,9,toro_rosso,19.0,0,8
2015,9,mclaren,5.0,0,9
2015,9,manor,0.0,0,10
2015,10,mercedes,383.0,8,1
2015,10,ferrari,236.0,2,2
2015,10,williams,151.0,0,3
2015,10,red_bull,96.0,0,4
2015,10,force_india,39.0,0,5
2015,10,lotus_f1,35.0,0,6
2015,10,toro_rosso,31.0,0,7
2015,10,sauber,22.0,0,8
2015,10,mclaren,17.0,0,9
2015,10,manor,0.0,0,10
2015,11,mercedes,426.0,9,1
2015,11,ferrari,242.0,2,2
2015,11,williams,161.0,0,3
2015,11,red_bull,108.0,0,4
2015,11,lotus_f1,50.0,0,5
2015,11,force_india,49.0,0,6
2015,11,toro_rosso,35.0,0,7
2015,11,sauber,23.0,0,8
2015,11,mclaren,17.0,0,9
2015,11,manor,0.0,0,10
2015,12,mercedes,451.0,10,1
2015,12,ferrari,270.0,2,2
2015,12,williams,188.0,0,3
2015,12,red_bull,113.0,0,4
2015,12,force_india,63.0,0,5
2015,12,lotus_f1,50.0,0,6
2015,12,toro_rosso,35.0,0,7
2015,12,sauber,25.0,0,8
2015,12,mclaren,17.0,0,9
2015,12,manor,0.0,0,10
2015,13,mercedes,463.0,10,1
2015,13,ferrari,310.0,3,2
2015,13,williams,198.0,0,3
2015,13,red_bull,139.0,0,4
2015,13,force_india,69.0,0,5
2015,13,lotus_f1,50.0,0,6
2015,13,toro_rosso,41.0,0,7
2015,13,sauber,26.0,0,8
2015,13,mclaren,17.0,0,9
2015,13,manor,0.0,0,10
2015,14,mercedes,506.0,11,1
2015,14,ferrari,337.0,3,2
2015,14,williams,208.0,0,3
2015,14,red_bull,139.0,0,4
2015,14,force_india,77.0,0,5
2015,14,lotus_f1,60.0,0,6
2015,14,toro_rosso,44.0,0,7
2015,14,sauber,26.0,0,8
2015,14,mclaren,17.0,0,9
2015,14,manor,0.0,0,10
2015,15,mercedes,531.0,12,1
2015,15,ferrari,359.0,3,2
2015,15,williams,220.0,0,3
2015,15,red_bull,149.0,0,4
2015,15,force_india,92.0,0,5
2015,15,lotus_f1,66.0,0,6
2015,15,toro_rosso,45.0,0,7
2015,15,sauber,34.0,0,8
2015,15,mclaren,19.0,0,9
2015,15,manor,0.0,0,10
2015,16,mercedes,574.0,13,1
2015,16,ferrari,374.0,3,2
2015,16,williams,220.0,0,3
2015,16,red_bull,150.0,0,4
2015,16,force_india,102.0,0,5
2015,16,lotus_f1,70.0,0,6
2015,16,toro_rosso,63.0,0,7
2015,16,sauber,36.0,0,8
2015,16,mclaren,27.0,0,9
2015,16,manor,0.0,0,10
2015,17,mercedes,617.0,14,1
2015,17,ferrari,374.0,3,2
2015,17,williams,243.0,0,3
2015,17,red_bull,172.0,0,4
2015,17,force_india,112.0,0,5
2015,17,lotus_f1,71.0,0,6
2015,17,toro_rosso,65.0,0,7
2015,17,sauber,36.0,0,8
2015,17,mclaren,27.0,0,9
2015,17,manor,0.0,0,10
2015,18,mercedes,660.0,15,1
2015,18,ferrari,401.0,3,2
2015,18,williams,253.0,0,3
2015,18,red_bull,178.0,0,4
2015,18,force_india,120.0,0,5
2015,18,lotus_f1,76.0,0,6
2015,18,toro_rosso,67.0,0,7
2015,18,sauber,36.0,0,8
2015,18,mclaren,27.0,0,9
2015,18,manor,0.0,0,10
2015,19,mercedes,703.0,16,1
2015,19,ferrari,428.0,3,2
2015,19,williams,257.0,0,3
2015,19,red_bull,187.0,0,4
2015,19,force_india,136.0,0,5
2015,19,lotus_f1,78.0,0,6
2015,19,toro_rosso,67.0,0,7
2015,19,sauber,36.0,0,8
2015,19,mclaren,27.0,0,9
2015,19,manor,0.0,0,10
2016,1,mercedes,43.0,1,1
2016,1,ferrari,15.0,0,2
2016,1,williams,14.0,0,3
2016,1,red_bull,12.0,0,4
2016,1,haas,8.0,0,5
2016,1,force_india,6.0,0,6
2016,1,toro_rosso,3.0,0,7
2016,1,renault,0.0,0,8
2016,1,mclaren,0.0,0,9
2016,1,sauber,0.0,0,10
2016,1,manor,0.0,0,11
2016,2,mercedes,83.0,2,1
2016,2,ferrari,33.0,0,2
2016,2,red_bull,30.0,0,3
2016,2,williams,20.0,0,4
2016,2,haas,18.0,0,5
2016,2,toro_rosso,11.0,0,6
2016,2,force_india,6.0,0,7
2016,2,mclaren,1.0,0,8
2016,2,renault,0.0,0,9
2016,2,sauber,0.0,0,10
2016,2,manor,0.0,0,11
2016,3,mercedes,114.0,3,1
2016,3,ferrari,61.0,0,2
2016,3,red_bull,57.0,0,3
2016,3,williams,29.0,0,4
2016,3,haas,18.0,0,5
2016,3,toro_rosso,17.0,0,6
2016,3,force_india,6.0,0,7
2016,3,mclaren,1.0,0,8
2016,3,renault,0.0,0,9
2016,3,sauber,0.0,0,10
2016,3,manor,0.0,0,11
2016,4,mercedes,157.0,4,1
2016,4,ferrari,76.0,0,2
2016,4,red_bull,57.0,0,3
2016,4,williams,51.0,0,4
2016,4,haas,22.0,0,5
2016,4,toro_rosso,17.0,0,6
2016,4,mclaren,10.0,0,7
2016,4,force_india,8.0,0,8
2016,4,renault,6.0,0,9
2016,4,sauber,0.0,0,10
2016,4,manor,0.0,0,11
2016,5,mercedes,157.0,4,1
2016,5,ferrari,109.0,0,2
2016,5,red_bull,94.0,1,3
2016,5,williams,65.0,0,4
2016,5,toro_rosso,26.0,0,5
2016,5,haas,22.0,0,6
2016,5,force_india,14.0,0,7
2016,5,mclaren,12.0,0,8
2016,5,renault,6.0,0,9
2016,5,sauber,0.0,0,10
2016,5,manor,0.0,0,11
2016,6,mercedes,188.0,5,1
2016,6,ferrari,121.0,0,2
2016,6,red_bull,112.0,1,3
2016,6,williams,66.0,0,4
2016,6,force_india,37.0,0,5
2016,6,toro_rosso,30.0,0,6
2016,6,mclaren,24.0,0,7
2016,6,haas,22.0,0,8
2016,6,renault,6.0,0,9
2016,6,sauber,0.0,0,10
2016,6,manor,0.0,0,11
2016,7,mercedes,223.0,6,1
2016,7,ferrari,147.0,0,2
2016,7,red_bull,130.0,1,3
2016,7,williams,81.0,0,4
2016,7,force_india,42.0,0,5
2016,7,toro_rosso,32.0,0,6
2016,7,mclaren,24.0,0,7
2016,7,haas,22.0,0,8
2016,7,renault,6.0,0,9
2016,7,sauber,0.0,0,10
2016,7,manor,0.0,0,11
2016,8,mercedes,258.0,7,1
2016,8,ferrari,177.0,0,2
2016,8,red_bull,140.0,1,3
2016,8,williams,90.0,0,4
2016,8,force_india,59.0,0,5
2016,8,toro_rosso,32.0,0,6
2016,8,mclaren,24.0,0,7
2016,8,haas,22.0,0,8
2016,8,renault,6.0,0,9
2016,8,sauber,0.0,0,10
2016,8,manor,0.0,0,11
2016,9,mercedes,295.0,8,1
2016,9,ferrari,192.0,0,2
2016,9,red_bull,168.0,1,3
2016,9,williams,92.0,0,4
2016,9,force_india,59.0,0,5
2016,9,toro_rosso,36.0,0,6
2016,9,mclaren,32.0,0,7
2016,9,haas,28.0,0,8
2016,9,renault,6.0,0,9
2016,9,manor,1.0,0,10
2016,9,sauber,0.0,0,11
2016,10,mercedes,335.0,9,1
2016,10,ferrari,204.0,0,2
2016,10,red_bull,198.0,1,3
2016,10,williams,92.0,0,4
2016,10,force_india,73.0,0,5
2016,10,toro_rosso,41.0,0,6
2016,10,mclaren,32.0,0,7
2016,10,haas,28.0,0,8
2016,10,renault,6.0,0,9
2016,10,manor,1.0,0,10
2016,10,sauber,0.0,0,11
2016,11,mercedes,378.0,10,1
2016,11,ferrari,224.0,0,2
2016,11,red_bull,223.0,1,3
2016,11,williams,94.0,0,4
2016,11,force_india,74.0,0,5
2016,11,toro_rosso,45.0,0,6
2016,11,mclaren,38.0,0,7
2016,11,haas,28.0,0,8
2016,11,renault,6.0,0,9
2016,11,manor,1.0,0,10
2016,11,sauber,0.0,0,11
2016,12,mercedes,415.0,11,1
2016,12,red_bull,256.0,1,2
2016,12,ferrari,242.0,0,3
2016,12,williams,96.0,0,4
2016,12,force_india,81.0,0,5
2016,12,toro_rosso,45.0,0,6
2016,12,mclaren,42.0,0,7
2016,12,haas,28.0,0,8
2016,12,renault,6.0,0,9
2016,12,manor,1.0,0,10
2016,12,sauber,0.0,0,11
2016,13,mercedes,455.0,12,1
2016,13,red_bull,274.0,1,2
2016,13,ferrari,252.0,0,3
2016,13,force_india,103.0,0,4
2016,13,williams,101.0,0,5
2016,13,mclaren,48.0,0,6
2016,13,toro_rosso,45.0,0,7
2016,13,haas,28.0,0,8
2016,13,renault,6.0,0,9
2016,13,manor,1.0,0,10
2016,13,sauber,0.0,0,11
2016,14,mercedes,498.0,13,1
2016,14,red_bull,290.0,1,2
2016,14,ferrari,279.0,0,3
2016,14,williams,111.0,0,4
2016,14,force_india,108.0,0,5
2016,14,mclaren,48.0,0,6
2016,14,toro_rosso,45.0,0,7
2016,14,haas,28.0,0,8
2016,14,renault,6.0,0,9
2016,14,manor,1.0,0,10
2016,14,sauber,0.0,0,11
2016,15,mercedes,538.0,14,1
2016,15,red_bull,316.0,1,2
2016,15,ferrari,301.0,0,3
2016,15,force_india,112.0,0,4
2016,15,williams,111.0,0,5
2016,15,mclaren,54.0,0,6
2016,15,toro_rosso,47.0,0,7
2016,15,haas,28.0,0,8
2016,15,renault,7.0,0,9
2016,15,manor,1.0,0,10
2016,15,sauber,0.0,0,11
2016,16,mercedes,553.0,14,1
2016,16,red_bull,359.0,2,2
2016,16,ferrari,313.0,0,3
2016,16,force_india,124.0,0,4
2016,16,williams,121.0,0,5
2016,16,mclaren,62.0,0,6
2016,16,toro_rosso,47.0,0,7
2016,16,haas,28.0,0,8
2016,16,renault,8.0,0,9
2016,16,manor,1.0,0,10
2016,16,sauber,0.0,0,11
2016,17,mercedes,593.0,15,1
2016,17,red_bull,385.0,2,2
2016,17,ferrari,335.0,0,3
2016,17,force_india,134.0,0,4
2016,17,williams,124.0,0,5
2016,17,mclaren,62.0,0,6
2016,17,toro_rosso,47.0,0,7
2016,17,haas,28.0,0,8
2016,17,renault,8.0,0,9
2016,17,manor,1.0,0,10
2016,17,sauber,0.0,0,11
2016,18,mercedes,636.0,16,1
2016,18,red_bull,400.0,2,2
2016,18,ferrari,347.0,0,3
2016,18,force_india,138.0,0,4
2016,18,williams,130.0,0,5
2016,18,mclaren,74.0,0,6
2016,18,toro_rosso,55.0,0,7
2016,18,haas,29.0,0,8
2016,18,renault,8.0,0,9
2016,18,manor,1.0,0,10
2016,18,sauber,0.0,0,11
2016,19,mercedes,679.0,17,1
2016,19,red_bull,427.0,2,2
2016,19,ferrari,365.0,0,3
2016,19,force_india,145.0,0,4
2016,19,williams,136.0,0,5
2016,19,mclaren,74.0,0,6
2016,19,toro_rosso,55.0,0,7
2016,19,haas,29.0,0,8
2016,19,renault,8.0,0,9
2016,19,manor,1.0,0,10
2016,19,sauber,0.0,0,11
2016,20,mercedes,722.0,18,1
2016,20,red_bull,446.0,2,2
2016,20,ferrari,375.0,0,3
2016,20,force_india,163.0,0,4
2016,20,williams,136.0,0,5
2016,20,mclaren,75.0,0,6
2016,20,toro_rosso,63.0,0,7
2016,20,haas,29.0,0,8
2016,20,renault,8.0,0,9
2016,20,sauber,2.0,0,10
2016,20,manor,1.0,0,11
2016,21,mercedes,765.0,19,1
2016,21,red_bull,468.0,2,2
2016,21,ferrari,398.0,0,3
2016,21,force_india,173.0,0,4
2016,21,williams,138.0,0,5
2016,21,mclaren,76.0,0,6
2016,21,toro_rosso,63.0,0,7
2016,21,haas,29.0,0,8
2016,21,renault,8.0,0,9
2016,21,sauber,2.0,0,10
2016,21,manor,1.0,0,11
2017,1,ferrari,37.0,1,1
2017,1,mercedes,33.0,0,2
2017,1,red_bull,10.0,0,3
2017,1,williams,8.0,0,4
2017,1,force_india,7.0,0,5
2017,1,toro_rosso,6.0,0,6
2017,1,renault,0.0,0,7
2017,1,sauber,0.0,0,8
2017,1,mclaren,0.0,0,9
2017,1,haas,0.0,0,10
2017,2,mercedes,66.0,1,1
2017,2,ferrari,65.0,1,2
2017,2,red_bull,37.0,0,3
2017,2,toro_rosso,12.0,0,4
2017,2,force_india,10.0,0,5
2017,2,williams,8.0,0,6
2017,2,haas,4.0,0,7
2017,2,renault,0.0,0,8
2017,2,sauber,0.0,0,9
2017,2,mclaren,0.0,0,10
2017,3,ferrari,102.0,2,1
2017,3,mercedes,99.0,1,2
2017,3,red_bull,47.0,0,3
2017,3,force_india,17.0,0,4
2017,3,williams,16.0,0,5
2017,3,toro_rosso,12.0,0,6
2017,3,haas,8.0,0,7
2017,3,renault,2.0,0,8
2017,3,sauber,0.0,0,9
2017,3,mclaren,0.0,0,10
2017,4,mercedes,136.0,2,1
2017,4,ferrari,135.0,2,2
2017,4,red_bull,57.0,0,3
2017,4,force_india,31.0,0,4
2017,4,williams,18.0,0,5
2017,4,toro_rosso,13.0,0,6
2017,4,haas,8.0,0,7
2017,4,renault,6.0,0,8
2017,4,sauber,0.0,0,9
2017,4,mclaren,0.0,0,10
2017,5,mercedes,161.0,3,1
2017,5,ferrari,153.0,2,2
2017,5,red_bull,72.0,0,3
2017,5,force_india,53.0,0,4
2017,5,toro_rosso,21.0,0,5
2017,5,williams,18.0,0,6
2017,5,renault,14.0,0,7
2017,5,haas,9.0,0,8
2017,5,sauber,4.0,0,9
2017,5,mclaren,0.0,0,10
2017,6,ferrari,196.0,3,1
2017,6,mercedes,179.0,3,2
2017,6,red_bull,97.0,0,3
2017,6,force_india,53.0,0,4
2017,6,toro_rosso,29.0,0,5
2017,6,williams,20.0,0,6
2017,6,renault,14.0,0,7
2017,6,haas,14.0,0,8
2017,6,sauber,4.0,0,9
2017,6,mclaren,0.0,0,10
2017,7,mercedes,222.0,4,1
2017,7,ferrari,214.0,3,2
2017,7,red_bull,112.0,0,3
2017,7,force_india,71.0,0,4
2017,7,toro_rosso,29.0,0,5
2017,7,williams,22.0,0,6
2017,7,renault,18.0,0,7
2017,7,haas,15.0,0,8
2017,7,sauber,4.0,0,9
2017,7,mclaren,0.0,0,10
2017,8,mercedes,250.0,4,1
2017,8,ferrari,226.0,3,2
2017,8,red_bull,137.0,1,3
2017,8,force_india,79.0,0,4
2017,8,williams,37.0,0,5
2017,8,toro_rosso,33.0,0,6
2017,8,haas,21.0,0,7
2017,8,renault,18.0,0,8
2017,8,sauber,5.0,0,9
2017,8,mclaren,2.0,0,10
2017,9,mercedes,287.0,5,1
2017,9,ferrari,254.0,3,2
2017,9,red_bull,152.0,1,3
2017,9,force_india,89.0,0,4
2017,9,williams,40.0,0,5
2017,9,toro_rosso,33.0,0,6
2017,9,haas,29.0,0,7
2017,9,renault,18.0,0,8
2017,9,sauber,5.0,0,9
2017,9,mclaren,2.0,0,10
2017,10,mercedes,330.0,6,1
2017,10,ferrari,275.0,3,2
2017,10,red_bull,174.0,1,3
2017,10,force_india,95.0,0,4
2017,10,williams,41.0,0,5
2017,10,toro_rosso,33.0,0,6
2017,10,haas,29.0,0,7
2017,10,renault,26.0,0,8
2017,10,sauber,5.0,0,9
2017,10,mclaren,2.0,0,10
2017,11,mercedes,357.0,6,1
2017,11,ferrari,318.0,4,2
2017,11,red_bull,184.0,1,3
2017,11,force_india,101.0,0,4
2017,11,williams,41.0,0,5
2017,11,toro_rosso,39.0,0,6
2017,11,haas,29.0,0,7
2017,11,renault,26.0,0,8
2017,11,mclaren,11.0,0,9
2017,11,sauber,5.0,0,10
2017,12,mercedes,392.0,7,1
2017,12,ferrari,348.0,4,2
2017,12,red_bull,199.0,1,3
2017,12,force_india,103.0,0,4
2017,12,williams,45.0,0,5
2017,12,toro_rosso,40.0,0,6
2017,12,haas,35.0,0,7
2017,12,renault,34.0,0,8
2017,12,mclaren,11.0,0,9
2017,12,sauber,5.0,0,10
2017,13,mercedes,435.0,8,1
2017,13,ferrari,373.0,4,2
2017,13,red_bull,212.0,1,3
2017,13,force_india,113.0,0,4
2017,13,williams,55.0,0,5
2017,13,toro_rosso,40.0,0,6
2017,13,haas,35.0,0,7
2017,13,renault,34.0,0,8
2017,13,mclaren,11.0,0,9
2017,13,sauber,5.0,0,10
2017,14,mercedes,475.0,9,1
2017,14,ferrari,373.0,4,2
2017,14,red_bull,230.0,1,3
2017,14,force_india,124.0,0,4
2017,14,williams,59.0,0,5
2017,14,toro_rosso,52.0,0,6
2017,14,renault,42.0,0,7
2017,14,haas,37.0,0,8
2017,14,mclaren,17.0,0,9
2017,14,sauber,5.0,0,10
2017,15,mercedes,503.0,9,1
2017,15,ferrari,385.0,4,2
2017,15,red_bull,270.0,2,3
2017,15,force_india,133.0,0,4
2017,15,williams,65.0,0,5
2017,15,toro_rosso,52.0,0,6
2017,15,renault,42.0,0,7
2017,15,haas,37.0,0,8
2017,15,mclaren,23.0,0,9
2017,15,sauber,5.0,0,10
2017,16,mercedes,540.0,10,1
2017,16,ferrari,395.0,4,2
2017,16,red_bull,303.0,2,3
2017,16,force_india,147.0,0,4
2017,16,williams,66.0,0,5
2017,16,toro_rosso,52.0,0,6
2017,16,haas,43.0,0,7
2017,16,renault,42.0,0,8
2017,16,mclaren,23.0,0,9
2017,16,sauber,5.0,0,10
2017,17,mercedes,575.0,11,1
2017,17,ferrari,428.0,4,2
2017,17,red_bull,315.0,2,3
2017,17,force_india,159.0,0,4
2017,17,williams,68.0,0,5
2017,17,toro_rosso,53.0,0,6
2017,17,renault,48.0,0,7
2017,17,haas,43.0,0,8
2017,17,mclaren,23.0,0,9
2017,17,sauber,5.0,0,10
2017,18,mercedes,595.0,11,1
2017,18,ferrari,455.0,4,2
2017,18,red_bull,340.0,3,3
2017,18,force_india,175.0,0,4
2017,18,williams,76.0,0,5
2017,18,toro_rosso,53.0,0,6
2017,18,renault,48.0,0,7
2017,18,haas,47.0,0,8
2017,18,mclaren,24.0,0,9
2017,18,sauber,5.0,0,10
2017,19,mercedes,625.0,11,1
2017,19,ferrari,495.0,5,2
2017,19,red_bull,358.0,3,3
2017,19,force_india,177.0,0,4
2017,19,williams,82.0,0,5
2017,19,toro_rosso,53.0,0,6
2017,19,renault,49.0,0,7
2017,19,haas,47.0,0,8
2017,19,mclaren,28.0,0,9
2017,19,sauber,5.0,0,10
2017,20,mercedes,668.0,12,1
2017,20,ferrari,522.0,5,2
2017,20,red_bull,368.0,3,3
2017,20,force_india,187.0,0,4
2017,20,williams,83.0,0,5
2017,20,renault,57.0,0,6
2017,20,toro_rosso,53.0,0,7
2017,20,haas,47.0,0,8
2017,20,mclaren,30.0,0,9
2017,20,sauber,5.0,0,10
2018,1,ferrari,40.0,1,1
2018,1,mercedes,22.0,0,2
2018,1,red_bull,20.0,0,3
2018,1,mclaren,12.0,0,4
2018,1,renault,7.0,0,5
2018,1,force_india,0.0,0,6
2018,1,sauber,0.0,0,7
2018,1,williams,0.0,0,8
2018,1,toro_rosso,0.0,0,9
2018,1,haas,0.0,0,10
2018,2,ferrari,65.0,2,1
2018,2,mercedes,55.0,0,2
2018,2,mclaren,22.0,0,3
2018,2,red_bull,20.0,0,4
2018,2,renault,15.0,0,5
2018,2,toro_rosso,12.0,0,6
2018,2,haas,10.0,0,7
2018,2,sauber,2.0,0,8
2018,2,force_india,1.0,0,9
2018,2,williams,0.0,0,10
2018,3,mercedes,85.0,0,1
2018,3,ferrari,84.0,2,2
2018,3,red_bull,55.0,1,3
2018,3,mclaren,28.0,0,4
2018,3,renault,25.0,0,5
2018,3,toro_rosso,12.0,0,6
2018,3,haas,11.0,0,7
2018,3,sauber,2.0,0,8
2018,3,force_india,1.0,0,9
2018,3,williams,0.0,0,10
2018,4,ferrari,114.0,2,1
2018,4,mercedes,110.0,1,2
2018,4,red_bull,55.0,1,3
2018,4,mclaren,36.0,0,4
2018,4,renault,35.0,0,5
2018,4,force_india,16.0,0,6
2018,4,toro_rosso,13.0,0,7
2018,4,haas,11.0,0,8
2018,4,sauber,10.0,0,9
2018,4,williams,4.0,0,10
2018,5,mercedes,153.0,2,1
2018,5,ferrari,126.0,2,2
2018,5,red_bull,80.0,1,3
2018,5,renault,41.0,0,4
2018,5,mclaren,40.0,0,5
2018,5,haas,19.0,0,6
2018,5,force_india,18.0,0,7
2018,5,toro_rosso,13.0,0,8
2018,5,sauber,11.0,0,9
2018,5,williams,4.0,0,10
2018,6,mercedes,178.0,2,1
2018,6,ferrari,156.0,2,2
2018,6,red_bull,107.0,2,3
2018,6,renault,46.0,0,4
2018,6,mclaren,40.0,0,5
2018,6,force_india,26.0,0,6
2018,6,toro_rosso,19.0,0,7
2018,6,haas,19.0,0,8
2018,6,sauber,11.0,0,9
2018,6,williams,4.0,0,10
2018,7,mercedes,206.0,2,1
2018,7,ferrari,189.0,3,2
2018,7,red_bull,134.0,2,3
2018,7,renault,56.0,0,4
2018,7,mclaren,40.0,0,5
2018,7,force_india,28.0,0,6
2018,7,toro_rosso,19.0,0,7
2018,7,haas,19.0,0,8
2018,7,sauber,12.0,0,9
2018,7,williams,4.0,0,10
2018,8,mercedes,237.0,3,1
2018,8,ferrari,214.0,3,2
2018,8,red_bull,164.0,2,3
2018,8,renault,62.0,0,4
2018,8,mclaren,40.0,0,5
2018,8,force_india,28.0,0,6
2018,8,haas,27.0,0,7
2018,8,toro_rosso,19.0,0,8
2018,8,sauber,13.0,0,9
2018,8,williams,4.0,0,10
2018,9,ferrari,247.0,3,1
2018,9,mercedes,237.0,3,2
2018,9,red_bull,189.0,3,3
2018,9,renault,62.0,0,4
2018,9,haas,49.0,0,5
2018,9,mclaren,44.0,0,6
2018,9,force_india,42.0,0,7
2018,9,toro_rosso,19.0,0,8
2018,9,sauber,16.0,0,9
2018,9,williams,4.0,0,10
2018,10,ferrari,287.0,4,1
2018,10,mercedes,267.0,3,2
2018,10,red_bull,199.0,3,3
2018,10,renault,70.0,0,4
2018,10,haas,51.0,0,5
2018,10,force_india,49.0,0,6
2018,10,mclaren,48.0,0,7
2018,10,toro_rosso,19.0,0,8
2018,10,sauber,16.0,0,9
2018,10,williams,4.0,0,10
2018,11,mercedes,310.0,4,1
2018,11,ferrari,302.0,4,2
2018,11,red_bull,211.0,3,3
2018,11,renault,80.0,0,4
2018,11,force_india,59.0,0,5
2018,11,haas,59.0,0,6
2018,11,mclaren,48.0,0,7
2018,11,toro_rosso,20.0,0,8
2018,11,sauber,18.0,0,9
2018,11,williams,4.0,0,10
2018,12,mercedes,345.0,5,1
2018,12,ferrari,335.0,4,2
2018,12,red_bull,223.0,3,3
2018,12,renault,82.0,0,4
2018,12,haas,66.0,0,5
2018,12,force_india,59.0,0,6
2018,12,mclaren,52.0,0,7
2018,12,toro_rosso,28.0,0,8
2018,12,sauber,18.0,0,9
2018,12,williams,4.0,0,10
2018,13,mercedes,375.0,5,1
2018,13,ferrari,360.0,5,2
2018,13,red_bull,238.0,3,3
2018,13,renault,82.0,0,4
2018,13,haas,76.0,0,5
2018,13,mclaren,52.0,0,6
2018,13,toro_rosso,30.0,0,7
2018,13,sauber,19.0,0,8
2018,13,force_india,18.0,0,9
2018,13,williams,4.0,0,10
2018,14,mercedes,415.0,6,1
2018,14,ferrari,390.0,5,2
2018,14,red_bull,248.0,3,3
2018,14,renault,86.0,0,4
2018,14,haas,76.0,0,5
2018,14,mclaren,52.0,0,6
2018,14,force_india,32.0,0,7
2018,14,toro_rosso,30.0,0,8
2018,14,sauber,19.0,0,9
2018,14,williams,7.0,0,10
2018,15,mercedes,452.0,7,1
2018,15,ferrari,415.0,5,2
2018,15,red_bull,274.0,3,3
2018,15,renault,91.0,0,4
2018,15,haas,76.0,0,5
2018,15,mclaren,58.0,0,6
2018,15,force_india,32.0,0,7
2018,15,toro_rosso,30.0,0,8
2018,15,sauber,21.0,0,9
2018,15,williams,7.0,0,10
2018,16,mercedes,495.0,8,1
2018,16,ferrari,442.0,5,2
2018,16,red_bull,292.0,3,3
2018,16,renault,91.0,0,4
2018,16,haas,80.0,0,5
2018,16,mclaren,58.0,0,6
2018,16,force_india,35.0,0,7
2018,16,toro_rosso,30.0,0,8
2018,16,sauber,27.0,0,9
2018,16,williams,7.0,0,10
2018,17,mercedes,538.0,9,1
2018,17,ferrari,460.0,5,2
2018,17,red_bull,319.0,3,3
2018,17,renault,92.0,0,4
2018,17,haas,84.0,0,5
2018,17,mclaren,58.0,0,6
2018,17,force_india,43.0,0,7
2018,17,toro_rosso,30.0,0,8
2018,17,sauber,27.0,0,9
2018,17,williams,7.0,0,10
2018,18,mercedes,563.0,9,1
2018,18,ferrari,497.0,6,2
2018,18,red_bull,337.0,3,3
2018,18,renault,106.0,0,4
2018,18,haas,84.0,0,5
2018,18,mclaren,58.0,0,6
2018,18,force_india,47.0,0,7
2018,18,toro_rosso,32.0,0,8
2018,18,sauber,28.0,0,9
2018,18,williams,7.0,0,10
2018,19,mercedes,585.0,9,1
2018,19,ferrari,530.0,6,2
2018,19,red_bull,362.0,4,3
2018,19,renault,114.0,0,4
2018,19,haas,84.0,0,5
2018,19,mclaren,62.0,0,6
2018,19,force_india,47.0,0,7
2018,19,sauber,36.0,0,8
2018,19,toro_rosso,33.0,0,9
2018,19,williams,7.0,0,10
2018,20,mercedes,620.0,10,1
2018,20,ferrari,553.0,6,2
2018,20,red_bull,392.0,4,3
2018,20,renault,114.0,0,4
2018,20,haas,90.0,0,5
2018,20,mclaren,62.0,0,6
2018,20,force_india,48.0,0,7
2018,20,sauber,42.0,0,8
2018,20,toro_rosso,33.0,0,9
2018,20,williams,7.0,0,10
2018,21,mercedes,655.0,11,1
2018,21,ferrari,571.0,6,2
2018,21,red_bull,419.0,4,3
2018,21,renault,122.0,0,4
2018,21,haas,93.0,0,5
2018,21,mclaren,62.0,0,6
2018,21,force_india,52.0,0,7
2018,21,sauber,48.0,0,8
2018,21,toro_rosso,33.0,0,9
2018,21,williams,7.0,0,10
2019,1,mercedes,44.0,1,1
2019,1,ferrari,22.0,0,2
2019,1,red_bull,15.0,0,3
2019,1,haas,8.0,0,4
2019,1,renault,6.0,0,5
2019,1,alfa,4.0,0,6
2019,1,racing_point,2.0,0,7
2019,1,toro_rosso,1.0,0,8
2019,1,mclaren,0.0,0,9
2019,1,williams,0.0,0,10
2019,2,mercedes,87.0,2,1
2019,2,ferrari,48.0,0,2
2019,2,red_bull,31.0,0,3
2019,2,alfa,10.0,0,4
2019,2,mclaren,8.0,0,5
2019,2,haas,8.0,0,6
2019,2,renault,6.0,0,7
2019,2,toro_rosso,3.0,0,8
2019,2,racing_point,3.0,0,9
2019,2,williams,0.0,0,10
2019,3,mercedes,130.0,3,1
2019,3,ferrari,73.0,0,2
2019,3,red_bull,52.0,0,3
2019,3,renault,12.0,0,4
2019,3,alfa,12.0,0,5
2019,3,haas,8.0,0,6
2019,3,mclaren,8.0,0,7
2019,3,racing_point,7.0,0,8
2019,3,toro_rosso,4.0,0,9
2019,3,williams,0.0,0,10
2019,4,mercedes,173.0,4,1
2019,4,ferrari,99.0,0,2
2019,4,red_bull,64.0,0,3
2019,4,mclaren,18.0,0,4
2019,4,racing_point,17.0,0,5
2019,4,alfa,13.0,0,6
2019,4,renault,12.0,0,7
2019,4,haas,8.0,0,8
2019,4,toro_rosso,4.0,0,9
2019,4,williams,0.0,0,10
2019,5,mercedes,217.0,5,1
2019,5,ferrari,121.0,0,2
2019,5,red_bull,87.0,0,3
2019,5,mclaren,22.0,0,4
2019,5,racing_point,17.0,0,5
2019,5,haas,15.0,0,6
2019,5,alfa,13.0,0,7
2019,5,renault,12.0,0,8
2019,5,toro_rosso,6.0,0,9
2019,5,williams,0.0,0,10
2019,6,mercedes,257.0,6,1
2019,6,ferrari,139.0,0,2
2019,6,red_bull,110.0,0,3
2019,6,mclaren,30.0,0,4
2019,6,racing_point,17.0,0,5
2019,6,haas,16.0,0,6
2019,6,toro_rosso,16.0,0,7
2019,6,renault,14.0,0,8
2019,6,alfa,13.0,0,9
2019,6,williams,0.0,0,10
2019,7,mercedes,295.0,7,1
2019,7,ferrari,172.0,0,2
2019,7,red_bull,124.0,0,3
2019,7,mclaren,30.0,0,4
2019,7,renault,28.0,0,5
2019,7,racing_point,19.0,0,6
2019,7,toro_rosso,17.0,0,7
2019,7,haas,16.0,0,8
2019,7,alfa,13.0,0,9
2019,7,williams,0.0,0,10
2019,8,mercedes,338.0,8,1
2019,8,ferrari,198.0,0,2
2019,8,red_bull,137.0,0,3
2019,8,mclaren,40.0,0,4
2019,8,renault,32.0,0,5
2019,8,racing_point,19.0,0,6
2019,8,alfa,19.0,0,7
2019,8,toro_rosso,17.0,0,8
2019,8,haas,16.0,0,9
2019,8,williams,0.0,0,10
2019,9,mercedes,363.0,8,1
2019,9,ferrari,228.0,0,2
2019,9,red_bull,169.0,1,3
2019,9,mclaren,52.0,0,4
2019,9,renault,32.0,0,5
2019,9,alfa,22.0,0,6
2019,9,racing_point,19.0,0,7
2019,9,toro_rosso,17.0,0,8
2019,9,haas,16.0,0,9
2019,9,williams,0.0,0,10
2019,10,mercedes,407.0,9,1
2019,10,ferrari,243.0,0,2
2019,10,red_bull,191.0,1,3
2019,10,mclaren,60.0,0,4
2019,10,renault,39.0,0,5
2019,10,alfa,26.0,0,6
2019,10,racing_point,19.0,0,7
2019,10,toro_rosso,19.0,0,8
2019,10,haas,16.0,0,9
2019,10,williams,0.0,0,10
2019,11,mercedes,409.0,9,1
2019,11,ferrari,261.0,0,2
2019,11,red_bull,217.0,2,3
2019,11,mclaren,70.0,0,4
2019,11,toro_rosso,42.0,0,5
2019,11,renault,39.0,0,6
2019,11,racing_point,31.0,0,7
2019,11,haas,26.0,0,8
2019,11,alfa,26.0,0,9
2019,11,williams,1.0,0,10
2019,12,mercedes,438.0,10,1
2019,12,ferrari,288.0,0,2
2019,12,red_bull,244.0,2,3
2019,12,mclaren,82.0,0,4
2019,12,toro_rosso,43.0,0,5
2019,12,renault,39.0,0,6
2019,12,alfa,32.0,0,7
2019,12,racing_point,31.0,0,8
2019,12,haas,26.0,0,9
2019,12,williams,1.0,0,10
2019,13,mercedes,471.0,10,1
2019,13,ferrari,326.0,1,2
2019,13,red_bull,254.0,2,3
2019,13,mclaren,82.0,0,4
2019,13,toro_rosso,51.0,0,5
2019,13,renault,43.0,0,6
2019,13,racing_point,40.0,0,7
2019,13,alfa,32.0,0,8
2019,13,haas,26.0,0,9
2019,13,williams,1.0,0,10
2019,14,mercedes,505.0,10,1
2019,14,ferrari,351.0,2,2
2019,14,red_bull,266.0,2,3
2019,14,mclaren,83.0,0,4
2019,14,renault,65.0,0,5
2019,14,toro_rosso,51.0,0,6
2019,14,racing_point,46.0,0,7
2019,14,alfa,34.0,0,8
2019,14,haas,26.0,0,9
2019,14,williams,1.0,0,10
2019,15,mercedes,527.0,10,1
2019,15,ferrari,394.0,3,2
2019,15,red_bull,289.0,2,3
2019,15,mclaren,89.0,0,4
2019,15,renault,67.0,0,5
2019,15,toro_rosso,55.0,0,6
2019,15,racing_point,46.0,0,7
2019,15,alfa,35.0,0,8
2019,15,haas,26.0,0,9
2019,15,williams,1.0,0,10
2019,16,mercedes,571.0,11,1
2019,16,ferrari,409.0,3,2
2019,16,red_bull,311.0,2,3
2019,16,mclaren,101.0,0,4
2019,16,renault,68.0,0,5
2019,16,toro_rosso,55.0,0,6
2019,16,racing_point,52.0,0,7
2019,16,alfa,35.0,0,8
2019,16,haas,28.0,0,9
2019,16,williams,1.0,0,10
2019,17,mercedes,612.0,12,1
2019,17,ferrari,435.0,3,2
2019,17,red_bull,323.0,2,3
2019,17,mclaren,111.0,0,4
2019,17,renault,68.0,0,5
2019,17,toro_rosso,62.0,0,6
2019,17,racing_point,58.0,0,7
2019,17,alfa,35.0,0,8
2019,17,haas,28.0,0,9
2019,17,williams,1.0,0,10
2019,18,mercedes,652.0,13,1
2019,18,ferrari,466.0,3,2
2019,18,red_bull,341.0,2,3
2019,18,mclaren,111.0,0,4
2019,18,renault,73.0,0,5
2019,18,toro_rosso,64.0,0,6
2019,18,racing_point,64.0,0,7
2019,18,alfa,35.0,0,8
2019,18,haas,28.0,0,9
2019,18,williams,1.0,0,10
2019,19,mercedes,695.0,14,1
2019,19,ferrari,479.0,3,2
2019,19,red_bull,366.0,2,3
2019,19,mclaren,121.0,0,4
2019,19,renault,83.0,0,5
2019,19,racing_point,65.0,0,6
2019,19,toro_rosso,64.0,0,7
2019,19,alfa,35.0,0,8
2019,19,haas,28.0,0,9
2019,19,williams,1.0,0,10
2019,20,mercedes,701.0,14,1
2019,20,ferrari,479.0,3,2
2019,20,red_bull,391.0,3,3
2019,20,mclaren,140.0,0,4
2019,20,renault,91.0,0,5
2019,20,toro_rosso,83.0,0,6
2019,20,racing_point,67.0,0,7
2019,20,alfa,57.0,0,8
2019,20,haas,28.0,0,9
2019,20,williams,1.0,0,10
2019,21,mercedes,739.0,15,1
2019,21,ferrari,504.0,3,2
2019,21,red_bull,417.0,3,3
2019,21,mclaren,145.0,0,4
2019,21,renault,91.0,0,5
2019,21,toro_rosso,85.0,0,6
2019,21,racing_point,73.0,0,7
2019,21,alfa,57.0,0,8
2019,21,haas,28.0,0,9
2019,21,williams,1.0,0,10
2020,1,mercedes,37.0,1,1
2020,1,mclaren,26.0,0,2
2020,1,ferrari,19.0,0,3
2020,1,racing_point,8.0,0,4
2020,1,alphatauri,6.0,0,5
2020,1,renault,4.0,0,6
2020,1,alfa,2.0,0,7
2020,1,williams,0.0,0,8
2020,1,red_bull,0.0,0,9
2020,1,haas,0.0,0,10
2020,2,mercedes,80.0,2,1
2020,2,mclaren,39.0,0,2
2020,2,red_bull,27.0,0,3
2020,2,racing_point,22.0,0,4
2020,2,ferrari,19.0,0,5
2020,2,renault,8.0,0,6
2020,2,alphatauri,7.0,0,7
2020,2,alfa,2.0,0,8
2020,2,williams,0.0,0,9
2020,2,haas,0.0,0,10
2020,3,mercedes,121.0,3,1
2020,3,red_bull,55.0,0,2
2020,3,mclaren,41.0,0,3
2020,3,racing_point,40.0,0,4
2020,3,ferrari,27.0,0,5
2020,3,renault,12.0,0,6
2020,3,alphatauri,7.0,0,7
2020,3,alfa,2.0,0,8
2020,3,haas,1.0,0,9
2020,3,williams,0.0,0,10
2020,4,mercedes,146.0,4,1
2020,4,red_bull,78.0,0,2
2020,4,mclaren,51.0,0,3
2020,4,ferrari,43.0,0,4
2020,4,racing_point,42.0,0,5
2020,4,renault,32.0,0,6
2020,4,alphatauri,13.0,0,7
2020,4,alfa,2.0,0,8
2020,4,haas,1.0,0,9
2020,4,williams,0.0,0,10
2020,5,mercedes,180.0,4,1
2020,5,red_bull,113.0,1,2
2020,5,ferrari,55.0,0,3
2020,5,mclaren,53.0,0,4
2020,5,racing_point,41.0,0,5
2020,5,renault,36.0,0,6
2020,5,alphatauri,14.0,0,7
2020,5,alfa,2.0,0,8
2020,5,haas,1.0,0,9
2020,5,williams,0.0,0,10
2020,6,mercedes,221.0,5,1
2020,6,red_bull,135.0,1,2
2020,6,racing_point,63.0,0,3
2020,6,mclaren,62.0,0,4
2020,6,ferrari,61.0,0,5
2020,6,renault,36.0,0,6
2020,6,alphatauri,16.0,0,7
2020,6,alfa,2.0,0,8
2020,6,haas,1.0,0,9
2020,6,williams,0.0,0,10
2020,7,mercedes,264.0,6,1
2020,7,red_bull,158.0,1,2
2020,7,mclaren,68.0,0,3
2020,7,racing_point,66.0,0,4
2020,7,ferrari,61.0,0,5
2020,7,renault,59.0,0,6
2020,7,alphatauri,20.0,0,7
2020,7,alfa,2.0,0,8
2020,7,haas,1.0,0,9
2020,7,williams,0.0,0,10
2020,8,mercedes,281.0,6,1
2020,8,red_bull,158.0,1,2
2020,8,mclaren,98.0,0,3
2020,8,racing_point,82.0,0,4
2020,8,renault,71.0,0,5
2020,8,ferrari,61.0,0,6
2020,8,alphatauri,47.0,1,7
2020,8,alfa,2.0,0,8
2020,8,haas,1.0,0,9
2020,8,williams,0.0,0,10
2020,9,mercedes,325.0,7,1
2020,9,red_bull,173.0,1,2
2020,9,mclaren,106.0,0,3
2020,9,racing_point,92.0,0,4
2020,9,renault,83.0,0,5
2020,9,ferrari,66.0,0,6
2020,9,alphatauri,53.0,1,7
2020,9,alfa,4.0,0,8
2020,9,haas,1.0,0,9
2020,9,williams,0.0,0,10
2020,10,mercedes,366.0,8,1
2020,10,red_bull,192.0,1,2
2020,10,mclaren,106.0,0,3
2020,10,racing_point,104.0,0,4
2020,10,renault,99.0,0,5
2020,10,ferrari,74.0,0,6
2020,10,alphatauri,59.0,1,7
2020,10,alfa,4.0,0,8
2020,10,haas,1.0,0,9
2020,10,williams,0.0,0,10
2020,11,mercedes,391.0,9,1
2020,11,red_bull,211.0,1,2
2020,11,racing_point,120.0,0,3
2020,11,mclaren,116.0,0,4
2020,11,renault,114.0,0,5
2020,11,ferrari,80.0,0,6
2020,11,alphatauri,67.0,1,7
2020,11,alfa,5.0,0,8
2020,11,haas,3.0,0,9
2020,11,williams,0.0,0,10
2020,12,mercedes,435.0,10,1
2020,12,red_bull,226.0,1,2
2020,12,racing_point,126.0,0,3
2020,12,mclaren,124.0,0,4
2020,12,renault,120.0,0,5
2020,12,ferrari,93.0,0,6
2020,12,alphatauri,77.0,1,7
2020,12,alfa,5.0,0,8
2020,12,haas,3.0,0,9
2020,12,williams,0.0,0,10
2020,13,mercedes,479.0,11,1
2020,13,red_bull,226.0,1,2
2020,13,renault,135.0,0,3
2020,13,mclaren,134.0,0,4
2020,13,racing_point,134.0,0,5
2020,13,ferrari,103.0,0,6
2020,13,alphatauri,89.0,1,7
2020,13,alfa,8.0,0,8
2020,13,haas,3.0,0,9
2020,13,williams,0.0,0,10
2020,14,mercedes,504.0,12,1
2020,14,red_bull,240.0,1,2
2020,14,racing_point,154.0,0,3
2020,14,mclaren,149.0,0,4
2020,14,renault,136.0,0,5
2020,14,ferrari,130.0,0,6
2020,14,alphatauri,89.0,1,7
2020,14,alfa,8.0,0,8
2020,14,haas,3.0,0,9
2020,14,williams,0.0,0,10
2020,15,mercedes,533.0,13,1
2020,15,red_bull,274.0,1,2
2020,15,mclaren,171.0,0,3
2020,15,racing_point,154.0,0,4
2020,15,renault,144.0,0,5
2020,15,ferrari,131.0,0,6
2020,15,alphatauri,97.0,1,7
2020,15,alfa,8.0,0,8
2020,15,haas,3.0,0,9
2020,15,williams,0.0,0,10
2020,16,mercedes,540.0,13,1
2020,16,red_bull,282.0,1,2
2020,16,racing_point,194.0,1,3
2020,16,mclaren,184.0,0,4
2020,16,renault,172.0,0,5
2020,16,ferrari,131.0,0,6
2020,16,alphatauri,103.0,1,7
2020,16,alfa,8.0,0,8
2020,16,haas,3.0,0,9
2020,16,williams,0.0,0,10
2020,17,mercedes,573.0,13,1
2020,17,red_bull,319.0,2,2
2020,17,mclaren,202.0,0,3
2020,17,racing_point,195.0,1,4
2020,17,renault,181.0,0,5
2020,17,ferrari,131.0,0,6
2020,17,alphatauri,107.0,1,7
2020,17,alfa,8.0,0,8
2020,17,haas,3.0,0,9
2020,17,williams,0.0,0,10
2021,1,mercedes,41.0,1,1
2021,1,red_bull,28.0,0,2
2021,1,mclaren,18.0,0,3
2021,1,ferrari,12.0,0,4
2021,1,alphatauri,2.0,0,5
2021,1,aston_martin,1.0,0,6
2021,1,alfa,0.0,0,7
2021,1,alpine,0.0,0,8
2021,1,williams,0.0,0,9
2021,1,haas,0.0,0,10
2021,2,mercedes,60.0,1,1
2021,2,red_bull,53.0,1,2
2021,2,mclaren,41.0,0,3
2021,2,ferrari,34.0,0,4
2021,2,alphatauri,8.0,0,5
2021,2,aston_martin,5.0,0,6
2021,2,alpine,3.0,0,7
2021,2,alfa,0.0,0,8
2021,2,williams,0.0,0,9
2021,2,haas,0.0,0,10
2021,3,mercedes,101.0,2,1
2021,3,red_bull,83.0,1,2
2021,3,mclaren,53.0,0,3
2021,3,ferrari,42.0,0,4
2021,3,alpine,13.0,0,5
2021,3,alphatauri,9.0,0,6
2021,3,aston_martin,5.0,0,7
2021,3,alfa,0.0,0,8
2021,3,williams,0.0,0,9
2021,3,haas,0.0,0,10
2021,4,mercedes,141.0,3,1
2021,4,red_bull,112.0,1,2
2021,4,mclaren,65.0,0,3
2021,4,ferrari,60.0,0,4
2021,4,alpine,15.0,0,5
2021,4,alphatauri,10.0,0,6
2021,4,aston_martin,5.0,0,7
2021,4,alfa,0.0,0,8
2021,4,williams,0.0,0,9
2021,4,haas,0.0,0,10
2021,5,red_bull,149.0,2,1
2021,5,mercedes,148.0,3,2
2021,5,mclaren,80.0,0,3
2021,5,ferrari,78.0,0,4
2021,5,aston_martin,19.0,0,5
2021,5,alphatauri,18.0,0,6
2021,5,alpine,17.0,0,7
2021,5,alfa,1.0,0,8
2021,5,williams,0.0,0,9
2021,5,haas,0.0,0,10
2021,6,red_bull,174.0,3,1
2021,6,mercedes,148.0,3,2
2021,6,ferrari,94.0,0,3
2021,6,mclaren,92.0,0,4
2021,6,alphatauri,39.0,0,5
2021,6,aston_martin,37.0,0,6
2021,6,alpine,25.0,0,7
2021,6,alfa,2.0,0,8
2021,6,haas,0.0,0,9
2021,6,williams,0.0,0,10
2021,7,red_bull,215.0,4,1
2021,7,mercedes,178.0,3,2
2021,7,mclaren,110.0,0,3
2021,7,ferrari,94.0,0,4
2021,7,alphatauri,45.0,0,5
2021,7,aston_martin,40.0,0,6
2021,7,alpine,29.0,0,7
2021,7,alfa,2.0,0,8
2021,7,williams,0.0,0,9
2021,7,haas,0.0,0,10
2021,8,red_bull,252.0,5,1
2021,8,mercedes,212.0,3,2
2021,8,mclaren,120.0,0,3
2021,8,ferrari,108.0,0,4
2021,8,alphatauri,46.0,0,5
2021,8,aston_martin,44.0,0,6
2021,8,alpine,31.0,0,7
2021,8,alfa,2.0,0,8
2021,8,williams,0.0,0,9
2021,8,haas,0.0,0,10
2021,9,red_bull,286.0,6,1
2021,9,mercedes,242.0,3,2
2021,9,mclaren,141.0,0,3
2021,9,ferrari,122.0,0,4
2021,9,alphatauri,48.0,0,5
2021,9,aston_martin,44.0,0,6
2021,9,alpine,32.0,0,7
2021,9,alfa,2.0,0,8
2021,9,williams,0.0,0,9
2021,9,haas,0.0,0,10
2021,10,red_bull,289.0,6,1
2021,10,mercedes,285.0,4,2
2021,10,mclaren,163.0,0,3
2021,10,ferrari,148.0,0,4
2021,10,alphatauri,49.0,0,5
2021,10,aston_martin,48.0,0,6
2021,10,alpine,40.0,0,7
2021,10,alfa,2.0,0,8
2021,10,williams,0.0,0,9
2021,10,haas,0.0,0,10
2021,11,mercedes,303.0,4,1
2021,11,red_bull,291.0,6,2
2021,11,ferrari,163.0,0,3
2021,11,mclaren,163.0,0,4
2021,11,alpine,77.0,1,5
2021,11,alphatauri,68.0,0,6
2021,11,aston_martin,48.0,0,7
2021,11,williams,10.0,0,8
2021,11,alfa,3.0,0,9
2021,11,haas,0.0,0,10
2021,12,mercedes,310.5,4,1
2021,12,red_bull,303.5,7,2
2021,12,mclaren,169.0,0,3
2021,12,ferrari,165.5,0,4
2021,12,alpine,80.0,1,5
2021,12,alphatauri,72.0,0,6
2021,12,aston_martin,53.0,0,7
2021,12,williams,20.0,0,8
2021,12,alfa,3.0,0,9
2021,12,haas,0.0,0,10
2021,13,mercedes,344.5,4,1
2021,13,red_bull,332.5,8,2
2021,13,ferrari,181.5,0,3
2021,13,mclaren,170.0,0,4
2021,13,alpine,90.0,1,5
2021,13,alphatauri,84.0,0,6
2021,13,aston_martin,53.0,0,7
2021,13,williams,20.0,0,8
2021,13,alfa,3.0,0,9
2021,13,haas,0.0,0,10
2021,14,mercedes,362.5,4,1
2021,14,red_bull,344.5,8,2
2021,14,mclaren,215.0,1,3
2021,14,ferrari,201.5,0,4
2021,14,alpine,95.0,1,5
2021,14,alphatauri,84.0,0,6
2021,14,aston_martin,59.0,0,7
2021,14,williams,22.0,0,8
2021,14,alfa,3.0,0,9
2021,14,haas,0.0,0,10
2021,15,mercedes,397.5,5,1
2021,15,red_bull,364.5,8,2
2021,15,mclaren,234.0,1,3
2021,15,ferrari,216.5,0,4
2021,15,alpine,103.0,1,5
2021,15,alphatauri,84.0,0,6
2021,15,aston_martin,59.0,0,7
2021,15,williams,23.0,0,8
2021,15,alfa,7.0,0,9
2021,15,haas,0.0,0,10
2021,16,mercedes,433.5,6,1
2021,16,red_bull,397.5,8,2
2021,16,mclaren,240.0,1,3
2021,16,ferrari,232.5,0,4
2021,16,alpine,104.0,1,5
2021,16,alphatauri,92.0,0,6
2021,16,aston_martin,61.0,0,7
2021,16,williams,23.0,0,8
2021,16,alfa,7.0,0,9
2021,16,haas,0.0,0,10
2021,17,mercedes,460.5,6,1
2021,17,red_bull,437.5,9,2
2021,17,mclaren,254.0,1,3
2021,17,ferrari,250.5,0,4
2021,17,alpine,104.0,1,5
2021,17,alphatauri,94.0,0,6
2021,17,aston_martin,62.0,0,7
2021,17,williams,23.0,0,8
2021,17,alfa,7.0,0,9
2021,17,haas,0.0,0,10
2021,18,mercedes,478.5,6,1
2021,18,red_bull,477.5,10,2
2021,18,ferrari,268.5,0,3
2021,18,mclaren,255.0,1,4
2021,18,alpine,106.0,1,5
2021,18,alphatauri,106.0,0,6
2021,18,aston_martin,68.0,0,7
2021,18,williams,23.0,0,8
2021,18,alfa,11.0,0,9
2021,18,haas,0.0,0,10
2021,19,mercedes,521.5,7,1
2021,19,red_bull,510.5,10,2
2021,19,ferrari,287.5,0,3
2021,19,mclaren,256.0,1,4
2021,19,alpine,112.0,1,5
2021,19,alphatauri,112.0,0,6
2021,19,aston_martin,68.0,0,7
2021,19,williams,23.0,0,8
2021,19,alfa,11.0,0,9
2021,19,haas,0.0,0,10
2021,20,mercedes,546.5,8,1
2021,20,red_bull,541.5,10,2
2021,20,ferrari,297.5,0,3
2021,20,mclaren,258.0,1,4
2021,20,alpine,137.0,1,5
2021,20,alphatauri,112.0,0,6
2021,20,aston_martin,77.0,0,7
2021,20,williams,23.0,0,8
2021,20,alfa,11.0,0,9
2021,20,haas,0.0,0,10
2021,21,mercedes,587.5,9,1
2021,21,red_bull,559.5,10,2
2021,21,ferrari,307.5,0,3
2021,21,mclaren,269.0,1,4
2021,21,alpine,149.0,1,5
2021,21,alphatauri,120.0,0,6
2021,21,aston_martin,77.0,0,7
2021,21,williams,23.0,0,8
2021,21,alfa,13.0,0,9
2021,21,haas,0.0,0,10
2021,22,mercedes,613.5,9,1
2021,22,red_bull,585.5,11,2
2021,22,ferrari,323.5,0,3
2021,22,mclaren,275.0,1,4
2021,22,alpine,155.0,1,5
2021,22,alphatauri,142.0,0,6
2021,22,aston_martin,77.0,0,7
2021,22,williams,23.0,0,8
2021,22,alfa,13.0,0,9
2021,22,haas,0.0,0,10
2022,1,ferrari,44.0,1,1
2022,1,mercedes,27.0,0,2
2022,1,haas,10.0,0,3
2022,1,alfa,9.0,0,4
2022,1,alpine,8.0,0,5
2022,1,alphatauri,4.0,0,6
2022,1,aston_martin,0.0,0,7
2022,1,williams,0.0,0,8
2022,1,mclaren,0.0,0,9
2022,1,red_bull,0.0,0,10
2022,2,ferrari,78.0,1,1
2022,2,mercedes,38.0,0,2
2022,2,red_bull,37.0,1,3
2022,2,alpine,16.0,0,4
2022,2,haas,12.0,0,5
2022,2,alfa,9.0,0,6
2022,2,alphatauri,8.0,0,7
2022,2,mclaren,6.0,0,8
2022,2,aston_martin,0.0,0,9
2022,2,williams,0.0,0,10
2022,3,ferrari,104.0,2,1
2022,3,mercedes,65.0,0,2
2022,3,red_bull,55.0,1,3
2022,3,mclaren,24.0,0,4
2022,3,alpine,22.0,0,5
2022,3,alfa,13.0,0,6
2022,3,haas,12.0,0,7
2022,3,alphatauri,10.0,0,8
2022,3,williams,1.0,0,9
2022,3,aston_martin,0.0,0,10
2022,4,ferrari,124.0,2,1
2022,4,red_bull,113.0,2,2
2022,4,mercedes,77.0,0,3
2022,4,mclaren,46.0,0,4
2022,4,alfa,25.0,0,5
2022,4,alpine,22.0,0,6
2022,4,alphatauri,16.0,0,7
2022,4,haas,15.0,0,8
2022,4,aston_martin,5.0,0,9
2022,4,williams,1.0,0,10
2022,5,ferrari,157.0,2,1
2022,5,red_bull,151.0,3,2
2022,5,mercedes,95.0,0,3
2022,5,mclaren,46.0,0,4
2022,5,alfa,31.0,0,5
2022,5,alpine,26.0,0,6
2022,5,alphatauri,16.0,0,7
2022,5,haas,15.0,0,8
2022,5,aston_martin,6.0,0,9
2022,5,williams,3.0,0,10
2022,6,red_bull,195.0,4,1
2022,6,ferrari,169.0,2,2
2022,6,mercedes,120.0,0,3
2022,6,mclaren,50.0,0,4
2022,6,alfa,39.0,0,5
2022,6,alpine,34.0,0,6
2022,6,alphatauri,17.0,0,7
2022,6,haas,15.0,0,8
2022,6,aston_martin,6.0,0,9
2022,6,williams,3.0,0,10
2022,7,red_bull,235.0,5,1
2022,7,ferrari,199.0,2,2
2022,7,mercedes,134.0,0,3
2022,7,mclaren,59.0,0,4
2022,7,alfa,41.0,0,5
2022,7,alpine,40.0,0,6
2022,7,alphatauri,17.0,0,7
2022,7,haas,15.0,0,8
2022,7,aston_martin,7.0,0,9
2022,7,williams,3.0,0,10
2022,8,red_bull,279.0,6,1
2022,8,ferrari,199.0,2,2
2022,8,mercedes,161.0,0,3
2022,8,mclaren,65.0,0,4
2022,8,alpine,47.0,0,5
2022,8,alfa,41.0,0,6
2022,8,alphatauri,27.0,0,7
2022,8,haas,15.0,0,8
2022,8,aston_martin,15.0,0,9
2022,8,williams,3.0,0,10
2022,9,red_bull,304.0,7,1
2022,9,ferrari,228.0,2,2
2022,9,mercedes,188.0,0,3
2022,9,mclaren,65.0,0,4
2022,9,alpine,57.0,0,5
2022,9,alfa,51.0,0,6
2022,9,alphatauri,27.0,0,7
2022,9,aston_martin,16.0,0,8
2022,9,haas,15.0,0,9
2022,9,williams,3.0,0,10
2022,10,red_bull,328.0,7,1
2022,10,ferrari,265.0,3,2
2022,10,mercedes,204.0,0,3
2022,10,mclaren,73.0,0,4
2022,10,alpine,67.0,0,5
2022,10,alfa,51.0,0,6
2022,10,alphatauri,27.0,0,7
2022,10,haas,20.0,0,8
2022,10,aston_martin,18.0,0,9
2022,10,williams,3.0,0,10
2022,11,red_bull,359.0,7,1
2022,11,ferrari,303.0,4,2
2022,11,mercedes,237.0,0,3
2022,11,mclaren,81.0,0,4
2022,11,alpine,81.0,0,5
2022,11,alfa,51.0,0,6
2022,11,haas,34.0,0,7
2022,11,alphatauri,27.0,0,8
2022,11,aston_martin,18.0,0,9
2022,11,williams,3.0,0,10
2022,12,red_bull,396.0,8,1
2022,12,ferrari,314.0,4,2
2022,12,mercedes,270.0,0,3
2022,12,alpine,93.0,0,4
2022,12,mclaren,89.0,0,5
2022,12,alfa,51.0,0,6
2022,12,haas,34.0,0,7
2022,12,alphatauri,27.0,0,8
2022,12,aston_martin,19.0,0,9
2022,12,williams,3.0,0,10
2022,13,red_bull,431.0,9,1
2022,13,ferrari,334.0,4,2
2022,13,mercedes,304.0,0,3
2022,13,alpine,99.0,0,4
2022,13,mclaren,95.0,0,5
2022,13,alfa,51.0,0,6
2022,13,haas,34.0,0,7
2022,13,alphatauri,27.0,0,8
2022,13,aston_martin,20.0,0,9
2022,13,williams,3.0,0,10
2022,14,red_bull,475.0,10,1
2022,14,ferrari,357.0,4,2
2022,14,mercedes,316.0,0,3
2022,14,alpine,115.0,0,4
2022,14,mclaren,95.0,0,5
2022,14,alfa,51.0,0,6
2022,14,haas,34.0,0,7
2022,14,alphatauri,29.0,0,8
2022,14,aston_martin,24.0,0,9
2022,14,williams,4.0,0,10
2022,15,red_bull,511.0,11,1
2022,15,ferrari,376.0,4,2
2022,15,mercedes,346.0,0,3
2022,15,alpine,125.0,0,4
2022,15,mclaren,101.0,0,5
2022,15,alfa,51.0,0,6
2022,15,haas,34.0,0,7
2022,15,alphatauri,29.0,0,8
2022,15,aston_martin,25.0,0,9
2022,15,williams,4.0,0,10
2022,16,red_bull,545.0,12,1
2022,16,ferrari,406.0,4,2
2022,16,mercedes,371.0,0,3
2022,16,alpine,125.0,0,4
2022,16,mclaren,107.0,0,5
2022,16,alfa,52.0,0,6
2022,16,haas,34.0,0,7
2022,16,alphatauri,33.0,0,8
2022,16,aston_martin,25.0,0,9
2022,16,williams,6.0,0,10
2022,17,red_bull,576.0,13,1
2022,17,ferrari,439.0,4,2
2022,17,mercedes,373.0,0,3
2022,17,mclaren,129.0,0,4
2022,17,alpine,125.0,0,5
2022,17,alfa,52.0,0,6
2022,17,aston_martin,37.0,0,7
2022,17,haas,34.0,0,8
2022,17,alphatauri,34.0,0,9
2022,17,williams,6.0,0,10
2022,18,red_bull,619.0,14,1
2022,18,ferrari,454.0,4,2
2022,18,mercedes,387.0,0,3
2022,18,alpine,143.0,0,4
2022,18,mclaren,130.0,0,5
2022,18,alfa,52.0,0,6
2022,18,aston_martin,45.0,0,7
2022,18,haas,34.0,0,8
2022,18,alphatauri,34.0,0,9
2022,18,williams,8.0,0,10
2022,19,red_bull,656.0,15,1
2022,19,ferrari,469.0,4,2
2022,19,mercedes,416.0,0,3
2022,19,alpine,149.0,0,4
2022,19,mclaren,138.0,0,5
2022,19,alfa,52.0,0,6
2022,19,aston_martin,49.0,0,7
2022,19,haas,36.0,0,8
2022,19,alphatauri,35.0,0,9
2022,19,williams,8.0,0,10
2022,20,red_bull,696.0,16,1
2022,20,ferrari,487.0,4,2
2022,20,mercedes,447.0,0,3
2022,20,alpine,153.0,0,4
2022,20,mclaren,146.0,0,5
2022,20,alfa,53.0,0,6
2022,20,aston_martin,49.0,0,7
2022,20,haas,36.0,0,8
2022,20,alphatauri,35.0,0,9
2022,20,williams,8.0,0,10
2022,21,red_bull,719.0,16,1
2022,21,ferrari,524.0,4,2
2022,21,mercedes,505.0,1,3
2022,21,alpine,167.0,0,4
2022,21,mclaren,148.0,0,5
2022,21,alfa,55.0,0,6
2022,21,aston_martin,50.0,0,7
2022,21,haas,37.0,0,8
2022,21,alphatauri,35.0,0,9
2022,21,williams,8.0,0,10
2022,22,red_bull,759.0,17,1
2022,22,ferrari,554.0,4,2
2022,22,mercedes,515.0,1,3
2022,22,alpine,173.0,0,4
2022,22,mclaren,159.0,0,5
2022,22,alfa,55.0,0,6
2022,22,aston_martin,55.0,0,7
2022,22,haas,37.0,0,8
2022,22,alphatauri,35.0,0,9
2022,22,williams,8.0,0,10
