season,round,driver,driver_points,driver_wins,driver_standings_pos
2014,1,rosberg,25.0,1,1
2014,1,kevin_magnussen,18.0,0,2
2014,1,button,15.0,0,3
2014,1,alonso,12.0,0,4
2014,1,bottas,10.0,0,5
2014,1,hulkenberg,8.0,0,6
2014,1,raikkonen,6.0,0,7
2014,1,vergne,4.0,0,8
2014,1,kvyat,2.0,0,9
2014,1,perez,1.0,0,10
2014,1,sutil,0.0,0,11
2014,1,gutierrez,0.0,0,12
2014,1,chilton,0.0,0,13
2014,1,jules_bianchi,0.0,0,14
2014,1,grosjean,0.0,0,15
2014,1,maldonado,0.0,0,16
2014,1,ericsson,0.0,0,17
2014,1,vettel,0.0,0,18
2014,1,hamilton,0.0,0,19
2014,1,massa,0.0,0,20
2014,1,kobayashi,0.0,0,21
2014,1,ricciardo,0.0,0,22
2014,2,rosberg,43.0,1,1
2014,2,hamilton,25.0,1,2
2014,2,alonso,24.0,0,3
2014,2,button,23.0,0,4
2014,2,kevin_magnussen,20.0,0,5
2014,2,hulkenberg,18.0,0,6
2014,2,vettel,15.0,0,7
2014,2,bottas,14.0,0,8
2014,2,raikkonen,6.0,0,9
2014,2,massa,6.0,0,10
2014,2,vergne,4.0,0,11
2014,2,kvyat,3.0,0,12
2014,2,perez,1.0,0,13
2014,2,grosjean,0.0,0,14
2014,2,sutil,0.0,0,15
2014,2,gutierrez,0.0,0,16
2014,2,chilton,0.0,0,17
2014,2,kobayashi,0.0,0,18
2014,2,ericsson,0.0,0,19
2014,2,jules_bianchi,0.0,0,20
2014,2,maldonado,0.0,0,21
2014,2,ricciardo,0.0,0,22
2014,3,rosberg,61.0,1,1
2014,3,hamilton,50.0,2,2
2014,3,hulkenberg,28.0,0,3
2014,3,alonso,26.0,0,4
2014,3,button,23.0,0,5
2014,3,vettel,23.0,0,6
2014,3,kevin_magnussen,20.0,0,7
2014,3,bottas,18.0,0,8
2014,3,perez,16.0,0,9
2014,3,ricciardo,12.0,0,10
2014,3,massa,12.0,0,11
2014,3,raikkonen,7.0,0,12
2014,3,vergne,4.0,0,13
2014,3,kvyat,3.0,0,14
2014,3,grosjean,0.0,0,15
2014,3,sutil,0.0,0,16
2014,3,gutierrez,0.0,0,17
2014,3,chilton,0.0,0,18
2014,3,kobayashi,0.0,0,19
2014,3,maldonado,0.0,0,20
2014,3,ericsson,0.0,0,21
2014,3,jules_bianchi,0.0,0,22
2014,4,rosberg,79.0,1,1
2014,4,hamilton,75.0,3,2
2014,4,alonso,41.0,0,3
2014,4,hulkenberg,36.0,0,4
2014,4,vettel,33.0,0,5
2014,4,ricciardo,24.0,0,6
2014,4,bottas,24.0,0,7
2014,4,button,23.0,0,8
2014,4,kevin_magnussen,20.0,0,9
2014,4,perez,18.0,0,10
2014,4,massa,12.0,0,11
2014,4,raikkonen,11.0,0,12
2014,4,vergne,4.0,0,13
2014,4,kvyat,4.0,0,14
2014,4,grosjean,0.0,0,15
2014,4,sutil,0.0,0,16
2014,4,gutierrez,0.0,0,17
2014,4,chilton,0.0,0,18
2014,4,kobayashi,0.0,0,19
2014,4,maldonado,0.0,0,20
2014,4,ericsson,0.0,0,21
2014,4,jules_bianchi,0.0,0,22
2014,5,hamilton,100.0,4,1
2014,5,rosberg,97.0,1,2
2014,5,alonso,49.0,0,3
2014,5,vettel,45.0,0,4
2014,5,ricciardo,39.0,0,5
2014,5,hulkenberg,37.0,0,6
2014,5,bottas,34.0,0,7
2014,5,button,23.0,0,8
2014,5,kevin_magnussen,20.0,0,9
2014,5,perez,20.0,0,10
2014,5,raikkonen,17.0,0,11
2014,5,massa,12.0,0,12
2014,5,grosjean,4.0,0,13
2014,5,vergne,4.0,0,14
2014,5,kvyat,4.0,0,15
2014,5,sutil,0.0,0,16
2014,5,gutierrez,0.0,0,17
2014,5,chilton,0.0,0,18
2014,5,kobayashi,0.0,0,19
2014,5,maldonado,0.0,0,20
2014,5,ericsson,0.0,0,21
2014,5,jules_bianchi,0.0,0,22
2014,6,rosberg,122.0,2,1
2014,6,hamilton,118.0,4,2
2014,6,alonso,61.0,0,3
2014,6,ricciardo,54.0,0,4
2014,6,hulkenberg,47.0,0,5
2014,6,vettel,45.0,0,6
2014,6,bottas,34.0,0,7
2014,6,button,31.0,0,8
2014,6,kevin_magnussen,21.0,0,9
2014,6,perez,20.0,0,10
2014,6,massa,18.0,0,11
2014,6,raikkonen,17.0,0,12
2014,6,grosjean,8.0,0,13
2014,6,vergne,4.0,0,14
2014,6,kvyat,4.0,0,15
2014,6,jules_bianchi,2.0,0,16
2014,6,ericsson,0.0,0,17
2014,6,sutil,0.0,0,18
2014,6,gutierrez,0.0,0,19
2014,6,chilton,0.0,0,20
2014,6,kobayashi,0.0,0,21
2014,6,maldonado,0.0,0,22
2014,7,rosberg,140.0,2,1
2014,7,hamilton,118.0,4,2
2014,7,ricciardo,79.0,1,3
2014,7,alonso,69.0,0,4
2014,7,vettel,60.0,0,5
2014,7,hulkenberg,57.0,0,6
2014,7,button,43.0,0,7
2014,7,bottas,40.0,0,8
2014,7,kevin_magnussen,23.0,0,9
2014,7,perez,20.0,0,10
2014,7,massa,18.0,0,11
2014,7,raikkonen,18.0,0,12
2014,7,grosjean,8.0,0,13
2014,7,vergne,8.0,0,14
2014,7,kvyat,4.0,0,15
2014,7,jules_bianchi,2.0,0,16
2014,7,sutil,0.0,0,17
2014,7,ericsson,0.0,0,18
2014,7,gutierrez,0.0,0,19
2014,7,chilton,0.0,0,20
2014,7,kobayashi,0.0,0,21
2014,7,maldonado,0.0,0,22
2014,8,rosberg,165.0,3,1
2014,8,hamilton,136.0,4,2
2014,8,ricciardo,83.0,1,3
2014,8,alonso,79.0,0,4
2014,8,vettel,60.0,0,5
2014,8,hulkenberg,59.0,0,6
2014,8,bottas,55.0,0,7
2014,8,button,43.0,0,8
2014,8,massa,30.0,0,9
2014,8,kevin_magnussen,29.0,0,10
2014,8,perez,28.0,0,11
2014,8,raikkonen,19.0,0,12
2014,8,grosjean,8.0,0,13
2014,8,vergne,8.0,0,14
2014,8,kvyat,4.0,0,15
2014,8,jules_bianchi,2.0,0,16
2014,8,sutil,0.0,0,17
2014,8,ericsson,0.0,0,18
2014,8,maldonado,0.0,0,19
2014,8,gutierrez,0.0,0,20
2014,8,chilton,0.0,0,21
2014,8,kobayashi,0.0,0,22
2014,9,rosberg,165.0,3,1
2014,9,hamilton,161.0,5,2
2014,9,ricciardo,98.0,1,3
2014,9,alonso,87.0,0,4
2014,9,bottas,73.0,0,5
2014,9,vettel,70.0,0,6
2014,9,hulkenberg,63.0,0,7
2014,9,button,55.0,0,8
2014,9,kevin_magnussen,35.0,0,9
2014,9,massa,30.0,0,10
2014,9,perez,28.0,0,11
2014,9,raikkonen,19.0,0,12
2014,9,vergne,9.0,0,13
2014,9,grosjean,8.0,0,14
2014,9,kvyat,6.0,0,15
2014,9,jules_bianchi,2.0,0,16
2014,9,sutil,0.0,0,17
2014,9,ericsson,0.0,0,18
2014,9,maldonado,0.0,0,19
2014,9,gutierrez,0.0,0,20
2014,9,chilton,0.0,0,21
2014,9,kobayashi,0.0,0,22
2014,10,rosberg,190.0,4,1
2014,10,hamilton,176.0,5,2
2014,10,ricciardo,106.0,1,3
2014,10,alonso,97.0,0,4
2014,10,bottas,91.0,0,5
2014,10,vettel,82.0,0,6
2014,10,hulkenberg,69.0,0,7
2014,10,button,59.0,0,8
2014,10,kevin_magnussen,37.0,0,9
2014,10,massa,30.0,0,10
2014,10,perez,29.0,0,11
2014,10,raikkonen,19.0,0,12
2014,10,vergne,9.0,0,13
2014,10,grosjean,8.0,0,14
2014,10,kvyat,6.0,0,15
2014,10,jules_bianchi,2.0,0,16
2014,10,sutil,0.0,0,17
2014,10,ericsson,0.0,0,18
2014,10,maldonado,0.0,0,19
2014,10,gutierrez,0.0,0,20
2014,10,chilton,0.0,0,21
2014,10,kobayashi,0.0,0,22
2014,11,rosberg,202.0,4,1
2014,11,hamilton,191.0,5,2
2014,11,ricciardo,131.0,2,3
2014,11,alonso,115.0,0,4
2014,11,bottas,95.0,0,5
2014,11,vettel,88.0,0,6
2014,11,hulkenberg,69.0,0,7
2014,11,button,60.0,0,8
2014,11,massa,40.0,0,9
2014,11,kevin_magnussen,37.0,0,10
2014,11,perez,29.0,0,11
2014,11,raikkonen,27.0,0,12
2014,11,vergne,11.0,0,13
2014,11,grosjean,8.0,0,14
2014,11,kvyat,6.0,0,15
2014,11,jules_bianchi,2.0,0,16
2014,11,sutil,0.0,0,17
2014,11,ericsson,0.0,0,18
2014,11,maldonado,0.0,0,19
2014,11,gutierrez,0.0,0,20
2014,11,chilton,0.0,0,21
2014,11,kobayashi,0.0,0,22
2014,12,rosberg,220.0,4,1
2014,12,hamilton,191.0,5,2
2014,12,ricciardo,156.0,3,3
2014,12,alonso,121.0,0,4
2014,12,bottas,110.0,0,5
2014,12,vettel,98.0,0,6
2014,12,hulkenberg,70.0,0,7
2014,12,button,68.0,0,8
2014,12,massa,40.0,0,9
2014,12,raikkonen,39.0,0,10
2014,12,kevin_magnussen,37.0,0,11
2014,12,perez,33.0,0,12
2014,12,vergne,11.0,0,13
2014,12,grosjean,8.0,0,14
2014,12,kvyat,8.0,0,15
2014,12,jules_bianchi,2.0,0,16
2014,12,sutil,0.0,0,17
2014,12,ericsson,0.0,0,18
2014,12,maldonado,0.0,0,19
2014,12,gutierrez,0.0,0,20
2014,12,chilton,0.0,0,21
2014,12,kobayashi,0.0,0,22
2014,12,lotterer,0.0,0,23
2014,13,rosberg,238.0,4,1
2014,13,hamilton,216.0,6,2
2014,13,ricciardo,166.0,3,3
2014,13,bottas,122.0,0,4
2014,13,alonso,121.0,0,5
2014,13,vettel,106.0,0,6
2014,13,button,72.0,0,7
2014,13,hulkenberg,70.0,0,8
2014,13,massa,55.0,0,9
2014,13,raikkonen,41.0,0,10
2014,13,perez,39.0,0,11
2014,13,kevin_magnussen,38.0,0,12
2014,13,vergne,11.0,0,13
2014,13,grosjean,8.0,0,14
2014,13,kvyat,8.0,0,15
2014,13,jules_bianchi,2.0,0,16
2014,13,sutil,0.0,0,17
2014,13,ericsson,0.0,0,18
2014,13,maldonado,0.0,0,19
2014,13,gutierrez,0.0,0,20
2014,13,chilton,0.0,0,21
2014,13,kobayashi,0.0,0,22
2014,13,lotterer,0.0,0,23
2014,14,hamilton,241.0,7,1
2014,14,rosberg,238.0,4,2
2014,14,ricciardo,181.0,3,3
2014,14,alonso,133.0,0,4
2014,14,vettel,124.0,0,5
2014,14,bottas,122.0,0,6
2014,14,button,72.0,0,7
2014,14,hulkenberg,72.0,0,8
2014,14,massa,65.0,0,9
2014,14,perez,45.0,0,10
2014,14,raikkonen,45.0,0,11
2014,14,kevin_magnussen,39.0,0,12
2014,14,vergne,19.0,0,13
2014,14,grosjean,8.0,0,14
2014,14,kvyat,8.0,0,15
2014,14,jules_bianchi,2.0,0,16
2014,14,sutil,0.0,0,17
2014,14,ericsson,0.0,0,18
2014,14,maldonado,0.0,0,19
2014,14,gutierrez,0.0,0,20
2014,14,chilton,0.0,0,21
2014,14,kobayashi,0.0,0,22
2014,14,lotterer,0.0,0,23
2014,15,hamilton,266.0,8,1
2014,15,rosberg,256.0,4,2
2014,15,ricciardo,193.0,3,3
2014,15,vettel,139.0,0,4
2014,15,alonso,133.0,0,5
2014,15,bottas,130.0,0,6
2014,15,button,82.0,0,7
2014,15,hulkenberg,76.0,0,8
2014,15,massa,71.0,0,9
2014,15,perez,46.0,0,10
2014,15,raikkonen,45.0,0,11
2014,15,kevin_magnussen,39.0,0,12
2014,15,vergne,21.0,0,13
2014,15,grosjean,8.0,0,14
2014,15,kvyat,8.0,0,15
2014,15,jules_bianchi,2.0,0,16
2014,15,sutil,0.0,0,17
2014,15,ericsson,0.0,0,18
2014,15,maldonado,0.0,0,19
2014,15,gutierrez,0.0,0,20
2014,15,chilton,0.0,0,21
2014,15,kobayashi,0.0,0,22
2014,15,lotterer,0.0,0,23
2014,16,hamilton,291.0,9,1
2014,16,rosberg,274.0,4,2
2014,16,ricciardo,199.0,3,3
2014,16,bottas,145.0,0,4
2014,16,vettel,143.0,0,5
2014,16,alonso,141.0,0,6
2014,16,button,94.0,0,7
2014,16,hulkenberg,76.0,0,8
2014,16,massa,71.0,0,9
2014,16,kevin_magnussen,49.0,0,10
2014,16,perez,47.0,0,11
2014,16,raikkonen,47.0,0,12
2014,16,vergne,21.0,0,13
2014,16,grosjean,8.0,0,14
2014,16,kvyat,8.0,0,15
2014,16,jules_bianchi,2.0,0,16
2014,16,sutil,0.0,0,17
2014,16,ericsson,0.0,0,18
2014,16,maldonado,0.0,0,19
2014,16,gutierrez,0.0,0,20
2014,16,chilton,0.0,0,21
2014,16,kobayashi,0.0,0,22
2014,16,lotterer,0.0,0,23
2014,17,hamilton,316.0,10,1
2014,17,rosberg,292.0,4,2
2014,17,ricciardo,214.0,3,3
2014,17,bottas,155.0,0,4
2014,17,vettel,149.0,0,5
2014,17,alonso,149.0,0,6
2014,17,button,94.0,0,7
2014,17,massa,83.0,0,8
2014,17,hulkenberg,76.0,0,9
2014,17,kevin_magnussen,53.0,0,10
2014,17,perez,47.0,0,11
2014,17,raikkonen,47.0,0,12
2014,17,vergne,22.0,0,13
2014,17,grosjean,8.0,0,14
2014,17,kvyat,8.0,0,15
2014,17,maldonado,2.0,0,16
2014,17,jules_bianchi,2.0,0,17
2014,17,sutil,0.0,0,18
2014,17,ericsson,0.0,0,19
2014,17,gutierrez,0.0,0,20
2014,17,chilton,0.0,0,21
2014,17,kobayashi,0.0,0,22
2014,17,lotterer,0.0,0,23
2014,18,hamilton,334.0,10,1
2014,18,rosberg,317.0,5,2
2014,18,ricciardo,214.0,3,3
2014,18,vettel,159.0,0,4
2014,18,alonso,157.0,0,5
2014,18,bottas,156.0,0,6
2014,18,button,106.0,0,7
2014,18,massa,98.0,0,8
2014,18,hulkenberg,80.0,0,9
2014,18,kevin_magnussen,55.0,0,10
2014,18,raikkonen,53.0,0,11
2014,18,perez,47.0,0,12
2014,18,vergne,22.0,0,13
2014,18,grosjean,8.0,0,14
2014,18,kvyat,8.0,0,15
2014,18,maldonado,2.0,0,16
2014,18,jules_bianchi,2.0,0,17
2014,18,sutil,0.0,0,18
2014,18,ericsson,0.0,0,19
2014,18,gutierrez,0.0,0,20
2014,18,chilton,0.0,0,21
2014,18,kobayashi,0.0,0,22
2014,18,lotterer,0.0,0,23
2014,19,hamilton,384.0,11,1
2014,19,rosberg,317.0,5,2
2014,19,ricciardo,238.0,3,3
2014,19,bottas,186.0,0,4
2014,19,vettel,167.0,0,5
2014,19,alonso,161.0,0,6
2014,19,massa,134.0,0,7
2014,19,button,126.0,0,8
2014,19,hulkenberg,96.0,0,9
2014,19,perez,59.0,0,10
2014,19,kevin_magnussen,55.0,0,11
2014,19,raikkonen,55.0,0,12
2014,19,vergne,22.0,0,13
2014,19,grosjean,8.0,0,14
2014,19,kvyat,8.0,0,15
2014,19,maldonado,2.0,0,16
2014,19,jules_bianchi,2.0,0,17
2014,19,sutil,0.0,0,18
2014,19,ericsson,0.0,0,19
2014,19,gutierrez,0.0,0,20
2014,19,chilton,0.0,0,21
2014,19,kobayashi,0.0,0,22
2014,19,stevens,0.0,0,23
2014,19,lotterer,0.0,0,24
2015,1,hamilton,25.0,1,1
2015,1,rosberg,18.0,0,2
2015,1,vettel,15.0,0,3
2015,1,massa,12.0,0,4
2015,1,nasr,10.0,0,5
2015,1,ricciardo,8.0,0,6
2015,1,hulkenberg,6.0,0,7
2015,1,ericsson,4.0,0,8
2015,1,sainz,2.0,0,9
2015,1,perez,1.0,0,10
2015,1,button,0.0,0,11
2015,1,raikkonen,0.0,0,12
2015,1,max_verstappen,0.0,0,13
2015,1,grosjean,0.0,0,14
2015,1,maldonado,0.0,0,15
2015,1,kvyat,0.0,0,16
2015,1,kevin_magnussen,0.0,0,17
2015,1,bottas,0.0,0,18
2015,2,hamilton,43.0,1,1
2015,2,vettel,40.0,1,2
2015,2,rosberg,33.0,0,3
2015,2,massa,20.0,0,4
2015,2,raikkonen,12.0,0,5
2015,2,nasr,10.0,0,6
2015,2,bottas,10.0,0,7
2015,2,ricciardo,9.0,0,8
2015,2,hulkenberg,6.0,0,9
2015,2,max_verstappen,6.0,0,10
2015,2,sainz,6.0,0,11
2015,2,ericsson,4.0,0,12
2015,2,kvyat,2.0,0,13
2015,2,perez,1.0,0,14
2015,2,grosjean,0.0,0,15
2015,2,button,0.0,0,16
2015,2,merhi,0.0,0,17
2015,2,maldonado,0.0,0,18
2015,2,kevin_magnussen,0.0,0,19
2015,2,alonso,0.0,0,20
2015,2,stevens,0.0,0,21
2015,3,hamilton,68.0,2,1
2015,3,vettel,55.0,1,2
2015,3,rosberg,51.0,0,3
2015,3,massa,30.0,0,4
2015,3,raikkonen,24.0,0,5
2015,3,bottas,18.0,0,6
2015,3,nasr,14.0,0,7
2015,3,ricciardo,11.0,0,8
2015,3,grosjean,6.0,0,9
2015,3,hulkenberg,6.0,0,10
2015,3,max_verstappen,6.0,0,11
2015,3,sainz,6.0,0,12
2015,3,ericsson,5.0,0,13
2015,3,kvyat,2.0,0,14
2015,3,perez,1.0,0,15
2015,3,button,0.0,0,16
2015,3,alonso,0.0,0,17
2015,3,merhi,0.0,0,18
2015,3,stevens,0.0,0,19
2015,3,maldonado,0.0,0,20
2015,3,kevin_magnussen,0.0,0,21
2015,4,hamilton,93.0,3,1
2015,4,rosberg,66.0,0,2
2015,4,vettel,65.0,1,3
2015,4,raikkonen,42.0,0,4
2015,4,massa,31.0,0,5
2015,4,bottas,30.0,0,6
2015,4,ricciardo,19.0,0,7
2015,4,nasr,14.0,0,8
2015,4,grosjean,12.0,0,9
2015,4,hulkenberg,6.0,0,10
2015,4,max_verstappen,6.0,0,11
2015,4,sainz,6.0,0,12
2015,4,perez,5.0,0,13
2015,4,ericsson,5.0,0,14
2015,4,kvyat,4.0,0,15
2015,4,alonso,0.0,0,16
2015,4,button,0.0,0,17
2015,4,merhi,0.0,0,18
2015,4,stevens,0.0,0,19
2015,4,maldonado,0.0,0,20
2015,4,kevin_magnussen,0.0,0,21
2015,5,hamilton,111.0,3,1
2015,5,rosberg,91.0,1,2
2015,5,vettel,80.0,1,3
2015,5,raikkonen,52.0,0,4
2015,5,bottas,42.0,0,5
2015,5,massa,39.0,0,6
2015,5,ricciardo,25.0,0,7
2015,5,grosjean,16.0,0,8
2015,5,nasr,14.0,0,9
2015,5,sainz,8.0,0,10
2015,5,max_verstappen,6.0,0,11
2015,5,hulkenberg,6.0,0,12
2015,5,perez,5.0,0,13
2015,5,ericsson,5.0,0,14
2015,5,kvyat,5.0,0,15
2015,5,alonso,0.0,0,16
2015,5,button,0.0,0,17
2015,5,merhi,0.0,0,18
2015,5,stevens,0.0,0,19
2015,5,maldonado,0.0,0,20
2015,5,kevin_magnussen,0.0,0,21
2015,6,hamilton,126.0,3,1
2015,6,rosberg,116.0,2,2
2015,6,vettel,98.0,1,3
2015,6,raikkonen,60.0,0,4
2015,6,bottas,42.0,0,5
2015,6,massa,39.0,0,6
2015,6,ricciardo,35.0,0,7
2015,6,kvyat,17.0,0,8
2015,6,nasr,16.0,0,9
2015,6,grosjean,16.0,0,10
2015,6,perez,11.0,0,11
2015,6,sainz,9.0,0,12
2015,6,hulkenberg,6.0,0,13
2015,6,max_verstappen,6.0,0,14
2015,6,ericsson,5.0,0,15
2015,6,button,4.0,0,16
2015,6,alonso,0.0,0,17
2015,6,merhi,0.0,0,18
2015,6,stevens,0.0,0,19
2015,6,maldonado,0.0,0,20
2015,6,kevin_magnussen,0.0,0,21
2015,7,hamilton,151.0,4,1
2015,7,rosberg,134.0,2,2
2015,7,vettel,108.0,1,3
2015,7,raikkonen,72.0,0,4
2015,7,bottas,57.0,0,5
2015,7,massa,47.0,0,6
2015,7,ricciardo,35.0,0,7
2015,7,kvyat,19.0,0,8
2015,7,grosjean,17.0,0,9
2015,7,nasr,16.0,0,10
2015,7,perez,11.0,0,11
2015,7,hulkenberg,10.0,0,12
2015,7,sainz,9.0,0,13
2015,7,max_verstappen,6.0,0,14
2015,7,maldonado,6.0,0,15
2015,7,ericsson,5.0,0,16
2015,7,button,4.0,0,17
2015,7,alonso,0.0,0,18
2015,7,merhi,0.0,0,19
2015,7,stevens,0.0,0,20
2015,7,kevin_magnussen,0.0,0,21
2015,8,hamilton,169.0,4,1
2015,8,rosberg,159.0,3,2
2015,8,vettel,120.0,1,3
2015,8,raikkonen,72.0,0,4
2015,8,bottas,67.0,0,5
2015,8,massa,62.0,0,6
2015,8,ricciardo,36.0,0,7
2015,8,kvyat,19.0,0,8
2015,8,hulkenberg,18.0,0,9
2015,8,grosjean,17.0,0,10
2015,8,nasr,16.0,0,11
2015,8,perez,13.0,0,12
2015,8,maldonado,12.0,0,13
2015,8,max_verstappen,10.0,0,14
2015,8,sainz,9.0,0,15
2015,8,ericsson,5.0,0,16
2015,8,button,4.0,0,17
2015,8,alonso,0.0,0,18
2015,8,merhi,0.0,0,19
2015,8,stevens,0.0,0,20
2015,8,kevin_magnussen,0.0,0,21
2015,9,hamilton,194.0,5,1
2015,9,rosberg,177.0,3,2
2015,9,vettel,135.0,1,3
2015,9,bottas,77.0,0,4
2015,9,raikkonen,76.0,0,5
2015,9,massa,74.0,0,6
2015,9,ricciardo,36.0,0,7
2015,9,kvyat,27.0,0,8
2015,9,hulkenberg,24.0,0,9
2015,9,grosjean,17.0,0,10
2015,9,nasr,16.0,0,11
2015,9,perez,15.0,0,12
2015,9,maldonado,12.0,0,13
2015,9,max_verstappen,10.0,0,14
2015,9,sainz,9.0,0,15
2015,9,ericsson,5.0,0,16
2015,9,button,4.0,0,17
2015,9,alonso,1.0,0,18
2015,9,merhi,0.0,0,19
2015,9,stevens,0.0,0,20
2015,9,kevin_magnussen,0.0,0,21
2015,10,hamilton,202.0,5,1
2015,10,rosberg,181.0,3,2
2015,10,vettel,160.0,2,3
2015,10,bottas,77.0,0,4
2015,10,raikkonen,76.0,0,5
2015,10,massa,74.0,0,6
2015,10,ricciardo,51.0,0,7
2015,10,kvyat,45.0,0,8
2015,10,hulkenberg,24.0,0,9
2015,10,grosjean,23.0,0,10
2015,10,max_verstappen,22.0,0,11
2015,10,nasr,16.0,0,12
2015,10,perez,15.0,0,13
2015,10,maldonado,12.0,0,14
2015,10,alonso,11.0,0,15
2015,10,sainz,9.0,0,16
2015,10,button,6.0,0,17
2015,10,ericsson,6.0,0,18
2015,10,merhi,0.0,0,19
2015,10,stevens,0.0,0,20
2015,10,kevin_magnussen,0.0,0,21
2015,11,hamilton,227.0,6,1
2015,11,rosberg,199.0,3,2
2015,11,vettel,160.0,2,3
2015,11,raikkonen,82.0,0,4
2015,11,massa,82.0,0,5
2015,11,bottas,79.0,0,6
2015,11,kvyat,57.0,0,7
2015,11,ricciardo,51.0,0,8
2015,11,grosjean,38.0,0,9
2015,11,max_verstappen,26.0,0,10
2015,11,perez,25.0,0,11
2015,11,hulkenberg,24.0,0,12
2015,11,nasr,16.0,0,13
2015,11,maldonado,12.0,0,14
2015,11,alonso,11.0,0,15
2015,11,sainz,9.0,0,16
2015,11,ericsson,7.0,0,17
2015,11,button,6.0,0,18
2015,11,merhi,0.0,0,19
2015,11,stevens,0.0,0,20
2015,11,kevin_magnussen,0.0,0,21
2015,12,hamilton,252.0,7,1
2015,12,rosberg,199.0,3,2
2015,12,vettel,178.0,2,3
2015,12,massa,97.0,0,4
2015,12,raikkonen,92.0,0,5
2015,12,bottas,91.0,0,6
2015,12,kvyat,58.0,0,7
2015,12,ricciardo,55.0,0,8
2015,12,grosjean,38.0,0,9
2015,12,perez,33.0,0,10
2015,12,hulkenberg,30.0,0,11
2015,12,max_verstappen,26.0,0,12
2015,12,nasr,16.0,0,13
2015,12,maldonado,12.0,0,14
2015,12,alonso,11.0,0,15
2015,12,sainz,9.0,0,16
2015,12,ericsson,9.0,0,17
2015,12,button,6.0,0,18
2015,12,merhi,0.0,0,19
2015,12,stevens,0.0,0,20
2015,12,kevin_magnussen,0.0,0,21
2015,13,hamilton,252.0,7,1
2015,13,rosberg,211.0,3,2
2015,13,vettel,203.0,3,3
2015,13,raikkonen,107.0,0,4
2015,13,bottas,101.0,0,5
2015,13,massa,97.0,0,6
2015,13,ricciardo,73.0,0,7
2015,13,kvyat,66.0,0,8
2015,13,perez,39.0,0,9
2015,13,grosjean,38.0,0,10
2015,13,max_verstappen,30.0,0,11
2015,13,hulkenberg,30.0,0,12
2015,13,nasr,17.0,0,13
2015,13,maldonado,12.0,0,14
2015,13,alonso,11.0,0,15
2015,13,sainz,11.0,0,16
2015,13,ericsson,9.0,0,17
2015,13,button,6.0,0,18
2015,13,merhi,0.0,0,19
2015,13,stevens,0.0,0,20
2015,13,rossi,0.0,0,21
2015,13,kevin_magnussen,0.0,0,22
2015,14,hamilton,277.0,8,1
2015,14,rosberg,229.0,3,2
2015,14,vettel,218.0,3,3
2015,14,raikkonen,119.0,0,4
2015,14,bottas,111.0,0,5
2015,14,massa,97.0,0,6
2015,14,ricciardo,73.0,0,7
2015,14,kvyat,66.0,0,8
2015,14,grosjean,44.0,0,9
2015,14,perez,39.0,0,10
2015,14,hulkenberg,38.0,0,11
2015,14,max_verstappen,32.0,0,12
2015,14,nasr,17.0,0,13
2015,14,maldonado,16.0,0,14
2015,14,sainz,12.0,0,15
2015,14,alonso,11.0,0,16
2015,14,ericsson,9.0,0,17
2015,14,button,6.0,0,18
2015,14,merhi,0.0,0,19
2015,14,stevens,0.0,0,20
2015,14,rossi,0.0,0,21
2015,14,kevin_magnussen,0.0,0,22
2015,15,hamilton,302.0,9,1
2015,15,vettel,236.0,3,2
2015,15,rosberg,229.0,3,3
2015,15,raikkonen,123.0,0,4
2015,15,bottas,111.0,0,5
2015,15,massa,109.0,0,6
2015,15,kvyat,76.0,0,7
2015,15,ricciardo,73.0,0,8
2015,15,perez,54.0,0,9
2015,15,grosjean,44.0,0,10
2015,15,hulkenberg,38.0,0,11
2015,15,max_verstappen,33.0,0,12
2015,15,nasr,25.0,0,13
2015,15,maldonado,22.0,0,14
2015,15,sainz,12.0,0,15
2015,15,alonso,11.0,0,16
2015,15,ericsson,9.0,0,17
2015,15,button,8.0,0,18
2015,15,merhi,0.0,0,19
2015,15,stevens,0.0,0,20
2015,15,rossi,0.0,0,21
2015,15,kevin_magnussen,0.0,0,22
2015,16,hamilton,327.0,10,1
2015,16,vettel,251.0,3,2
2015,16,rosberg,247.0,3,3
2015,16,raikkonen,123.0,0,4
2015,16,bottas,111.0,0,5
2015,16,massa,109.0,0,6
2015,16,kvyat,76.0,0,7
2015,16,ricciardo,74.0,0,8
2015,16,perez,64.0,0,9
2015,16,max_verstappen,45.0,0,10
2015,16,grosjean,44.0,0,11
2015,16,hulkenberg,38.0,0,12
2015,16,nasr,27.0,0,13
2015,16,maldonado,26.0,0,14
2015,16,sainz,18.0,0,15
2015,16,button,16.0,0,16
2015,16,alonso,11.0,0,17
2015,16,ericsson,9.0,0,18
2015,16,merhi,0.0,0,19
2015,16,rossi,0.0,0,20
2015,16,stevens,0.0,0,21
2015,16,kevin_magnussen,0.0,0,22
2015,17,hamilton,345.0,10,1
2015,17,rosberg,272.0,4,2
2015,17,vettel,251.0,3,3
2015,17,bottas,126.0,0,4
2015,17,raikkonen,123.0,0,5
2015,17,massa,117.0,0,6
2015,17,kvyat,88.0,0,7
2015,17,ricciardo,84.0,0,8
2015,17,perez,68.0,0,9
2015,17,max_verstappen,47.0,0,10
2015,17,grosjean,45.0,0,11
2015,17,hulkenberg,44.0,0,12
2015,17,nasr,27.0,0,13
2015,17,maldonado,26.0,0,14
2015,17,sainz,18.0,0,15
2015,17,button,16.0,0,16
2015,17,alonso,11.0,0,17
2015,17,ericsson,9.0,0,18
2015,17,merhi,0.0,0,19
2015,17,rossi,0.0,0,20
2015,17,stevens,0.0,0,21
2015,17,kevin_magnussen,0.0,0,22
2015,18,hamilton,363.0,10,1
2015,18,rosberg,297.0,5,2
2015,18,vettel,266.0,3,3
2015,18,bottas,136.0,0,4
2015,18,raikkonen,135.0,0,5
2015,18,massa,117.0,0,6
2015,18,kvyat,94.0,0,7
2015,18,ricciardo,84.0,0,8
2015,18,perez,68.0,0,9
2015,18,hulkenberg,52.0,0,10
2015,18,grosjean,49.0,0,11
2015,18,max_verstappen,49.0,0,12
2015,18,nasr,27.0,0,13
2015,18,maldonado,27.0,0,14
2015,18,sainz,18.0,0,15
2015,18,button,16.0,0,16
2015,18,alonso,11.0,0,17
2015,18,ericsson,9.0,0,18
2015,18,merhi,0.0,0,19
2015,18,rossi,0.0,0,20
2015,18,stevens,0.0,0,21
2015,18,kevin_magnussen,0.0,0,22
2015,19,hamilton,381.0,10,1
2015,19,rosberg,322.0,6,2
2015,19,vettel,278.0,3,3
2015,19,raikkonen,150.0,0,4
2015,19,bottas,136.0,0,5
2015,19,massa,121.0,0,6
2015,19,kvyat,95.0,0,7
2015,19,ricciardo,92.0,0,8
2015,19,perez,78.0,0,9
2015,19,hulkenberg,58.0,0,10
2015,19,grosjean,51.0,0,11
2015,19,max_verstappen,49.0,0,12
2015,19,nasr,27.0,0,13
2015,19,maldonado,27.0,0,14
2015,19,sainz,18.0,0,15
2015,19,button,16.0,0,16
2015,19,alonso,11.0,0,17
2015,19,ericsson,9.0,0,18
2015,19,merhi,0.0,0,19
2015,19,rossi,0.0,0,20
2015,19,stevens,0.0,0,21
2015,19,kevin_magnussen,0.0,0,22
2016,1,rosberg,25.0,1,1
2016,1,hamilton,18.0,0,2
2016,1,vettel,15.0,0,3
2016,1,ricciardo,12.0,0,4
2016,1,massa,10.0,0,5
2016,1,grosjean,8.0,0,6
2016,1,hulkenberg,6.0,0,7
2016,1,bottas,4.0,0,8
2016,1,sainz,2.0,0,9
2016,1,max_verstappen,1.0,0,10
2016,1,jolyon_palmer,0.0,0,11
2016,1,kevin_magnussen,0.0,0,12
2016,1,perez,0.0,0,13
2016,1,button,0.0,0,14
2016,1,nasr,0.0,0,15
2016,1,wehrlein,0.0,0,16
2016,1,ericsson,0.0,0,17
2016,1,raikkonen,0.0,0,18
2016,1,haryanto,0.0,0,19
2016,1,gutierrez,0.0,0,20
2016,1,alonso,0.0,0,21
2016,1,kvyat,0.0,0,22
2016,2,rosberg,50.0,2,1
2016,2,hamilton,33.0,0,2
2016,2,ricciardo,24.0,0,3
2016,2,raikkonen,18.0,0,4
2016,2,grosjean,18.0,0,5
2016,2,vettel,15.0,0,6
2016,2,massa,14.0,0,7
2016,2,max_verstappen,9.0,0,8
2016,2,hulkenberg,6.0,0,9
2016,2,kvyat,6.0,0,10
2016,2,bottas,6.0,0,11
2016,2,sainz,2.0,0,12
2016,2,vandoorne,1.0,0,13
2016,2,kevin_magnussen,0.0,0,14
2016,2,jolyon_palmer,0.0,0,15
2016,2,ericsson,0.0,0,16
2016,2,perez,0.0,0,17
2016,2,wehrlein,0.0,0,18
2016,2,nasr,0.0,0,19
2016,2,button,0.0,0,20
2016,2,haryanto,0.0,0,21
2016,2,gutierrez,0.0,0,22
2016,2,alonso,0.0,0,23
2016,3,rosberg,75.0,3,1
2016,3,hamilton,39.0,0,2
2016,3,ricciardo,36.0,0,3
2016,3,vettel,33.0,0,4
2016,3,raikkonen,28.0,0,5
2016,3,massa,22.0,0,6
2016,3,kvyat,21.0,0,7
2016,3,grosjean,18.0,0,8
2016,3,max_verstappen,13.0,0,9
2016,3,bottas,7.0,0,10
2016,3,hulkenberg,6.0,0,11
2016,3,sainz,4.0,0,12
2016,3,vandoorne,1.0,0,13
2016,3,kevin_magnussen,0.0,0,14
2016,3,perez,0.0,0,15
2016,3,jolyon_palmer,0.0,0,16
2016,3,ericsson,0.0,0,17
2016,3,alonso,0.0,0,18
2016,3,button,0.0,0,19
2016,3,wehrlein,0.0,0,20
2016,3,nasr,0.0,0,21
2016,3,gutierrez,0.0,0,22
2016,3,haryanto,0.0,0,23
2016,4,rosberg,100.0,4,1
2016,4,hamilton,57.0,0,2
2016,4,raikkonen,43.0,0,3
2016,4,ricciardo,36.0,0,4
2016,4,vettel,33.0,0,5
2016,4,massa,32.0,0,6
2016,4,grosjean,22.0,0,7
2016,4,kvyat,21.0,0,8
2016,4,bottas,19.0,0,9
2016,4,max_verstappen,13.0,0,10
2016,4,alonso,8.0,0,11
2016,4,kevin_magnussen,6.0,0,12
2016,4,hulkenberg,6.0,0,13
2016,4,sainz,4.0,0,14
2016,4,perez,2.0,0,15
2016,4,button,1.0,0,16
2016,4,vandoorne,1.0,0,17
2016,4,jolyon_palmer,0.0,0,18
2016,4,ericsson,0.0,0,19
2016,4,wehrlein,0.0,0,20
2016,4,nasr,0.0,0,21
2016,4,gutierrez,0.0,0,22
2016,4,haryanto,0.0,0,23
2016,5,rosberg,100.0,4,1
2016,5,raikkonen,61.0,0,2
2016,5,hamilton,57.0,0,3
2016,5,vettel,48.0,0,4
2016,5,ricciardo,48.0,0,5
2016,5,max_verstappen,38.0,1,6
2016,5,massa,36.0,0,7
2016,5,bottas,29.0,0,8
2016,5,kvyat,22.0,0,9
2016,5,grosjean,22.0,0,10
2016,5,sainz,12.0,0,11
2016,5,alonso,8.0,0,12
2016,5,perez,8.0,0,13
2016,5,kevin_magnussen,6.0,0,14
2016,5,hulkenberg,6.0,0,15
2016,5,button,3.0,0,16
2016,5,vandoorne,1.0,0,17
2016,5,jolyon_palmer,0.0,0,18
2016,5,gutierrez,0.0,0,19
2016,5,ericsson,0.0,0,20
2016,5,wehrlein,0.0,0,21
2016,5,nasr,0.0,0,22
2016,5,haryanto,0.0,0,23
2016,6,rosberg,106.0,4,1
2016,6,hamilton,82.0,1,2
2016,6,ricciardo,66.0,0,3
2016,6,raikkonen,61.0,0,4
2016,6,vettel,60.0,0,5
2016,6,max_verstappen,38.0,1,6
2016,6,massa,37.0,0,7
2016,6,bottas,29.0,0,8
2016,6,perez,23.0,0,9
2016,6,kvyat,22.0,0,10
2016,6,grosjean,22.0,0,11
2016,6,alonso,18.0,0,12
2016,6,sainz,16.0,0,13
2016,6,hulkenberg,14.0,0,14
2016,6,kevin_magnussen,6.0,0,15
2016,6,button,5.0,0,16
2016,6,vandoorne,1.0,0,17
2016,6,gutierrez,0.0,0,18
2016,6,jolyon_palmer,0.0,0,19
2016,6,ericsson,0.0,0,20
2016,6,wehrlein,0.0,0,21
2016,6,nasr,0.0,0,22
2016,6,haryanto,0.0,0,23
2016,7,rosberg,116.0,4,1
2016,7,hamilton,107.0,2,2
2016,7,vettel,78.0,0,3
2016,7,ricciardo,72.0,0,4
2016,7,raikkonen,69.0,0,5
2016,7,max_verstappen,50.0,1,6
2016,7,bottas,44.0,0,7
2016,7,massa,37.0,0,8
2016,7,perez,24.0,0,9
2016,7,kvyat,22.0,0,10
2016,7,grosjean,22.0,0,11
2016,7,alonso,18.0,0,12
2016,7,hulkenberg,18.0,0,13
2016,7,sainz,18.0,0,14
2016,7,kevin_magnussen,6.0,0,15
2016,7,button,5.0,0,16
2016,7,vandoorne,1.0,0,17
2016,7,gutierrez,0.0,0,18
2016,7,jolyon_palmer,0.0,0,19
2016,7,ericsson,0.0,0,20
2016,7,wehrlein,0.0,0,21
2016,7,nasr,0.0,0,22
2016,7,haryanto,0.0,0,23
2016,8,rosberg,141.0,5,1
2016,8,hamilton,117.0,2,2
2016,8,vettel,96.0,0,3
2016,8,raikkonen,81.0,0,4
2016,8,ricciardo,78.0,0,5
2016,8,max_verstappen,54.0,1,6
2016,8,bottas,52.0,0,7
2016,8,perez,39.0,0,8
2016,8,massa,38.0,0,9
2016,8,kvyat,22.0,0,10
2016,8,grosjean,22.0,0,11
2016,8,hulkenberg,20.0,0,12
2016,8,alonso,18.0,0,13
2016,8,sainz,18.0,0,14
2016,8,kevin_magnussen,6.0,0,15
2016,8,button,5.0,0,16
2016,8,vandoorne,1.0,0,17
2016,8,gutierrez,0.0,0,18
2016,8,jolyon_palmer,0.0,0,19
2016,8,ericsson,0.0,0,20
2016,8,nasr,0.0,0,21
2016,8,wehrlein,0.0,0,22
2016,8,haryanto,0.0,0,23
2016,9,rosberg,153.0,5,1
2016,9,hamilton,142.0,3,2
2016,9,vettel,96.0,0,3
2016,9,raikkonen,96.0,0,4
2016,9,ricciardo,88.0,0,5
2016,9,max_verstappen,72.0,1,6
2016,9,bottas,54.0,0,7
2016,9,perez,39.0,0,8
2016,9,massa,38.0,0,9
2016,9,grosjean,28.0,0,10
2016,9,kvyat,22.0,0,11
2016,9,sainz,22.0,0,12
2016,9,hulkenberg,20.0,0,13
2016,9,alonso,18.0,0,14
2016,9,button,13.0,0,15
2016,9,kevin_magnussen,6.0,0,16
2016,9,wehrlein,1.0,0,17
2016,9,vandoorne,1.0,0,18
2016,9,gutierrez,0.0,0,19
2016,9,jolyon_palmer,0.0,0,20
2016,9,ericsson,0.0,0,21
2016,9,nasr,0.0,0,22
2016,9,haryanto,0.0,0,23
2016,10,rosberg,168.0,5,1
2016,10,hamilton,167.0,4,2
2016,10,raikkonen,106.0,0,3
2016,10,ricciardo,100.0,0,4
2016,10,vettel,98.0,0,5
2016,10,max_verstappen,90.0,1,6
2016,10,bottas,54.0,0,7
2016,10,perez,47.0,0,8
2016,10,massa,38.0,0,9
2016,10,grosjean,28.0,0,10
2016,10,hulkenberg,26.0,0,11
2016,10,sainz,26.0,0,12
2016,10,kvyat,23.0,0,13
2016,10,alonso,18.0,0,14
2016,10,button,13.0,0,15
2016,10,kevin_magnussen,6.0,0,16
2016,10,wehrlein,1.0,0,17
2016,10,vandoorne,1.0,0,18
2016,10,gutierrez,0.0,0,19
2016,10,jolyon_palmer,0.0,0,20
2016,10,ericsson,0.0,0,21
2016,10,nasr,0.0,0,22
2016,10,haryanto,0.0,0,23
2016,11,hamilton,192.0,5,1
2016,11,rosberg,186.0,5,2
2016,11,ricciardo,115.0,0,3
2016,11,raikkonen,114.0,0,4
2016,11,vettel,110.0,0,5
2016,11,max_verstappen,100.0,1,6
2016,11,bottas,56.0,0,7
2016,11,perez,47.0,0,8
2016,11,massa,38.0,0,9
2016,11,sainz,30.0,0,10
2016,11,grosjean,28.0,0,11
2016,11,hulkenberg,27.0,0,12
2016,11,alonso,24.0,0,13
2016,11,kvyat,23.0,0,14
2016,11,button,13.0,0,15
2016,11,kevin_magnussen,6.0,0,16
2016,11,wehrlein,1.0,0,17
2016,11,vandoorne,1.0,0,18
2016,11,gutierrez,0.0,0,19
2016,11,jolyon_palmer,0.0,0,20
2016,11,ericsson,0.0,0,21
2016,11,nasr,0.0,0,22
2016,11,haryanto,0.0,0,23
2016,12,hamilton,217.0,6,1
2016,12,rosberg,198.0,5,2
2016,12,ricciardo,133.0,0,3
2016,12,raikkonen,122.0,0,4
2016,12,vettel,120.0,0,5
2016,12,max_verstappen,115.0,1,6
2016,12,bottas,58.0,0,7
2016,12,perez,48.0,0,8
2016,12,massa,38.0,0,9
2016,12,hulkenberg,33.0,0,10
2016,12,sainz,30.0,0,11
2016,12,grosjean,28.0,0,12
2016,12,alonso,24.0,0,13
2016,12,kvyat,23.0,0,14
2016,12,button,17.0,0,15
2016,12,kevin_magnussen,6.0,0,16
2016,12,wehrlein,1.0,0,17
2016,12,vandoorne,1.0,0,18
2016,12,gutierrez,0.0,0,19
2016,12,jolyon_palmer,0.0,0,20
2016,12,ericsson,0.0,0,21
2016,12,nasr,0.0,0,22
2016,12,haryanto,0.0,0,23
2016,13,hamilton,232.0,6,1
2016,13,rosberg,223.0,6,2
2016,13,ricciardo,151.0,0,3
2016,13,vettel,128.0,0,4
2016,13,raikkonen,124.0,0,5
2016,13,max_verstappen,115.0,1,6
2016,13,bottas,62.0,0,7
2016,13,perez,58.0,0,8
2016,13,hulkenberg,45.0,0,9
2016,13,massa,39.0,0,10
2016,13,alonso,30.0,0,11
2016,13,sainz,30.0,0,12
2016,13,grosjean,28.0,0,13
2016,13,kvyat,23.0,0,14
2016,13,button,17.0,0,15
2016,13,kevin_magnussen,6.0,0,16
2016,13,wehrlein,1.0,0,17
2016,13,vandoorne,1.0,0,18
2016,13,gutierrez,0.0,0,19
2016,13,jolyon_palmer,0.0,0,20
2016,13,ericsson,0.0,0,21
2016,13,nasr,0.0,0,22
2016,13,haryanto,0.0,0,23
2016,13,ocon,0.0,0,24
2016,14,hamilton,250.0,6,1
2016,14,rosberg,248.0,7,2
2016,14,ricciardo,161.0,0,3
2016,14,vettel,143.0,0,4
2016,14,raikkonen,136.0,0,5
2016,14,max_verstappen,121.0,1,6
2016,14,bottas,70.0,0,7
2016,14,perez,62.0,0,8
2016,14,hulkenberg,46.0,0,9
2016,14,massa,41.0,0,10
2016,14,alonso,30.0,0,11
2016,14,sainz,30.0,0,12
2016,14,grosjean,28.0,0,13
2016,14,kvyat,23.0,0,14
2016,14,button,17.0,0,15
2016,14,kevin_magnussen,6.0,0,16
2016,14,wehrlein,1.0,0,17
2016,14,vandoorne,1.0,0,18
2016,14,gutierrez,0.0,0,19
2016,14,jolyon_palmer,0.0,0,20
2016,14,ericsson,0.0,0,21
2016,14,nasr,0.0,0,22
2016,14,haryanto,0.0,0,23
2016,14,ocon,0.0,0,24
2016,15,rosberg,273.0,8,1
2016,15,hamilton,265.0,6,2
2016,15,ricciardo,179.0,0,3
2016,15,vettel,153.0,0,4
2016,15,raikkonen,148.0,0,5
2016,15,max_verstappen,129.0,1,6
2016,15,bottas,70.0,0,7
2016,15,perez,66.0,0,8
2016,15,hulkenberg,46.0,0,9
2016,15,massa,41.0,0,10
2016,15,alonso,36.0,0,11
2016,15,sainz,30.0,0,12
2016,15,grosjean,28.0,0,13
2016,15,kvyat,25.0,0,14
2016,15,button,17.0,0,15
2016,15,kevin_magnussen,7.0,0,16
2016,15,wehrlein,1.0,0,17
2016,15,vandoorne,1.0,0,18
2016,15,gutierrez,0.0,0,19
2016,15,jolyon_palmer,0.0,0,20
2016,15,ericsson,0.0,0,21
2016,15,nasr,0.0,0,22
2016,15,haryanto,0.0,0,23
2016,15,ocon,0.0,0,24
2016,16,rosberg,288.0,8,1
2016,16,hamilton,265.0,6,2
2016,16,ricciardo,204.0,1,3
2016,16,raikkonen,160.0,0,4
2016,16,vettel,153.0,0,5
2016,16,max_verstappen,147.0,1,6
2016,16,bottas,80.0,0,7
2016,16,perez,74.0,0,8
2016,16,hulkenberg,50.0,0,9
2016,16,alonso,42.0,0,10
2016,16,massa,41.0,0,11
2016,16,sainz,30.0,0,12
2016,16,grosjean,28.0,0,13
2016,16,kvyat,25.0,0,14
2016,16,button,19.0,0,15
2016,16,kevin_magnussen,7.0,0,16
2016,16,jolyon_palmer,1.0,0,17
2016,16,wehrlein,1.0,0,18
2016,16,vandoorne,1.0,0,19
2016,16,gutierrez,0.0,0,20
2016,16,ericsson,0.0,0,21
2016,16,nasr,0.0,0,22
2016,16,haryanto,0.0,0,23
2016,16,ocon,0.0,0,24
2016,17,rosberg,313.0,9,1
2016,17,hamilton,280.0,6,2
2016,17,ricciardo,212.0,1,3
2016,17,raikkonen,170.0,0,4
2016,17,max_verstappen,165.0,1,5
2016,17,vettel,165.0,0,6
2016,17,bottas,81.0,0,7
2016,17,perez,80.0,0,8
2016,17,hulkenberg,54.0,0,9
2016,17,massa,43.0,0,10
2016,17,alonso,42.0,0,11
2016,17,sainz,30.0,0,12
2016,17,grosjean,28.0,0,13
2016,17,kvyat,25.0,0,14
2016,17,button,19.0,0,15
2016,17,kevin_magnussen,7.0,0,16
2016,17,jolyon_palmer,1.0,0,17
2016,17,wehrlein,1.0,0,18
2016,17,vandoorne,1.0,0,19
2016,17,gutierrez,0.0,0,20
2016,17,ericsson,0.0,0,21
2016,17,nasr,0.0,0,22
2016,17,haryanto,0.0,0,23
2016,17,ocon,0.0,0,24
2016,18,rosberg,331.0,9,1
2016,18,hamilton,305.0,7,2
2016,18,ricciardo,227.0,1,3
2016,18,vettel,177.0,0,4
2016,18,raikkonen,170.0,0,5
2016,18,max_verstappen,165.0,1,6
2016,18,perez,84.0,0,7
2016,18,bottas,81.0,0,8
2016,18,hulkenberg,54.0,0,9
2016,18,alonso,52.0,0,10
2016,18,massa,49.0,0,11
2016,18,sainz,38.0,0,12
2016,18,grosjean,29.0,0,13
2016,18,kvyat,25.0,0,14
2016,18,button,21.0,0,15
2016,18,kevin_magnussen,7.0,0,16
2016,18,jolyon_palmer,1.0,0,17
2016,18,wehrlein,1.0,0,18
2016,18,vandoorne,1.0,0,19
2016,18,gutierrez,0.0,0,20
2016,18,ericsson,0.0,0,21
2016,18,nasr,0.0,0,22
2016,18,haryanto,0.0,0,23
2016,18,ocon,0.0,0,24
2016,19,rosberg,349.0,9,1
2016,19,hamilton,330.0,8,2
2016,19,ricciardo,242.0,1,3
2016,19,vettel,187.0,0,4
2016,19,raikkonen,178.0,0,5
2016,19,max_verstappen,177.0,1,6
2016,19,perez,85.0,0,7
2016,19,bottas,85.0,0,8
2016,19,hulkenberg,60.0,0,9
2016,19,alonso,52.0,0,10
2016,19,massa,51.0,0,11
2016,19,sainz,38.0,0,12
2016,19,grosjean,29.0,0,13
2016,19,kvyat,25.0,0,14
2016,19,button,21.0,0,15
2016,19,kevin_magnussen,7.0,0,16
2016,19,jolyon_palmer,1.0,0,17
2016,19,wehrlein,1.0,0,18
2016,19,vandoorne,1.0,0,19
2016,19,gutierrez,0.0,0,20
2016,19,ericsson,0.0,0,21
2016,19,nasr,0.0,0,22
2016,19,haryanto,0.0,0,23
2016,19,ocon,0.0,0,24
2016,20,rosberg,367.0,9,1
2016,20,hamilton,355.0,9,2
2016,20,ricciardo,246.0,1,3
2016,20,vettel,197.0,0,4
2016,20,max_verstappen,192.0,1,5
2016,20,raikkonen,178.0,0,6
2016,20,perez,97.0,0,7
2016,20,bottas,85.0,0,8
2016,20,hulkenberg,66.0,0,9
2016,20,alonso,53.0,0,10
2016,20,massa,51.0,0,11
2016,20,sainz,46.0,0,12
2016,20,grosjean,29.0,0,13
2016,20,kvyat,25.0,0,14
2016,20,button,21.0,0,15
2016,20,kevin_magnussen,7.0,0,16
2016,20,nasr,2.0,0,17
2016,20,jolyon_palmer,1.0,0,18
2016,20,wehrlein,1.0,0,19
2016,20,vandoorne,1.0,0,20
2016,20,gutierrez,0.0,0,21
2016,20,ericsson,0.0,0,22
2016,20,ocon,0.0,0,23
2016,20,haryanto,0.0,0,24
2016,21,rosberg,385.0,9,1
2016,21,hamilton,380.0,10,2
2016,21,ricciardo,256.0,1,3
2016,21,vettel,212.0,0,4
2016,21,max_verstappen,204.0,1,5
2016,21,raikkonen,186.0,0,6
2016,21,perez,101.0,0,7
2016,21,bottas,85.0,0,8
2016,21,hulkenberg,72.0,0,9
2016,21,alonso,54.0,0,10
2016,21,massa,53.0,0,11
2016,21,sainz,46.0,0,12
2016,21,grosjean,29.0,0,13
2016,21,kvyat,25.0,0,14
2016,21,button,21.0,0,15
2016,21,kevin_magnussen,7.0,0,16
2016,21,nasr,2.0,0,17
2016,21,jolyon_palmer,1.0,0,18
2016,21,wehrlein,1.0,0,19
2016,21,vandoorne,1.0,0,20
2016,21,gutierrez,0.0,0,21
2016,21,ericsson,0.0,0,22
2016,21,ocon,0.0,0,23
2016,21,haryanto,0.0,0,24
2017,1,vettel,25.0,1,1
2017,1,hamilton,18.0,0,2
2017,1,bottas,15.0,0,3
2017,1,raikkonen,12.0,0,4
2017,1,max_verstappen,10.0,0,5
2017,1,massa,8.0,0,6
2017,1,perez,6.0,0,7
2017,1,sainz,4.0,0,8
2017,1,kvyat,2.0,0,9
2017,1,ocon,1.0,0,10
2017,1,hulkenberg,0.0,0,11
2017,1,giovinazzi,0.0,0,12
2017,1,vandoorne,0.0,0,13
2017,1,alonso,0.0,0,14
2017,1,kevin_magnussen,0.0,0,15
2017,1,stroll,0.0,0,16
2017,1,ricciardo,0.0,0,17
2017,1,ericsson,0.0,0,18
2017,1,jolyon_palmer,0.0,0,19
2017,1,grosjean,0.0,0,20
2017,2,vettel,43.0,1,1
2017,2,hamilton,43.0,1,2
2017,2,max_verstappen,25.0,0,3
2017,2,bottas,23.0,0,4
2017,2,raikkonen,22.0,0,5
2017,2,ricciardo,12.0,0,6
2017,2,sainz,10.0,0,7
2017,2,massa,8.0,0,8
2017,2,perez,8.0,0,9
2017,2,kevin_magnussen,4.0,0,10
2017,2,kvyat,2.0,0,11
2017,2,ocon,2.0,0,12
2017,2,hulkenberg,0.0,0,13
2017,2,grosjean,0.0,0,14
2017,2,giovinazzi,0.0,0,15
2017,2,vandoorne,0.0,0,16
2017,2,jolyon_palmer,0.0,0,17
2017,2,ericsson,0.0,0,18
2017,2,alonso,0.0,0,19
2017,2,stroll,0.0,0,20
2017,3,vettel,68.0,2,1
2017,3,hamilton,61.0,1,2
2017,3,bottas,38.0,0,3
2017,3,raikkonen,34.0,0,4
2017,3,max_verstappen,25.0,0,5
2017,3,ricciardo,22.0,0,6
2017,3,massa,16.0,0,7
2017,3,perez,14.0,0,8
2017,3,sainz,10.0,0,9
2017,3,grosjean,4.0,0,10
2017,3,kevin_magnussen,4.0,0,11
2017,3,ocon,3.0,0,12
2017,3,hulkenberg,2.0,0,13
2017,3,kvyat,2.0,0,14
2017,3,wehrlein,0.0,0,15
2017,3,giovinazzi,0.0,0,16
2017,3,jolyon_palmer,0.0,0,17
2017,3,vandoorne,0.0,0,18
2017,3,alonso,0.0,0,19
2017,3,ericsson,0.0,0,20
2017,3,stroll,0.0,0,21
2017,4,vettel,86.0,2,1
2017,4,hamilton,73.0,1,2
2017,4,bottas,63.0,1,3
2017,4,raikkonen,49.0,0,4
2017,4,max_verstappen,35.0,0,5
2017,4,ricciardo,22.0,0,6
2017,4,perez,22.0,0,7
2017,4,massa,18.0,0,8
2017,4,sainz,11.0,0,9
2017,4,ocon,9.0,0,10
2017,4,hulkenberg,6.0,0,11
2017,4,grosjean,4.0,0,12
2017,4,kevin_magnussen,4.0,0,13
2017,4,kvyat,2.0,0,14
2017,4,wehrlein,0.0,0,15
2017,4,stroll,0.0,0,16
2017,4,giovinazzi,0.0,0,17
2017,4,jolyon_palmer,0.0,0,18
2017,4,vandoorne,0.0,0,19
2017,4,alonso,0.0,0,20
2017,4,ericsson,0.0,0,21
2017,5,vettel,104.0,2,1
2017,5,hamilton,98.0,2,2
2017,5,bottas,63.0,1,3
2017,5,raikkonen,49.0,0,4
2017,5,ricciardo,37.0,0,5
2017,5,max_verstappen,35.0,0,6
2017,5,perez,34.0,0,7
2017,5,ocon,19.0,0,8
2017,5,massa,18.0,0,9
2017,5,sainz,17.0,0,10
2017,5,hulkenberg,14.0,0,11
2017,5,grosjean,5.0,0,12
2017,5,wehrlein,4.0,0,13
2017,5,kevin_magnussen,4.0,0,14
2017,5,kvyat,4.0,0,15
2017,5,ericsson,0.0,0,16
2017,5,stroll,0.0,0,17
2017,5,alonso,0.0,0,18
2017,5,giovinazzi,0.0,0,19
2017,5,jolyon_palmer,0.0,0,20
2017,5,vandoorne,0.0,0,21
2017,6,vettel,129.0,3,1
2017,6,hamilton,104.0,2,2
2017,6,bottas,75.0,1,3
2017,6,raikkonen,67.0,0,4
2017,6,ricciardo,52.0,0,5
2017,6,max_verstappen,45.0,0,6
2017,6,perez,34.0,0,7
2017,6,sainz,25.0,0,8
2017,6,massa,20.0,0,9
2017,6,ocon,19.0,0,10
2017,6,hulkenberg,14.0,0,11
2017,6,grosjean,9.0,0,12
2017,6,kevin_magnussen,5.0,0,13
2017,6,wehrlein,4.0,0,14
2017,6,kvyat,4.0,0,15
2017,6,jolyon_palmer,0.0,0,16
2017,6,ericsson,0.0,0,17
2017,6,stroll,0.0,0,18
2017,6,alonso,0.0,0,19
2017,6,giovinazzi,0.0,0,20
2017,6,vandoorne,0.0,0,21
2017,6,button,0.0,0,22
2017,7,vettel,141.0,3,1
2017,7,hamilton,129.0,3,2
2017,7,bottas,93.0,1,3
2017,7,raikkonen,73.0,0,4
2017,7,ricciardo,67.0,0,5
2017,7,max_verstappen,45.0,0,6
2017,7,perez,44.0,0,7
2017,7,ocon,27.0,0,8
2017,7,sainz,25.0,0,9
2017,7,massa,20.0,0,10
2017,7,hulkenberg,18.0,0,11
2017,7,grosjean,10.0,0,12
2017,7,kevin_magnussen,5.0,0,13
2017,7,wehrlein,4.0,0,14
2017,7,kvyat,4.0,0,15
2017,7,stroll,2.0,0,16
2017,7,jolyon_palmer,0.0,0,17
2017,7,ericsson,0.0,0,18
2017,7,alonso,0.0,0,19
2017,7,giovinazzi,0.0,0,20
2017,7,vandoorne,0.0,0,21
2017,7,button,0.0,0,22
2017,8,vettel,153.0,3,1
2017,8,hamilton,139.0,3,2
2017,8,bottas,111.0,1,3
2017,8,ricciardo,92.0,1,4
2017,8,raikkonen,73.0,0,5
2017,8,max_verstappen,45.0,0,6
2017,8,perez,44.0,0,7
2017,8,ocon,35.0,0,8
2017,8,sainz,29.0,0,9
2017,8,massa,20.0,0,10
2017,8,hulkenberg,18.0,0,11
2017,8,stroll,17.0,0,12
2017,8,kevin_magnussen,11.0,0,13
2017,8,grosjean,10.0,0,14
2017,8,wehrlein,5.0,0,15
2017,8,kvyat,4.0,0,16
2017,8,alonso,2.0,0,17
2017,8,jolyon_palmer,0.0,0,18
2017,8,ericsson,0.0,0,19
2017,8,vandoorne,0.0,0,20
2017,8,giovinazzi,0.0,0,21
2017,8,button,0.0,0,22
2017,9,vettel,171.0,3,1
2017,9,hamilton,151.0,3,2
2017,9,bottas,136.0,2,3
2017,9,ricciardo,107.0,1,4
2017,9,raikkonen,83.0,0,5
2017,9,perez,50.0,0,6
2017,9,max_verstappen,45.0,0,7
2017,9,ocon,39.0,0,8
2017,9,sainz,29.0,0,9
2017,9,massa,22.0,0,10
2017,9,stroll,18.0,0,11
2017,9,hulkenberg,18.0,0,12
2017,9,grosjean,18.0,0,13
2017,9,kevin_magnussen,11.0,0,14
2017,9,wehrlein,5.0,0,15
2017,9,kvyat,4.0,0,16
2017,9,alonso,2.0,0,17
2017,9,jolyon_palmer,0.0,0,18
2017,9,ericsson,0.0,0,19
2017,9,vandoorne,0.0,0,20
2017,9,giovinazzi,0.0,0,21
2017,9,button,0.0,0,22
2017,10,vettel,177.0,3,1
2017,10,hamilton,176.0,4,2
2017,10,bottas,154.0,2,3
2017,10,ricciardo,117.0,1,4
2017,10,raikkonen,98.0,0,5
2017,10,max_verstappen,57.0,0,6
2017,10,perez,52.0,0,7
2017,10,ocon,43.0,0,8
2017,10,sainz,29.0,0,9
2017,10,hulkenberg,26.0,0,10
2017,10,massa,23.0,0,11
2017,10,stroll,18.0,0,12
2017,10,grosjean,18.0,0,13
2017,10,kevin_magnussen,11.0,0,14
2017,10,wehrlein,5.0,0,15
2017,10,kvyat,4.0,0,16
2017,10,alonso,2.0,0,17
2017,10,jolyon_palmer,0.0,0,18
2017,10,ericsson,0.0,0,19
2017,10,vandoorne,0.0,0,20
2017,10,giovinazzi,0.0,0,21
2017,10,button,0.0,0,22
2017,11,vettel,202.0,4,1
2017,11,hamilton,188.0,4,2
2017,11,bottas,169.0,2,3
2017,11,ricciardo,117.0,1,4
2017,11,raikkonen,116.0,0,5
2017,11,max_verstappen,67.0,0,6
2017,11,perez,56.0,0,7
2017,11,ocon,45.0,0,8
2017,11,sainz,35.0,0,9
2017,11,hulkenberg,26.0,0,10
2017,11,massa,23.0,0,11
2017,11,stroll,18.0,0,12
2017,11,grosjean,18.0,0,13
2017,11,kevin_magnussen,11.0,0,14
2017,11,alonso,10.0,0,15
2017,11,wehrlein,5.0,0,16
2017,11,kvyat,4.0,0,17
2017,11,vandoorne,1.0,0,18
2017,11,jolyon_palmer,0.0,0,19
2017,11,ericsson,0.0,0,20
2017,11,giovinazzi,0.0,0,21
2017,11,button,0.0,0,22
2017,11,resta,0.0,0,23
2017,12,vettel,220.0,4,1
2017,12,hamilton,213.0,5,2
2017,12,bottas,179.0,2,3
2017,12,ricciardo,132.0,1,4
2017,12,raikkonen,128.0,0,5
2017,12,max_verstappen,67.0,0,6
2017,12,perez,56.0,0,7
2017,12,ocon,47.0,0,8
2017,12,sainz,36.0,0,9
2017,12,hulkenberg,34.0,0,10
2017,12,massa,27.0,0,11
2017,12,grosjean,24.0,0,12
2017,12,stroll,18.0,0,13
2017,12,kevin_magnussen,11.0,0,14
2017,12,alonso,10.0,0,15
2017,12,wehrlein,5.0,0,16
2017,12,kvyat,4.0,0,17
2017,12,vandoorne,1.0,0,18
2017,12,jolyon_palmer,0.0,0,19
2017,12,ericsson,0.0,0,20
2017,12,giovinazzi,0.0,0,21
2017,12,button,0.0,0,22
2017,12,resta,0.0,0,23
2017,13,hamilton,238.0,6,1
2017,13,vettel,235.0,4,2
2017,13,bottas,197.0,2,3
2017,13,ricciardo,144.0,1,4
2017,13,raikkonen,138.0,0,5
2017,13,max_verstappen,68.0,0,6
2017,13,perez,58.0,0,7
2017,13,ocon,55.0,0,8
2017,13,sainz,36.0,0,9
2017,13,hulkenberg,34.0,0,10
2017,13,massa,31.0,0,11
2017,13,stroll,24.0,0,12
2017,13,grosjean,24.0,0,13
2017,13,kevin_magnussen,11.0,0,14
2017,13,alonso,10.0,0,15
2017,13,wehrlein,5.0,0,16
2017,13,kvyat,4.0,0,17
2017,13,vandoorne,1.0,0,18
2017,13,jolyon_palmer,0.0,0,19
2017,13,ericsson,0.0,0,20
2017,13,giovinazzi,0.0,0,21
2017,13,button,0.0,0,22
2017,13,resta,0.0,0,23
2017,14,hamilton,263.0,7,1
2017,14,vettel,235.0,4,2
2017,14,bottas,212.0,2,3
2017,14,ricciardo,162.0,1,4
2017,14,raikkonen,138.0,0,5
2017,14,max_verstappen,68.0,0,6
2017,14,perez,68.0,0,7
2017,14,ocon,56.0,0,8
2017,14,sainz,48.0,0,9
2017,14,hulkenberg,34.0,0,10
2017,14,massa,31.0,0,11
2017,14,stroll,28.0,0,12
2017,14,grosjean,26.0,0,13
2017,14,kevin_magnussen,11.0,0,14
2017,14,alonso,10.0,0,15
2017,14,jolyon_palmer,8.0,0,16
2017,14,vandoorne,7.0,0,17
2017,14,wehrlein,5.0,0,18
2017,14,kvyat,4.0,0,19
2017,14,ericsson,0.0,0,20
2017,14,giovinazzi,0.0,0,21
2017,14,button,0.0,0,22
2017,14,resta,0.0,0,23
2017,15,hamilton,281.0,7,1
2017,15,vettel,247.0,4,2
2017,15,bottas,222.0,2,3
2017,15,ricciardo,177.0,1,4
2017,15,raikkonen,138.0,0,5
2017,15,max_verstappen,93.0,1,6
2017,15,perez,76.0,0,7
2017,15,ocon,57.0,0,8
2017,15,sainz,48.0,0,9
2017,15,hulkenberg,34.0,0,10
2017,15,massa,33.0,0,11
2017,15,stroll,32.0,0,12
2017,15,grosjean,26.0,0,13
2017,15,vandoorne,13.0,0,14
2017,15,kevin_magnussen,11.0,0,15
2017,15,alonso,10.0,0,16
2017,15,jolyon_palmer,8.0,0,17
2017,15,wehrlein,5.0,0,18
2017,15,kvyat,4.0,0,19
2017,15,ericsson,0.0,0,20
2017,15,giovinazzi,0.0,0,21
2017,15,gasly,0.0,0,22
2017,15,button,0.0,0,23
2017,15,resta,0.0,0,24
2017,16,hamilton,306.0,8,1
2017,16,vettel,247.0,4,2
2017,16,bottas,234.0,2,3
2017,16,ricciardo,192.0,1,4
2017,16,raikkonen,148.0,0,5
2017,16,max_verstappen,111.0,1,6
2017,16,perez,82.0,0,7
2017,16,ocon,65.0,0,8
2017,16,sainz,48.0,0,9
2017,16,hulkenberg,34.0,0,10
2017,16,massa,34.0,0,11
2017,16,stroll,32.0,0,12
2017,16,grosjean,28.0,0,13
2017,16,kevin_magnussen,15.0,0,14
2017,16,vandoorne,13.0,0,15
2017,16,alonso,10.0,0,16
2017,16,jolyon_palmer,8.0,0,17
2017,16,wehrlein,5.0,0,18
2017,16,kvyat,4.0,0,19
2017,16,ericsson,0.0,0,20
2017,16,giovinazzi,0.0,0,21
2017,16,gasly,0.0,0,22
2017,16,button,0.0,0,23
2017,16,resta,0.0,0,24
2017,17,hamilton,331.0,9,1
2017,17,vettel,265.0,4,2
2017,17,bottas,244.0,2,3
2017,17,ricciardo,192.0,1,4
2017,17,raikkonen,163.0,0,5
2017,17,max_verstappen,123.0,1,6
2017,17,perez,86.0,0,7
2017,17,ocon,73.0,0,8
2017,17,sainz,54.0,0,9
2017,17,massa,36.0,0,10
2017,17,hulkenberg,34.0,0,11
2017,17,stroll,32.0,0,12
2017,17,grosjean,28.0,0,13
2017,17,kevin_magnussen,15.0,0,14
2017,17,vandoorne,13.0,0,15
2017,17,alonso,10.0,0,16
2017,17,jolyon_palmer,8.0,0,17
2017,17,wehrlein,5.0,0,18
2017,17,kvyat,5.0,0,19
2017,17,ericsson,0.0,0,20
2017,17,giovinazzi,0.0,0,21
2017,17,gasly,0.0,0,22
2017,17,brendon_hartley,0.0,0,23
2017,17,button,0.0,0,24
2017,17,resta,0.0,0,25
2017,18,hamilton,333.0,9,1
2017,18,vettel,277.0,4,2
2017,18,bottas,262.0,2,3
2017,18,ricciardo,192.0,1,4
2017,18,raikkonen,178.0,0,5
2017,18,max_verstappen,148.0,2,6
2017,18,perez,92.0,0,7
2017,18,ocon,83.0,0,8
2017,18,sainz,54.0,0,9
2017,18,stroll,40.0,0,10
2017,18,massa,36.0,0,11
2017,18,hulkenberg,34.0,0,12
2017,18,grosjean,28.0,0,13
2017,18,kevin_magnussen,19.0,0,14
2017,18,vandoorne,13.0,0,15
2017,18,alonso,11.0,0,16
2017,18,jolyon_palmer,8.0,0,17
2017,18,wehrlein,5.0,0,18
2017,18,kvyat,5.0,0,19
2017,18,ericsson,0.0,0,20
2017,18,giovinazzi,0.0,0,21
2017,18,gasly,0.0,0,22
2017,18,brendon_hartley,0.0,0,23
2017,18,button,0.0,0,24
2017,18,resta,0.0,0,25
2017,19,hamilton,345.0,9,1
2017,19,vettel,302.0,5,2
2017,19,bottas,280.0,2,3
2017,19,ricciardo,200.0,1,4
2017,19,raikkonen,193.0,0,5
2017,19,max_verstappen,158.0,2,6
2017,19,perez,94.0,0,7
2017,19,ocon,83.0,0,8
2017,19,sainz,54.0,0,9
2017,19,massa,42.0,0,10
2017,19,stroll,40.0,0,11
2017,19,hulkenberg,35.0,0,12
2017,19,grosjean,28.0,0,13
2017,19,kevin_magnussen,19.0,0,14
2017,19,alonso,15.0,0,15
2017,19,vandoorne,13.0,0,16
2017,19,jolyon_palmer,8.0,0,17
2017,19,wehrlein,5.0,0,18
2017,19,kvyat,5.0,0,19
2017,19,ericsson,0.0,0,20
2017,19,gasly,0.0,0,21
2017,19,giovinazzi,0.0,0,22
2017,19,brendon_hartley,0.0,0,23
2017,19,button,0.0,0,24
2017,19,resta,0.0,0,25
2017,20,hamilton,363.0,9,1
2017,20,vettel,317.0,5,2
2017,20,bottas,305.0,3,3
2017,20,raikkonen,205.0,0,4
2017,20,ricciardo,200.0,1,5
2017,20,max_verstappen,168.0,2,6
2017,20,perez,100.0,0,7
2017,20,ocon,87.0,0,8
2017,20,sainz,54.0,0,9
2017,20,hulkenberg,43.0,0,10
2017,20,massa,43.0,0,11
2017,20,stroll,40.0,0,12
2017,20,grosjean,28.0,0,13
2017,20,kevin_magnussen,19.0,0,14
2017,20,alonso,17.0,0,15
2017,20,vandoorne,13.0,0,16
2017,20,jolyon_palmer,8.0,0,17
2017,20,wehrlein,5.0,0,18
2017,20,kvyat,5.0,0,19
2017,20,ericsson,0.0,0,20
2017,20,gasly,0.0,0,21
2017,20,giovinazzi,0.0,0,22
2017,20,brendon_hartley,0.0,0,23
2017,20,button,0.0,0,24
2017,20,resta,0.0,0,25
2018,1,vettel,25.0,1,1
2018,1,hamilton,18.0,0,2
2018,1,raikkonen,15.0,0,3
2018,1,ricciardo,12.0,0,4
2018,1,alonso,10.0,0,5
2018,1,max_verstappen,8.0,0,6
2018,1,hulkenberg,6.0,0,7
2018,1,bottas,4.0,0,8
2018,1,vandoorne,2.0,0,9
2018,1,sainz,1.0,0,10
2018,1,perez,0.0,0,11
2018,1,ocon,0.0,0,12
2018,1,leclerc,0.0,0,13
2018,1,stroll,0.0,0,14
2018,1,brendon_hartley,0.0,0,15
2018,1,grosjean,0.0,0,16
2018,1,kevin_magnussen,0.0,0,17
2018,1,gasly,0.0,0,18
2018,1,ericsson,0.0,0,19
2018,1,sirotkin,0.0,0,20
2018,2,vettel,50.0,2,1
2018,2,hamilton,33.0,0,2
2018,2,bottas,22.0,0,3
2018,2,alonso,16.0,0,4
2018,2,raikkonen,15.0,0,5
2018,2,hulkenberg,14.0,0,6
2018,2,gasly,12.0,0,7
2018,2,ricciardo,12.0,0,8
2018,2,kevin_magnussen,10.0,0,9
2018,2,max_verstappen,8.0,0,10
2018,2,vandoorne,6.0,0,11
2018,2,ericsson,2.0,0,12
2018,2,sainz,1.0,0,13
2018,2,ocon,1.0,0,14
2018,2,perez,0.0,0,15
2018,2,leclerc,0.0,0,16
2018,2,grosjean,0.0,0,17
2018,2,stroll,0.0,0,18
2018,2,brendon_hartley,0.0,0,19
2018,2,sirotkin,0.0,0,20
2018,3,vettel,54.0,2,1
2018,3,hamilton,45.0,0,2
2018,3,bottas,40.0,0,3
2018,3,ricciardo,37.0,1,4
2018,3,raikkonen,30.0,0,5
2018,3,alonso,22.0,0,6
2018,3,hulkenberg,22.0,0,7
2018,3,max_verstappen,18.0,0,8
2018,3,gasly,12.0,0,9
2018,3,kevin_magnussen,11.0,0,10
2018,3,vandoorne,6.0,0,11
2018,3,sainz,3.0,0,12
2018,3,ericsson,2.0,0,13
2018,3,ocon,1.0,0,14
2018,3,perez,0.0,0,15
2018,3,leclerc,0.0,0,16
2018,3,grosjean,0.0,0,17
2018,3,stroll,0.0,0,18
2018,3,sirotkin,0.0,0,19
2018,3,brendon_hartley,0.0,0,20
2018,4,hamilton,70.0,1,1
2018,4,vettel,66.0,2,2
2018,4,raikkonen,48.0,0,3
2018,4,bottas,40.0,0,4
2018,4,ricciardo,37.0,1,5
2018,4,alonso,28.0,0,6
2018,4,hulkenberg,22.0,0,7
2018,4,max_verstappen,18.0,0,8
2018,4,perez,15.0,0,9
2018,4,sainz,13.0,0,10
2018,4,gasly,12.0,0,11
2018,4,kevin_magnussen,11.0,0,12
2018,4,leclerc,8.0,0,13
2018,4,vandoorne,8.0,0,14
2018,4,stroll,4.0,0,15
2018,4,ericsson,2.0,0,16
2018,4,ocon,1.0,0,17
2018,4,brendon_hartley,1.0,0,18
2018,4,grosjean,0.0,0,19
2018,4,sirotkin,0.0,0,20
2018,5,hamilton,95.0,2,1
2018,5,vettel,78.0,2,2
2018,5,bottas,58.0,0,3
2018,5,raikkonen,48.0,0,4
2018,5,ricciardo,47.0,1,5
2018,5,max_verstappen,33.0,0,6
2018,5,alonso,32.0,0,7
2018,5,hulkenberg,22.0,0,8
2018,5,kevin_magnussen,19.0,0,9
2018,5,sainz,19.0,0,10
2018,5,perez,17.0,0,11
2018,5,gasly,12.0,0,12
2018,5,leclerc,9.0,0,13
2018,5,vandoorne,8.0,0,14
2018,5,stroll,4.0,0,15
2018,5,ericsson,2.0,0,16
2018,5,ocon,1.0,0,17
2018,5,brendon_hartley,1.0,0,18
2018,5,grosjean,0.0,0,19
2018,5,sirotkin,0.0,0,20
2018,6,hamilton,110.0,2,1
2018,6,vettel,96.0,2,2
2018,6,ricciardo,72.0,2,3
2018,6,bottas,68.0,0,4
2018,6,raikkonen,60.0,0,5
2018,6,max_verstappen,35.0,0,6
2018,6,alonso,32.0,0,7
2018,6,hulkenberg,26.0,0,8
2018,6,sainz,20.0,0,9
2018,6,kevin_magnussen,19.0,0,10
2018,6,gasly,18.0,0,11
2018,6,perez,17.0,0,12
2018,6,ocon,9.0,0,13
2018,6,leclerc,9.0,0,14
2018,6,vandoorne,8.0,0,15
2018,6,stroll,4.0,0,16
2018,6,ericsson,2.0,0,17
2018,6,brendon_hartley,1.0,0,18
2018,6,grosjean,0.0,0,19
2018,6,sirotkin,0.0,0,20
2018,7,vettel,121.0,3,1
2018,7,hamilton,120.0,2,2
2018,7,bottas,86.0,0,3
2018,7,ricciardo,84.0,2,4
2018,7,raikkonen,68.0,0,5
2018,7,max_verstappen,50.0,0,6
2018,7,alonso,32.0,0,7
2018,7,hulkenberg,32.0,0,8
2018,7,sainz,24.0,0,9
2018,7,kevin_magnussen,19.0,0,10
2018,7,gasly,18.0,0,11
2018,7,perez,17.0,0,12
2018,7,ocon,11.0,0,13
2018,7,leclerc,10.0,0,14
2018,7,vandoorne,8.0,0,15
2018,7,stroll,4.0,0,16
2018,7,ericsson,2.0,0,17
2018,7,brendon_hartley,1.0,0,18
2018,7,grosjean,0.0,0,19
2018,7,sirotkin,0.0,0,20
2018,8,hamilton,145.0,3,1
2018,8,vettel,131.0,3,2
2018,8,ricciardo,96.0,2,3
2018,8,bottas,92.0,0,4
2018,8,raikkonen,83.0,0,5
2018,8,max_verstappen,68.0,0,6
2018,8,hulkenberg,34.0,0,7
2018,8,alonso,32.0,0,8
2018,8,sainz,28.0,0,9
2018,8,kevin_magnussen,27.0,0,10
2018,8,gasly,18.0,0,11
2018,8,perez,17.0,0,12
2018,8,ocon,11.0,0,13
2018,8,leclerc,11.0,0,14
2018,8,vandoorne,8.0,0,15
2018,8,stroll,4.0,0,16
2018,8,ericsson,2.0,0,17
2018,8,brendon_hartley,1.0,0,18
2018,8,grosjean,0.0,0,19
2018,8,sirotkin,0.0,0,20
2018,9,vettel,146.0,3,1
2018,9,hamilton,145.0,3,2
2018,9,raikkonen,101.0,0,3
2018,9,ricciardo,96.0,2,4
2018,9,max_verstappen,93.0,1,5
2018,9,bottas,92.0,0,6
2018,9,kevin_magnussen,37.0,0,7
2018,9,alonso,36.0,0,8
2018,9,hulkenberg,34.0,0,9
2018,9,sainz,28.0,0,10
2018,9,perez,23.0,0,11
2018,9,ocon,19.0,0,12
2018,9,gasly,18.0,0,13
2018,9,leclerc,13.0,0,14
2018,9,grosjean,12.0,0,15
2018,9,vandoorne,8.0,0,16
2018,9,stroll,4.0,0,17
2018,9,ericsson,3.0,0,18
2018,9,brendon_hartley,1.0,0,19
2018,9,sirotkin,0.0,0,20
2018,10,vettel,171.0,4,1
2018,10,hamilton,163.0,3,2
2018,10,raikkonen,116.0,0,3
2018,10,ricciardo,106.0,2,4
2018,10,bottas,104.0,0,5
2018,10,max_verstappen,93.0,1,6
2018,10,hulkenberg,42.0,0,7
2018,10,alonso,40.0,0,8
2018,10,kevin_magnussen,39.0,0,9
2018,10,sainz,28.0,0,10
2018,10,ocon,25.0,0,11
2018,10,perez,24.0,0,12
2018,10,gasly,18.0,0,13
2018,10,leclerc,13.0,0,14
2018,10,grosjean,12.0,0,15
2018,10,vandoorne,8.0,0,16
2018,10,stroll,4.0,0,17
2018,10,ericsson,3.0,0,18
2018,10,brendon_hartley,1.0,0,19
2018,10,sirotkin,0.0,0,20
2018,11,hamilton,188.0,4,1
2018,11,vettel,171.0,4,2
2018,11,raikkonen,131.0,0,3
2018,11,bottas,122.0,0,4
2018,11,ricciardo,106.0,2,5
2018,11,max_verstappen,105.0,1,6
2018,11,hulkenberg,52.0,0,7
2018,11,alonso,40.0,0,8
2018,11,kevin_magnussen,39.0,0,9
2018,11,perez,30.0,0,10
2018,11,ocon,29.0,0,11
2018,11,sainz,28.0,0,12
2018,11,grosjean,20.0,0,13
2018,11,gasly,18.0,0,14
2018,11,leclerc,13.0,0,15
2018,11,vandoorne,8.0,0,16
2018,11,ericsson,5.0,0,17
2018,11,stroll,4.0,0,18
2018,11,brendon_hartley,2.0,0,19
2018,11,sirotkin,0.0,0,20
2018,12,hamilton,213.0,5,1
2018,12,vettel,189.0,4,2
2018,12,raikkonen,146.0,0,3
2018,12,bottas,132.0,0,4
2018,12,ricciardo,118.0,2,5
2018,12,max_verstappen,105.0,1,6
2018,12,hulkenberg,52.0,0,7
2018,12,kevin_magnussen,45.0,0,8
2018,12,alonso,44.0,0,9
2018,12,perez,30.0,0,10
2018,12,sainz,30.0,0,11
2018,12,ocon,29.0,0,12
2018,12,gasly,26.0,0,13
2018,12,grosjean,21.0,0,14
2018,12,leclerc,13.0,0,15
2018,12,vandoorne,8.0,0,16
2018,12,ericsson,5.0,0,17
2018,12,stroll,4.0,0,18
2018,12,brendon_hartley,2.0,0,19
2018,12,sirotkin,0.0,0,20
2018,13,hamilton,231.0,5,1
2018,13,vettel,214.0,5,2
2018,13,raikkonen,146.0,0,3
2018,13,bottas,144.0,0,4
2018,13,max_verstappen,120.0,1,5
2018,13,ricciardo,118.0,2,6
2018,13,hulkenberg,52.0,0,7
2018,13,kevin_magnussen,49.0,0,8
2018,13,alonso,44.0,0,9
2018,13,perez,40.0,0,10
2018,13,ocon,37.0,0,11
2018,13,sainz,30.0,0,12
2018,13,gasly,28.0,0,13
2018,13,grosjean,27.0,0,14
2018,13,leclerc,13.0,0,15
2018,13,vandoorne,8.0,0,16
2018,13,ericsson,6.0,0,17
2018,13,stroll,4.0,0,18
2018,13,brendon_hartley,2.0,0,19
2018,13,sirotkin,0.0,0,20
2018,14,hamilton,256.0,6,1
2018,14,vettel,226.0,5,2
2018,14,raikkonen,164.0,0,3
2018,14,bottas,159.0,0,4
2018,14,max_verstappen,130.0,1,5
2018,14,ricciardo,118.0,2,6
2018,14,hulkenberg,52.0,0,7
2018,14,kevin_magnussen,49.0,0,8
2018,14,perez,46.0,0,9
2018,14,ocon,45.0,0,10
2018,14,alonso,44.0,0,11
2018,14,sainz,34.0,0,12
2018,14,gasly,28.0,0,13
2018,14,grosjean,27.0,0,14
2018,14,leclerc,13.0,0,15
2018,14,vandoorne,8.0,0,16
2018,14,stroll,6.0,0,17
2018,14,ericsson,6.0,0,18
2018,14,brendon_hartley,2.0,0,19
2018,14,sirotkin,1.0,0,20
2018,15,hamilton,281.0,7,1
2018,15,vettel,241.0,5,2
2018,15,raikkonen,174.0,0,3
2018,15,bottas,171.0,0,4
2018,15,max_verstappen,148.0,1,5
2018,15,ricciardo,126.0,2,6
2018,15,hulkenberg,53.0,0,7
2018,15,alonso,50.0,0,8
2018,15,kevin_magnussen,49.0,0,9
2018,15,perez,46.0,0,10
2018,15,ocon,45.0,0,11
2018,15,sainz,38.0,0,12
2018,15,gasly,28.0,0,13
2018,15,grosjean,27.0,0,14
2018,15,leclerc,15.0,0,15
2018,15,vandoorne,8.0,0,16
2018,15,stroll,6.0,0,17
2018,15,ericsson,6.0,0,18
2018,15,brendon_hartley,2.0,0,19
2018,15,sirotkin,1.0,0,20
2018,16,hamilton,306.0,8,1
2018,16,vettel,256.0,5,2
2018,16,bottas,189.0,0,3
2018,16,raikkonen,186.0,0,4
2018,16,max_verstappen,158.0,1,5
2018,16,ricciardo,134.0,2,6
2018,16,kevin_magnussen,53.0,0,7
2018,16,hulkenberg,53.0,0,8
2018,16,alonso,50.0,0,9
2018,16,perez,47.0,0,10
2018,16,ocon,47.0,0,11
2018,16,sainz,38.0,0,12
2018,16,gasly,28.0,0,13
2018,16,grosjean,27.0,0,14
2018,16,leclerc,21.0,0,15
2018,16,vandoorne,8.0,0,16
2018,16,stroll,6.0,0,17
2018,16,ericsson,6.0,0,18
2018,16,brendon_hartley,2.0,0,19
2018,16,sirotkin,1.0,0,20
2018,17,hamilton,331.0,9,1
2018,17,vettel,264.0,5,2
2018,17,bottas,207.0,0,3
2018,17,raikkonen,196.0,0,4
2018,17,max_verstappen,173.0,1,5
2018,17,ricciardo,146.0,2,6
2018,17,perez,53.0,0,7
2018,17,kevin_magnussen,53.0,0,8
2018,17,hulkenberg,53.0,0,9
2018,17,alonso,50.0,0,10
2018,17,ocon,49.0,0,11
2018,17,sainz,39.0,0,12
2018,17,grosjean,31.0,0,13
2018,17,gasly,28.0,0,14
2018,17,leclerc,21.0,0,15
2018,17,vandoorne,8.0,0,16
2018,17,stroll,6.0,0,17
2018,17,ericsson,6.0,0,18
2018,17,brendon_hartley,2.0,0,19
2018,17,sirotkin,1.0,0,20
2018,18,hamilton,346.0,9,1
2018,18,vettel,276.0,5,2
2018,18,raikkonen,221.0,1,3
2018,18,bottas,217.0,0,4
2018,18,max_verstappen,191.0,1,5
2018,18,ricciardo,146.0,2,6
2018,18,hulkenberg,61.0,0,7
2018,18,perez,57.0,0,8
2018,18,kevin_magnussen,53.0,0,9
2018,18,alonso,50.0,0,10
2018,18,ocon,49.0,0,11
2018,18,sainz,45.0,0,12
2018,18,grosjean,31.0,0,13
2018,18,gasly,28.0,0,14
2018,18,leclerc,21.0,0,15
2018,18,vandoorne,8.0,0,16
2018,18,ericsson,7.0,0,17
2018,18,stroll,6.0,0,18
2018,18,brendon_hartley,4.0,0,19
2018,18,sirotkin,1.0,0,20
2018,19,hamilton,358.0,9,1
2018,19,vettel,294.0,5,2
2018,19,raikkonen,236.0,1,3
2018,19,bottas,227.0,0,4
2018,19,max_verstappen,216.0,2,5
2018,19,ricciardo,146.0,2,6
2018,19,hulkenberg,69.0,0,7
2018,19,perez,57.0,0,8
2018,19,kevin_magnussen,53.0,0,9
2018,19,alonso,50.0,0,10
2018,19,ocon,49.0,0,11
2018,19,sainz,45.0,0,12
2018,19,grosjean,31.0,0,13
2018,19,gasly,29.0,0,14
2018,19,leclerc,27.0,0,15
2018,19,vandoorne,12.0,0,16
2018,19,ericsson,9.0,0,17
2018,19,stroll,6.0,0,18
2018,19,brendon_hartley,4.0,0,19
2018,19,sirotkin,1.0,0,20
2018,20,hamilton,383.0,10,1
2018,20,vettel,302.0,5,2
2018,20,raikkonen,251.0,1,3
2018,20,bottas,237.0,0,4
2018,20,max_verstappen,234.0,2,5
2018,20,ricciardo,158.0,2,6
2018,20,hulkenberg,69.0,0,7
2018,20,perez,58.0,0,8
2018,20,kevin_magnussen,55.0,0,9
2018,20,alonso,50.0,0,10
2018,20,ocon,49.0,0,11
2018,20,sainz,45.0,0,12
2018,20,grosjean,35.0,0,13
2018,20,leclerc,33.0,0,14
2018,20,gasly,29.0,0,15
2018,20,vandoorne,12.0,0,16
2018,20,ericsson,9.0,0,17
2018,20,stroll,6.0,0,18
2018,20,brendon_hartley,4.0,0,19
2018,20,sirotkin,1.0,0,20
2018,21,hamilton,408.0,11,1
2018,21,vettel,320.0,5,2
2018,21,raikkonen,251.0,1,3
2018,21,max_verstappen,249.0,2,4
2018,21,bottas,247.0,0,5
2018,21,ricciardo,170.0,2,6
2018,21,hulkenberg,69.0,0,7
2018,21,perez,62.0,0,8
2018,21,kevin_magnussen,56.0,0,9
2018,21,sainz,53.0,0,10
2018,21,alonso,50.0,0,11
2018,21,ocon,49.0,0,12
2018,21,leclerc,39.0,0,13
2018,21,grosjean,37.0,0,14
2018,21,gasly,29.0,0,15
2018,21,vandoorne,12.0,0,16
2018,21,ericsson,9.0,0,17
2018,21,stroll,6.0,0,18
2018,21,brendon_hartley,4.0,0,19
2018,21,sirotkin,1.0,0,20
2019,1,bottas,26.0,1,1
2019,1,hamilton,18.0,0,2
2019,1,max_verstappen,15.0,0,3
2019,1,vettel,12.0,0,4
2019,1,leclerc,10.0,0,5
2019,1,kevin_magnussen,8.0,0,6
2019,1,hulkenberg,6.0,0,7
2019,1,raikkonen,4.0,0,8
2019,1,stroll,2.0,0,9
2019,1,kvyat,1.0,0,10
2019,1,gasly,0.0,0,11
2019,1,norris,0.0,0,12
2019,1,perez,0.0,0,13
2019,1,albon,0.0,0,14
2019,1,giovinazzi,0.0,0,15
2019,1,russell,0.0,0,16
2019,1,kubica,0.0,0,17
2019,1,grosjean,0.0,0,18
2019,1,ricciardo,0.0,0,19
2019,1,sainz,0.0,0,20
2019,2,bottas,44.0,1,1
2019,2,hamilton,43.0,1,2
2019,2,max_verstappen,27.0,0,3
2019,2,leclerc,26.0,0,4
2019,2,vettel,22.0,0,5
2019,2,raikkonen,10.0,0,6
2019,2,norris,8.0,0,7
2019,2,kevin_magnussen,8.0,0,8
2019,2,hulkenberg,6.0,0,9
2019,2,gasly,4.0,0,10
2019,2,albon,2.0,0,11
2019,2,stroll,2.0,0,12
2019,2,kvyat,1.0,0,13
2019,2,perez,1.0,0,14
2019,2,giovinazzi,0.0,0,15
2019,2,russell,0.0,0,16
2019,2,kubica,0.0,0,17
2019,2,ricciardo,0.0,0,18
2019,2,grosjean,0.0,0,19
2019,2,sainz,0.0,0,20
2019,3,hamilton,68.0,2,1
2019,3,bottas,62.0,1,2
2019,3,max_verstappen,39.0,0,3
2019,3,vettel,37.0,0,4
2019,3,leclerc,36.0,0,5
2019,3,gasly,13.0,0,6
2019,3,raikkonen,12.0,0,7
2019,3,norris,8.0,0,8
2019,3,kevin_magnussen,8.0,0,9
2019,3,hulkenberg,6.0,0,10
2019,3,ricciardo,6.0,0,11
2019,3,perez,5.0,0,12
2019,3,albon,3.0,0,13
2019,3,stroll,2.0,0,14
2019,3,kvyat,1.0,0,15
2019,3,giovinazzi,0.0,0,16
2019,3,grosjean,0.0,0,17
2019,3,sainz,0.0,0,18
2019,3,russell,0.0,0,19
2019,3,kubica,0.0,0,20
2019,4,bottas,87.0,2,1
2019,4,hamilton,86.0,2,2
2019,4,vettel,52.0,0,3
2019,4,max_verstappen,51.0,0,4
2019,4,leclerc,47.0,0,5
2019,4,perez,13.0,0,6
2019,4,gasly,13.0,0,7
2019,4,raikkonen,13.0,0,8
2019,4,norris,12.0,0,9
2019,4,kevin_magnussen,8.0,0,10
2019,4,hulkenberg,6.0,0,11
2019,4,sainz,6.0,0,12
2019,4,ricciardo,6.0,0,13
2019,4,stroll,4.0,0,14
2019,4,albon,3.0,0,15
2019,4,kvyat,1.0,0,16
2019,4,giovinazzi,0.0,0,17
2019,4,grosjean,0.0,0,18
2019,4,russell,0.0,0,19
2019,4,kubica,0.0,0,20
2019,5,hamilton,112.0,3,1
2019,5,bottas,105.0,2,2
2019,5,max_verstappen,66.0,0,3
2019,5,vettel,64.0,0,4
2019,5,leclerc,57.0,0,5
2019,5,gasly,21.0,0,6
2019,5,kevin_magnussen,14.0,0,7
2019,5,perez,13.0,0,8
2019,5,raikkonen,13.0,0,9
2019,5,norris,12.0,0,10
2019,5,sainz,10.0,0,11
2019,5,ricciardo,6.0,0,12
2019,5,hulkenberg,6.0,0,13
2019,5,stroll,4.0,0,14
2019,5,albon,3.0,0,15
2019,5,kvyat,3.0,0,16
2019,5,grosjean,1.0,0,17
2019,5,giovinazzi,0.0,0,18
2019,5,russell,0.0,0,19
2019,5,kubica,0.0,0,20
2019,6,hamilton,137.0,4,1
2019,6,bottas,120.0,2,2
2019,6,vettel,82.0,0,3
2019,6,max_verstappen,78.0,0,4
2019,6,leclerc,57.0,0,5
2019,6,gasly,32.0,0,6
2019,6,sainz,18.0,0,7
2019,6,kevin_magnussen,14.0,0,8
2019,6,perez,13.0,0,9
2019,6,raikkonen,13.0,0,10
2019,6,norris,12.0,0,11
2019,6,kvyat,9.0,0,12
2019,6,ricciardo,8.0,0,13
2019,6,albon,7.0,0,14
2019,6,hulkenberg,6.0,0,15
2019,6,stroll,4.0,0,16
2019,6,grosjean,2.0,0,17
2019,6,giovinazzi,0.0,0,18
2019,6,russell,0.0,0,19
2019,6,kubica,0.0,0,20
2019,7,hamilton,162.0,5,1
2019,7,bottas,133.0,2,2
2019,7,vettel,100.0,0,3
2019,7,max_verstappen,88.0,0,4
2019,7,leclerc,72.0,0,5
2019,7,gasly,36.0,0,6
2019,7,sainz,18.0,0,7
2019,7,ricciardo,16.0,0,8
2019,7,kevin_magnussen,14.0,0,9
2019,7,perez,13.0,0,10
2019,7,raikkonen,13.0,0,11
2019,7,norris,12.0,0,12
2019,7,hulkenberg,12.0,0,13
2019,7,kvyat,10.0,0,14
2019,7,albon,7.0,0,15
2019,7,stroll,6.0,0,16
2019,7,grosjean,2.0,0,17
2019,7,giovinazzi,0.0,0,18
2019,7,russell,0.0,0,19
2019,7,kubica,0.0,0,20
2019,8,hamilton,187.0,6,1
2019,8,bottas,151.0,2,2
2019,8,vettel,111.0,0,3
2019,8,max_verstappen,100.0,0,4
2019,8,leclerc,87.0,0,5
2019,8,gasly,37.0,0,6
2019,8,sainz,26.0,0,7
2019,8,raikkonen,19.0,0,8
2019,8,ricciardo,16.0,0,9
2019,8,hulkenberg,16.0,0,10
2019,8,kevin_magnussen,14.0,0,11
2019,8,norris,14.0,0,12
2019,8,perez,13.0,0,13
2019,8,kvyat,10.0,0,14
2019,8,albon,7.0,0,15
2019,8,stroll,6.0,0,16
2019,8,grosjean,2.0,0,17
2019,8,giovinazzi,0.0,0,18
2019,8,russell,0.0,0,19
2019,8,kubica,0.0,0,20
2019,9,hamilton,197.0,6,1
2019,9,bottas,166.0,2,2
2019,9,max_verstappen,126.0,1,3
2019,9,vettel,123.0,0,4
2019,9,leclerc,105.0,0,5
2019,9,gasly,43.0,0,6
2019,9,sainz,30.0,0,7
2019,9,norris,22.0,0,8
2019,9,raikkonen,21.0,0,9
2019,9,ricciardo,16.0,0,10
2019,9,hulkenberg,16.0,0,11
2019,9,kevin_magnussen,14.0,0,12
2019,9,perez,13.0,0,13
2019,9,kvyat,10.0,0,14
2019,9,albon,7.0,0,15
2019,9,stroll,6.0,0,16
2019,9,grosjean,2.0,0,17
2019,9,giovinazzi,1.0,0,18
2019,9,russell,0.0,0,19
2019,9,kubica,0.0,0,20
2019,10,hamilton,223.0,7,1
2019,10,bottas,184.0,2,2
2019,10,max_verstappen,136.0,1,3
2019,10,vettel,123.0,0,4
2019,10,leclerc,120.0,0,5
2019,10,gasly,55.0,0,6
2019,10,sainz,38.0,0,7
2019,10,raikkonen,25.0,0,8
2019,10,norris,22.0,0,9
2019,10,ricciardo,22.0,0,10
2019,10,hulkenberg,17.0,0,11
2019,10,kevin_magnussen,14.0,0,12
2019,10,perez,13.0,0,13
2019,10,kvyat,12.0,0,14
2019,10,albon,7.0,0,15
2019,10,stroll,6.0,0,16
2019,10,grosjean,2.0,0,17
2019,10,giovinazzi,1.0,0,18
2019,10,russell,0.0,0,19
2019,10,kubica,0.0,0,20
2019,11,hamilton,225.0,7,1
2019,11,bottas,184.0,2,2
2019,11,max_verstappen,162.0,2,3
2019,11,vettel,141.0,0,4
2019,11,leclerc,120.0,0,5
2019,11,gasly,55.0,0,6
2019,11,sainz,48.0,0,7
2019,11,kvyat,27.0,0,8
2019,11,raikkonen,25.0,0,9
2019,11,norris,22.0,0,10
2019,11,ricciardo,22.0,0,11
2019,11,stroll,18.0,0,12
2019,11,kevin_magnussen,18.0,0,13
2019,11,hulkenberg,17.0,0,14
2019,11,albon,15.0,0,15
2019,11,perez,13.0,0,16
2019,11,grosjean,8.0,0,17
2019,11,giovinazzi,1.0,0,18
2019,11,kubica,1.0,0,19
2019,11,russell,0.0,0,20
2019,12,hamilton,250.0,8,1
2019,12,bottas,188.0,2,2
2019,12,max_verstappen,181.0,2,3
2019,12,vettel,156.0,0,4
2019,12,leclerc,132.0,0,5
2019,12,gasly,63.0,0,6
2019,12,sainz,58.0,0,7
2019,12,raikkonen,31.0,0,8
2019,12,kvyat,27.0,0,9
2019,12,norris,24.0,0,10
2019,12,ricciardo,22.0,0,11
2019,12,stroll,18.0,0,12
2019,12,kevin_magnussen,18.0,0,13
2019,12,hulkenberg,17.0,0,14
2019,12,albon,16.0,0,15
2019,12,perez,13.0,0,16
2019,12,grosjean,8.0,0,17
2019,12,giovinazzi,1.0,0,18
2019,12,kubica,1.0,0,19
2019,12,russell,0.0,0,20
2019,13,hamilton,268.0,8,1
2019,13,bottas,203.0,2,2
2019,13,max_verstappen,181.0,2,3
2019,13,vettel,169.0,0,4
2019,13,leclerc,157.0,1,5
2019,13,gasly,65.0,0,6
2019,13,sainz,58.0,0,7
2019,13,kvyat,33.0,0,8
2019,13,raikkonen,31.0,0,9
2019,13,albon,26.0,0,10
2019,13,norris,24.0,0,11
2019,13,ricciardo,22.0,0,12
2019,13,perez,21.0,0,13
2019,13,hulkenberg,21.0,0,14
2019,13,stroll,19.0,0,15
2019,13,kevin_magnussen,18.0,0,16
2019,13,grosjean,8.0,0,17
2019,13,giovinazzi,1.0,0,18
2019,13,kubica,1.0,0,19
2019,13,russell,0.0,0,20
2019,14,hamilton,284.0,8,1
2019,14,bottas,221.0,2,2
2019,14,max_verstappen,185.0,2,3
2019,14,leclerc,182.0,2,4
2019,14,vettel,169.0,0,5
2019,14,gasly,65.0,0,6
2019,14,sainz,58.0,0,7
2019,14,ricciardo,34.0,0,8
2019,14,albon,34.0,0,9
2019,14,kvyat,33.0,0,10
2019,14,hulkenberg,31.0,0,11
2019,14,raikkonen,31.0,0,12
2019,14,perez,27.0,0,13
2019,14,norris,25.0,0,14
2019,14,stroll,19.0,0,15
2019,14,kevin_magnussen,18.0,0,16
2019,14,grosjean,8.0,0,17
2019,14,giovinazzi,3.0,0,18
2019,14,kubica,1.0,0,19
2019,14,russell,0.0,0,20
2019,15,hamilton,296.0,8,1
2019,15,bottas,231.0,2,2
2019,15,leclerc,200.0,2,3
2019,15,max_verstappen,200.0,2,4
2019,15,vettel,194.0,1,5
2019,15,gasly,69.0,0,6
2019,15,sainz,58.0,0,7
2019,15,albon,42.0,0,8
2019,15,ricciardo,34.0,0,9
2019,15,kvyat,33.0,0,10
2019,15,hulkenberg,33.0,0,11
2019,15,norris,31.0,0,12
2019,15,raikkonen,31.0,0,13
2019,15,perez,27.0,0,14
2019,15,stroll,19.0,0,15
2019,15,kevin_magnussen,18.0,0,16
2019,15,grosjean,8.0,0,17
2019,15,giovinazzi,4.0,0,18
2019,15,kubica,1.0,0,19
2019,15,russell,0.0,0,20
2019,16,hamilton,322.0,9,1
2019,16,bottas,249.0,2,2
2019,16,leclerc,215.0,2,3
2019,16,max_verstappen,212.0,2,4
2019,16,vettel,194.0,1,5
2019,16,gasly,69.0,0,6
2019,16,sainz,66.0,0,7
2019,16,albon,52.0,0,8
2019,16,norris,35.0,0,9
2019,16,ricciardo,34.0,0,10
2019,16,hulkenberg,34.0,0,11
2019,16,kvyat,33.0,0,12
2019,16,perez,33.0,0,13
2019,16,raikkonen,31.0,0,14
2019,16,kevin_magnussen,20.0,0,15
2019,16,stroll,19.0,0,16
2019,16,grosjean,8.0,0,17
2019,16,giovinazzi,4.0,0,18
2019,16,kubica,1.0,0,19
2019,16,russell,0.0,0,20
2019,17,hamilton,338.0,9,1
2019,17,bottas,274.0,3,2
2019,17,leclerc,223.0,2,3
2019,17,max_verstappen,212.0,2,4
2019,17,vettel,212.0,1,5
2019,17,sainz,76.0,0,6
2019,17,gasly,75.0,0,7
2019,17,albon,64.0,0,8
2019,17,perez,37.0,0,9
2019,17,norris,35.0,0,10
2019,17,kvyat,34.0,0,11
2019,17,ricciardo,34.0,0,12
2019,17,hulkenberg,34.0,0,13
2019,17,raikkonen,31.0,0,14
2019,17,stroll,21.0,0,15
2019,17,kevin_magnussen,20.0,0,16
2019,17,grosjean,8.0,0,17
2019,17,giovinazzi,4.0,0,18
2019,17,kubica,1.0,0,19
2019,17,russell,0.0,0,20
2019,18,hamilton,363.0,10,1
2019,18,bottas,289.0,3,2
2019,18,leclerc,236.0,2,3
2019,18,vettel,230.0,1,4
2019,18,max_verstappen,220.0,2,5
2019,18,gasly,77.0,0,6
2019,18,sainz,76.0,0,7
2019,18,albon,74.0,0,8
2019,18,perez,43.0,0,9
2019,18,ricciardo,38.0,0,10
2019,18,hulkenberg,35.0,0,11
2019,18,norris,35.0,0,12
2019,18,kvyat,34.0,0,13
2019,18,raikkonen,31.0,0,14
2019,18,stroll,21.0,0,15
2019,18,kevin_magnussen,20.0,0,16
2019,18,grosjean,8.0,0,17
2019,18,giovinazzi,4.0,0,18
2019,18,kubica,1.0,0,19
2019,18,russell,0.0,0,20
2019,19,hamilton,381.0,10,1
2019,19,bottas,314.0,4,2
2019,19,leclerc,249.0,2,3
2019,19,max_verstappen,235.0,2,4
2019,19,vettel,230.0,1,5
2019,19,albon,84.0,0,6
2019,19,sainz,80.0,0,7
2019,19,gasly,77.0,0,8
2019,19,ricciardo,46.0,0,9
2019,19,perez,44.0,0,10
2019,19,norris,41.0,0,11
2019,19,hulkenberg,37.0,0,12
2019,19,kvyat,34.0,0,13
2019,19,raikkonen,31.0,0,14
2019,19,stroll,21.0,0,15
2019,19,kevin_magnussen,20.0,0,16
2019,19,grosjean,8.0,0,17
2019,19,giovinazzi,4.0,0,18
2019,19,kubica,1.0,0,19
2019,19,russell,0.0,0,20
2019,20,hamilton,387.0,10,1
2019,20,bottas,314.0,4,2
2019,20,max_verstappen,260.0,3,3
2019,20,leclerc,249.0,2,4
2019,20,vettel,230.0,1,5
2019,20,gasly,95.0,0,6
2019,20,sainz,95.0,0,7
2019,20,albon,84.0,0,8
2019,20,ricciardo,54.0,0,9
2019,20,perez,46.0,0,10
2019,20,norris,45.0,0,11
2019,20,raikkonen,43.0,0,12
2019,20,hulkenberg,37.0,0,13
2019,20,kvyat,35.0,0,14
2019,20,stroll,21.0,0,15
2019,20,kevin_magnussen,20.0,0,16
2019,20,giovinazzi,14.0,0,17
2019,20,grosjean,8.0,0,18
2019,20,kubica,1.0,0,19
2019,20,russell,0.0,0,20
2019,21,hamilton,413.0,11,1
2019,21,bottas,326.0,4,2
2019,21,max_verstappen,278.0,3,3
2019,21,leclerc,264.0,2,4
2019,21,vettel,240.0,1,5
2019,21,sainz,96.0,0,6
2019,21,gasly,95.0,0,7
2019,21,albon,92.0,0,8
2019,21,ricciardo,54.0,0,9
2019,21,perez,52.0,0,10
2019,21,norris,49.0,0,11
2019,21,raikkonen,43.0,0,12
2019,21,kvyat,37.0,0,13
2019,21,hulkenberg,37.0,0,14
2019,21,stroll,21.0,0,15
2019,21,kevin_magnussen,20.0,0,16
2019,21,giovinazzi,14.0,0,17
2019,21,grosjean,8.0,0,18
2019,21,kubica,1.0,0,19
2019,21,russell,0.0,0,20
2020,1,bottas,25.0,1,1
2020,1,leclerc,18.0,0,2
2020,1,norris,16.0,0,3
2020,1,hamilton,12.0,0,4
2020,1,sainz,10.0,0,5
2020,1,perez,8.0,0,6
2020,1,gasly,6.0,0,7
2020,1,ocon,4.0,0,8
2020,1,giovinazzi,2.0,0,9
2020,1,vettel,1.0,0,10
2020,1,latifi,0.0,0,11
2020,1,kvyat,0.0,0,12
2020,1,albon,0.0,0,13
2020,1,raikkonen,0.0,0,14
2020,1,russell,0.0,0,15
2020,1,grosjean,0.0,0,16
2020,1,kevin_magnussen,0.0,0,17
2020,1,stroll,0.0,0,18
2020,1,ricciardo,0.0,0,19
2020,1,max_verstappen,0.0,0,20
2020,2,bottas,43.0,1,1
2020,2,hamilton,37.0,1,2
2020,2,norris,26.0,0,3
2020,2,leclerc,18.0,0,4
2020,2,perez,16.0,0,5
2020,2,max_verstappen,15.0,0,6
2020,2,sainz,13.0,0,7
2020,2,albon,12.0,0,8
2020,2,gasly,6.0,0,9
2020,2,stroll,6.0,0,10
2020,2,ocon,4.0,0,11
2020,2,ricciardo,4.0,0,12
2020,2,giovinazzi,2.0,0,13
2020,2,kvyat,1.0,0,14
2020,2,vettel,1.0,0,15
2020,2,latifi,0.0,0,16
2020,2,raikkonen,0.0,0,17
2020,2,kevin_magnussen,0.0,0,18
2020,2,grosjean,0.0,0,19
2020,2,russell,0.0,0,20
2020,3,hamilton,63.0,2,1
2020,3,bottas,58.0,1,2
2020,3,max_verstappen,33.0,0,3
2020,3,norris,26.0,0,4
2020,3,albon,22.0,0,5
2020,3,perez,22.0,0,6
2020,3,leclerc,18.0,0,7
2020,3,stroll,18.0,0,8
2020,3,sainz,15.0,0,9
2020,3,vettel,9.0,0,10
2020,3,ricciardo,8.0,0,11
2020,3,gasly,6.0,0,12
2020,3,ocon,4.0,0,13
2020,3,giovinazzi,2.0,0,14
2020,3,kvyat,1.0,0,15
2020,3,kevin_magnussen,1.0,0,16
2020,3,raikkonen,0.0,0,17
2020,3,latifi,0.0,0,18
2020,3,grosjean,0.0,0,19
2020,3,russell,0.0,0,20
2020,4,hamilton,88.0,3,1
2020,4,bottas,58.0,1,2
2020,4,max_verstappen,52.0,0,3
2020,4,norris,36.0,0,4
2020,4,leclerc,33.0,0,5
2020,4,albon,26.0,0,6
2020,4,perez,22.0,0,7
2020,4,stroll,20.0,0,8
2020,4,ricciardo,20.0,0,9
2020,4,sainz,15.0,0,10
2020,4,ocon,12.0,0,11
2020,4,gasly,12.0,0,12
2020,4,vettel,10.0,0,13
2020,4,giovinazzi,2.0,0,14
2020,4,kvyat,1.0,0,15
2020,4,kevin_magnussen,1.0,0,16
2020,4,latifi,0.0,0,17
2020,4,raikkonen,0.0,0,18
2020,4,russell,0.0,0,19
2020,4,grosjean,0.0,0,20
2020,4,hulkenberg,0.0,0,21
2020,5,hamilton,107.0,3,1
2020,5,max_verstappen,77.0,1,2
2020,5,bottas,73.0,1,3
2020,5,leclerc,45.0,0,4
2020,5,norris,38.0,0,5
2020,5,albon,36.0,0,6
2020,5,stroll,28.0,0,7
2020,5,perez,22.0,0,8
2020,5,ricciardo,20.0,0,9
2020,5,ocon,16.0,0,10
2020,5,sainz,15.0,0,11
2020,5,gasly,12.0,0,12
2020,5,vettel,10.0,0,13
2020,5,hulkenberg,6.0,0,14
2020,5,giovinazzi,2.0,0,15
2020,5,kvyat,2.0,0,16
2020,5,kevin_magnussen,1.0,0,17
2020,5,raikkonen,0.0,0,18
2020,5,latifi,0.0,0,19
2020,5,russell,0.0,0,20
2020,5,grosjean,0.0,0,21
2020,6,hamilton,132.0,4,1
2020,6,max_verstappen,95.0,1,2
2020,6,bottas,89.0,1,3
2020,6,leclerc,45.0,0,4
2020,6,stroll,40.0,0,5
2020,6,albon,40.0,0,6
2020,6,norris,39.0,0,7
2020,6,perez,32.0,0,8
2020,6,sainz,23.0,0,9
2020,6,ricciardo,20.0,0,10
2020,6,vettel,16.0,0,11
2020,6,ocon,16.0,0,12
2020,6,gasly,14.0,0,13
2020,6,hulkenberg,6.0,0,14
2020,6,giovinazzi,2.0,0,15
2020,6,kvyat,2.0,0,16
2020,6,kevin_magnussen,1.0,0,17
2020,6,raikkonen,0.0,0,18
2020,6,latifi,0.0,0,19
2020,6,russell,0.0,0,20
2020,6,grosjean,0.0,0,21
2020,7,hamilton,157.0,5,1
2020,7,max_verstappen,110.0,1,2
2020,7,bottas,107.0,1,3
2020,7,albon,48.0,0,4
2020,7,leclerc,45.0,0,5
2020,7,norris,45.0,0,6
2020,7,stroll,42.0,0,7
2020,7,ricciardo,33.0,0,8
2020,7,perez,33.0,0,9
2020,7,ocon,26.0,0,10
2020,7,sainz,23.0,0,11
2020,7,gasly,18.0,0,12
2020,7,vettel,16.0,0,13
2020,7,hulkenberg,6.0,0,14
2020,7,giovinazzi,2.0,0,15
2020,7,kvyat,2.0,0,16
2020,7,kevin_magnussen,1.0,0,17
2020,7,raikkonen,0.0,0,18
2020,7,latifi,0.0,0,19
2020,7,russell,0.0,0,20
2020,7,grosjean,0.0,0,21
2020,8,hamilton,164.0,5,1
2020,8,bottas,117.0,1,2
2020,8,max_verstappen,110.0,1,3
2020,8,stroll,57.0,0,4
2020,8,norris,57.0,0,5
2020,8,albon,48.0,0,6
2020,8,leclerc,45.0,0,7
2020,8,gasly,43.0,1,8
2020,8,sainz,41.0,0,9
2020,8,ricciardo,41.0,0,10
2020,8,perez,34.0,0,11
2020,8,ocon,30.0,0,12
2020,8,vettel,16.0,0,13
2020,8,hulkenberg,6.0,0,14
2020,8,kvyat,4.0,0,15
2020,8,giovinazzi,2.0,0,16
2020,8,kevin_magnussen,1.0,0,17
2020,8,latifi,0.0,0,18
2020,8,raikkonen,0.0,0,19
2020,8,grosjean,0.0,0,20
2020,8,russell,0.0,0,21
2020,9,hamilton,190.0,6,1
2020,9,bottas,135.0,1,2
2020,9,max_verstappen,110.0,1,3
2020,9,norris,65.0,0,4
2020,9,albon,63.0,0,5
2020,9,stroll,57.0,0,6
2020,9,ricciardo,53.0,0,7
2020,9,leclerc,49.0,0,8
2020,9,perez,44.0,0,9
2020,9,gasly,43.0,1,10
2020,9,sainz,41.0,0,11
2020,9,ocon,30.0,0,12
2020,9,vettel,17.0,0,13
2020,9,kvyat,10.0,0,14
2020,9,hulkenberg,6.0,0,15
2020,9,raikkonen,2.0,0,16
2020,9,giovinazzi,2.0,0,17
2020,9,kevin_magnussen,1.0,0,18
2020,9,latifi,0.0,0,19
2020,9,russell,0.0,0,20
2020,9,grosjean,0.0,0,21
2020,10,hamilton,205.0,6,1
2020,10,bottas,161.0,2,2
2020,10,max_verstappen,128.0,1,3
2020,10,norris,65.0,0,4
2020,10,albon,64.0,0,5
2020,10,ricciardo,63.0,0,6
2020,10,leclerc,57.0,0,7
2020,10,stroll,57.0,0,8
2020,10,perez,56.0,0,9
2020,10,gasly,45.0,1,10
2020,10,sainz,41.0,0,11
2020,10,ocon,36.0,0,12
2020,10,vettel,17.0,0,13
2020,10,kvyat,14.0,0,14
2020,10,hulkenberg,6.0,0,15
2020,10,raikkonen,2.0,0,16
2020,10,giovinazzi,2.0,0,17
2020,10,kevin_magnussen,1.0,0,18
2020,10,latifi,0.0,0,19
2020,10,russell,0.0,0,20
2020,10,grosjean,0.0,0,21
2020,11,hamilton,230.0,7,1
2020,11,bottas,161.0,2,2
2020,11,max_verstappen,147.0,1,3
2020,11,ricciardo,78.0,0,4
2020,11,perez,68.0,0,5
2020,11,norris,65.0,0,6
2020,11,albon,64.0,0,7
2020,11,leclerc,63.0,0,8
2020,11,stroll,57.0,0,9
2020,11,gasly,53.0,1,10
2020,11,sainz,51.0,0,11
2020,11,ocon,36.0,0,12
2020,11,vettel,17.0,0,13
2020,11,kvyat,14.0,0,14
2020,11,hulkenberg,10.0,0,15
2020,11,giovinazzi,3.0,0,16
2020,11,raikkonen,2.0,0,17
2020,11,grosjean,2.0,0,18
2020,11,kevin_magnussen,1.0,0,19
2020,11,latifi,0.0,0,20
2020,11,russell,0.0,0,21
2020,12,hamilton,256.0,8,1
2020,12,bottas,179.0,2,2
2020,12,max_verstappen,162.0,1,3
2020,12,ricciardo,80.0,0,4
2020,12,leclerc,75.0,0,5
2020,12,perez,74.0,0,6
2020,12,norris,65.0,0,7
2020,12,albon,64.0,0,8
2020,12,gasly,63.0,1,9
2020,12,sainz,59.0,0,10
2020,12,stroll,57.0,0,11
2020,12,ocon,40.0,0,12
2020,12,vettel,18.0,0,13
2020,12,kvyat,14.0,0,14
2020,12,hulkenberg,10.0,0,15
2020,12,giovinazzi,3.0,0,16
2020,12,raikkonen,2.0,0,17
2020,12,grosjean,2.0,0,18
2020,12,kevin_magnussen,1.0,0,19
2020,12,latifi,0.0,0,20
2020,12,russell,0.0,0,21
2020,13,hamilton,282.0,9,1
2020,13,bottas,197.0,2,2
2020,13,max_verstappen,162.0,1,3
2020,13,ricciardo,95.0,0,4
2020,13,leclerc,85.0,0,5
2020,13,perez,82.0,0,6
2020,13,norris,69.0,0,7
2020,13,sainz,65.0,0,8
2020,13,albon,64.0,0,9
2020,13,gasly,63.0,1,10
2020,13,stroll,57.0,0,11
2020,13,ocon,40.0,0,12
2020,13,kvyat,26.0,0,13
2020,13,vettel,18.0,0,14
2020,13,hulkenberg,10.0,0,15
2020,13,raikkonen,4.0,0,16
2020,13,giovinazzi,4.0,0,17
2020,13,grosjean,2.0,0,18
2020,13,kevin_magnussen,1.0,0,19
2020,13,latifi,0.0,0,20
2020,13,russell,0.0,0,21
2020,14,hamilton,307.0,10,1
2020,14,bottas,197.0,2,2
2020,14,max_verstappen,170.0,1,3
2020,14,perez,100.0,0,4
2020,14,leclerc,97.0,0,5
2020,14,ricciardo,96.0,0,6
2020,14,sainz,75.0,0,7
2020,14,norris,74.0,0,8
2020,14,albon,70.0,0,9
2020,14,gasly,63.0,1,10
2020,14,stroll,59.0,0,11
2020,14,ocon,40.0,0,12
2020,14,vettel,33.0,0,13
2020,14,kvyat,26.0,0,14
2020,14,hulkenberg,10.0,0,15
2020,14,raikkonen,4.0,0,16
2020,14,giovinazzi,4.0,0,17
2020,14,grosjean,2.0,0,18
2020,14,kevin_magnussen,1.0,0,19
2020,14,latifi,0.0,0,20
2020,14,russell,0.0,0,21
2020,15,hamilton,332.0,11,1
2020,15,bottas,201.0,2,2
2020,15,max_verstappen,189.0,1,3
2020,15,ricciardo,102.0,0,4
2020,15,perez,100.0,0,5
2020,15,leclerc,98.0,0,6
2020,15,norris,86.0,0,7
2020,15,sainz,85.0,0,8
2020,15,albon,85.0,0,9
2020,15,gasly,71.0,1,10
2020,15,stroll,59.0,0,11
2020,15,ocon,42.0,0,12
2020,15,vettel,33.0,0,13
2020,15,kvyat,26.0,0,14
2020,15,hulkenberg,10.0,0,15
2020,15,raikkonen,4.0,0,16
2020,15,giovinazzi,4.0,0,17
2020,15,grosjean,2.0,0,18
2020,15,kevin_magnussen,1.0,0,19
2020,15,latifi,0.0,0,20
2020,15,russell,0.0,0,21
2020,16,hamilton,332.0,11,1
2020,16,bottas,205.0,2,2
2020,16,max_verstappen,189.0,1,3
2020,16,perez,125.0,1,4
2020,16,ricciardo,112.0,0,5
2020,16,leclerc,98.0,0,6
2020,16,sainz,97.0,0,7
2020,16,albon,93.0,0,8
2020,16,norris,87.0,0,9
2020,16,stroll,74.0,0,10
2020,16,gasly,71.0,1,11
2020,16,ocon,60.0,0,12
2020,16,vettel,33.0,0,13
2020,16,kvyat,32.0,0,14
2020,16,hulkenberg,10.0,0,15
2020,16,raikkonen,4.0,0,16
2020,16,giovinazzi,4.0,0,17
2020,16,russell,3.0,0,18
2020,16,grosjean,2.0,0,19
2020,16,kevin_magnussen,1.0,0,20
2020,16,latifi,0.0,0,21
2020,16,aitken,0.0,0,22
2020,16,pietro_fittipaldi,0.0,0,23
2020,17,hamilton,347.0,11,1
2020,17,bottas,223.0,2,2
2020,17,max_verstappen,214.0,2,3
2020,17,perez,125.0,1,4
2020,17,ricciardo,119.0,0,5
2020,17,sainz,105.0,0,6
2020,17,albon,105.0,0,7
2020,17,leclerc,98.0,0,8
2020,17,norris,97.0,0,9
2020,17,gasly,75.0,1,10
2020,17,stroll,75.0,0,11
2020,17,ocon,62.0,0,12
2020,17,vettel,33.0,0,13
2020,17,kvyat,32.0,0,14
2020,17,hulkenberg,10.0,0,15
2020,17,raikkonen,4.0,0,16
2020,17,giovinazzi,4.0,0,17
2020,17,russell,3.0,0,18
2020,17,grosjean,2.0,0,19
2020,17,kevin_magnussen,1.0,0,20
2020,17,latifi,0.0,0,21
2020,17,aitken,0.0,0,22
2020,17,pietro_fittipaldi,0.0,0,23
2021,1,hamilton,25.0,1,1
2021,1,max_verstappen,18.0,0,2
2021,1,bottas,16.0,0,3
2021,1,norris,12.0,0,4
2021,1,perez,10.0,0,5
2021,1,leclerc,8.0,0,6
2021,1,ricciardo,6.0,0,7
2021,1,sainz,4.0,0,8
2021,1,tsunoda,2.0,0,9
2021,1,stroll,1.0,0,10
2021,1,raikkonen,0.0,0,11
2021,1,giovinazzi,0.0,0,12
2021,1,ocon,0.0,0,13
2021,1,russell,0.0,0,14
2021,1,vettel,0.0,0,15
2021,1,mick_schumacher,0.0,0,16
2021,1,gasly,0.0,0,17
2021,1,latifi,0.0,0,18
2021,1,alonso,0.0,0,19
2021,1,mazepin,0.0,0,20
2021,2,hamilton,44.0,1,1
2021,2,max_verstappen,43.0,1,2
2021,2,norris,27.0,0,3
2021,2,leclerc,20.0,0,4
2021,2,bottas,16.0,0,5
2021,2,sainz,14.0,0,6
2021,2,ricciardo,14.0,0,7
2021,2,perez,10.0,0,8
2021,2,gasly,6.0,0,9
2021,2,stroll,5.0,0,10
2021,2,tsunoda,2.0,0,11
2021,2,ocon,2.0,0,12
2021,2,alonso,1.0,0,13
2021,2,raikkonen,0.0,0,14
2021,2,giovinazzi,0.0,0,15
2021,2,russell,0.0,0,16
2021,2,vettel,0.0,0,17
2021,2,mick_schumacher,0.0,0,18
2021,2,mazepin,0.0,0,19
2021,2,latifi,0.0,0,20
2021,3,hamilton,69.0,2,1
2021,3,max_verstappen,61.0,1,2
2021,3,norris,37.0,0,3
2021,3,bottas,32.0,0,4
2021,3,leclerc,28.0,0,5
2021,3,perez,22.0,0,6
2021,3,ricciardo,16.0,0,7
2021,3,sainz,14.0,0,8
2021,3,ocon,8.0,0,9
2021,3,gasly,7.0,0,10
2021,3,stroll,5.0,0,11
2021,3,alonso,5.0,0,12
2021,3,tsunoda,2.0,0,13
2021,3,raikkonen,0.0,0,14
2021,3,giovinazzi,0.0,0,15
2021,3,vettel,0.0,0,16
2021,3,russell,0.0,0,17
2021,3,mick_schumacher,0.0,0,18
2021,3,mazepin,0.0,0,19
2021,3,latifi,0.0,0,20
2021,4,hamilton,94.0,3,1
2021,4,max_verstappen,80.0,1,2
2021,4,bottas,47.0,0,3
2021,4,norris,41.0,0,4
2021,4,leclerc,40.0,0,5
2021,4,perez,32.0,0,6
2021,4,ricciardo,24.0,0,7
2021,4,sainz,20.0,0,8
2021,4,ocon,10.0,0,9
2021,4,gasly,8.0,0,10
2021,4,stroll,5.0,0,11
2021,4,alonso,5.0,0,12
2021,4,tsunoda,2.0,0,13
2021,4,raikkonen,0.0,0,14
2021,4,giovinazzi,0.0,0,15
2021,4,vettel,0.0,0,16
2021,4,russell,0.0,0,17
2021,4,mick_schumacher,0.0,0,18
2021,4,latifi,0.0,0,19
2021,4,mazepin,0.0,0,20
2021,5,max_verstappen,105.0,2,1
2021,5,hamilton,101.0,3,2
2021,5,norris,56.0,0,3
2021,5,bottas,47.0,0,4
2021,5,perez,44.0,0,5
2021,5,leclerc,40.0,0,6
2021,5,sainz,38.0,0,7
2021,5,ricciardo,24.0,0,8
2021,5,gasly,16.0,0,9
2021,5,ocon,12.0,0,10
2021,5,vettel,10.0,0,11
2021,5,stroll,9.0,0,12
2021,5,alonso,5.0,0,13
2021,5,tsunoda,2.0,0,14
2021,5,giovinazzi,1.0,0,15
2021,5,raikkonen,0.0,0,16
2021,5,russell,0.0,0,17
2021,5,latifi,0.0,0,18
2021,5,mick_schumacher,0.0,0,19
2021,5,mazepin,0.0,0,20
2021,6,max_verstappen,105.0,2,1
2021,6,hamilton,101.0,3,2
2021,6,perez,69.0,1,3
2021,6,norris,66.0,0,4
2021,6,leclerc,52.0,0,5
2021,6,bottas,47.0,0,6
2021,6,sainz,42.0,0,7
2021,6,gasly,31.0,0,8
2021,6,vettel,28.0,0,9
2021,6,ricciardo,26.0,0,10
2021,6,alonso,13.0,0,11
2021,6,ocon,12.0,0,12
2021,6,stroll,9.0,0,13
2021,6,tsunoda,8.0,0,14
2021,6,raikkonen,1.0,0,15
2021,6,giovinazzi,1.0,0,16
2021,6,mick_schumacher,0.0,0,17
2021,6,russell,0.0,0,18
2021,6,mazepin,0.0,0,19
2021,6,latifi,0.0,0,20
2021,7,max_verstappen,131.0,3,1
2021,7,hamilton,119.0,3,2
2021,7,perez,84.0,1,3
2021,7,norris,76.0,0,4
2021,7,bottas,59.0,0,5
2021,7,leclerc,52.0,0,6
2021,7,sainz,42.0,0,7
2021,7,gasly,37.0,0,8
2021,7,ricciardo,34.0,0,9
2021,7,vettel,30.0,0,10
2021,7,alonso,17.0,0,11
2021,7,ocon,12.0,0,12
2021,7,stroll,10.0,0,13
2021,7,tsunoda,8.0,0,14
2021,7,raikkonen,1.0,0,15
2021,7,giovinazzi,1.0,0,16
2021,7,russell,0.0,0,17
2021,7,mick_schumacher,0.0,0,18
2021,7,mazepin,0.0,0,19
2021,7,latifi,0.0,0,20
2021,8,max_verstappen,156.0,4,1
2021,8,hamilton,138.0,3,2
2021,8,perez,96.0,1,3
2021,8,norris,86.0,0,4
2021,8,bottas,74.0,0,5
2021,8,leclerc,58.0,0,6
2021,8,sainz,50.0,0,7
2021,8,gasly,37.0,0,8
2021,8,ricciardo,34.0,0,9
2021,8,vettel,30.0,0,10
2021,8,alonso,19.0,0,11
2021,8,stroll,14.0,0,12
2021,8,ocon,12.0,0,13
2021,8,tsunoda,9.0,0,14
2021,8,raikkonen,1.0,0,15
2021,8,giovinazzi,1.0,0,16
2021,8,russell,0.0,0,17
2021,8,mick_schumacher,0.0,0,18
2021,8,mazepin,0.0,0,19
2021,8,latifi,0.0,0,20
2021,9,max_verstappen,182.0,5,1
2021,9,hamilton,150.0,3,2
2021,9,perez,104.0,1,3
2021,9,norris,101.0,0,4
2021,9,bottas,92.0,0,5
2021,9,leclerc,62.0,0,6
2021,9,sainz,60.0,0,7
2021,9,ricciardo,40.0,0,8
2021,9,gasly,39.0,0,9
2021,9,vettel,30.0,0,10
2021,9,alonso,20.0,0,11
2021,9,stroll,14.0,0,12
2021,9,ocon,12.0,0,13
2021,9,tsunoda,9.0,0,14
2021,9,raikkonen,1.0,0,15
2021,9,giovinazzi,1.0,0,16
2021,9,russell,0.0,0,17
2021,9,mick_schumacher,0.0,0,18
2021,9,mazepin,0.0,0,19
2021,9,latifi,0.0,0,20
2021,10,max_verstappen,185.0,5,1
2021,10,hamilton,177.0,4,2
2021,10,norris,113.0,0,3
2021,10,bottas,108.0,0,4
2021,10,perez,104.0,1,5
2021,10,leclerc,80.0,0,6
2021,10,sainz,68.0,0,7
2021,10,ricciardo,50.0,0,8
2021,10,gasly,39.0,0,9
2021,10,vettel,30.0,0,10
2021,10,alonso,26.0,0,11
2021,10,stroll,18.0,0,12
2021,10,ocon,14.0,0,13
2021,10,tsunoda,10.0,0,14
2021,10,raikkonen,1.0,0,15
2021,10,giovinazzi,1.0,0,16
2021,10,russell,0.0,0,17
2021,10,mick_schumacher,0.0,0,18
2021,10,latifi,0.0,0,19
2021,10,mazepin,0.0,0,20
2021,11,hamilton,195.0,4,1
2021,11,max_verstappen,187.0,5,2
2021,11,norris,113.0,0,3
2021,11,bottas,108.0,0,4
2021,11,perez,104.0,1,5
2021,11,sainz,83.0,0,6
2021,11,leclerc,80.0,0,7
2021,11,gasly,50.0,0,8
2021,11,ricciardo,50.0,0,9
2021,11,ocon,39.0,1,10
2021,11,alonso,38.0,0,11
2021,11,vettel,30.0,0,12
2021,11,tsunoda,18.0,0,13
2021,11,stroll,18.0,0,14
2021,11,latifi,6.0,0,15
2021,11,russell,4.0,0,16
2021,11,raikkonen,2.0,0,17
2021,11,giovinazzi,1.0,0,18
2021,11,mick_schumacher,0.0,0,19
2021,11,mazepin,0.0,0,20
2021,12,hamilton,202.5,4,1
2021,12,max_verstappen,199.5,6,2
2021,12,norris,113.0,0,3
2021,12,bottas,108.0,0,4
2021,12,perez,104.0,1,5
2021,12,sainz,83.5,0,6
2021,12,leclerc,82.0,0,7
2021,12,ricciardo,56.0,0,8
2021,12,gasly,54.0,0,9
2021,12,ocon,42.0,1,10
2021,12,alonso,38.0,0,11
2021,12,vettel,35.0,0,12
2021,12,tsunoda,18.0,0,13
2021,12,stroll,18.0,0,14
2021,12,russell,13.0,0,15
2021,12,latifi,7.0,0,16
2021,12,raikkonen,2.0,0,17
2021,12,giovinazzi,1.0,0,18
2021,12,mick_schumacher,0.0,0,19
2021,12,mazepin,0.0,0,20
2021,13,max_verstappen,224.5,7,1
2021,13,hamilton,221.5,4,2
2021,13,bottas,123.0,0,3
2021,13,norris,114.0,0,4
2021,13,perez,108.0,1,5
2021,13,leclerc,92.0,0,6
2021,13,sainz,89.5,0,7
2021,13,gasly,66.0,0,8
2021,13,ricciardo,56.0,0,9
2021,13,alonso,46.0,0,10
2021,13,ocon,44.0,1,11
2021,13,vettel,35.0,0,12
2021,13,tsunoda,18.0,0,13
2021,13,stroll,18.0,0,14
2021,13,russell,13.0,0,15
2021,13,latifi,7.0,0,16
2021,13,raikkonen,2.0,0,17
2021,13,giovinazzi,1.0,0,18
2021,13,mick_schumacher,0.0,0,19
2021,13,mazepin,0.0,0,20
2021,13,kubica,0.0,0,21
2021,14,max_verstappen,226.5,7,1
2021,14,hamilton,221.5,4,2
2021,14,bottas,141.0,0,3
2021,14,norris,132.0,0,4
2021,14,perez,118.0,1,5
2021,14,leclerc,104.0,0,6
2021,14,sainz,97.5,0,7
2021,14,ricciardo,83.0,1,8
2021,14,gasly,66.0,0,9
2021,14,alonso,50.0,0,10
2021,14,ocon,45.0,1,11
2021,14,vettel,35.0,0,12
2021,14,stroll,24.0,0,13
2021,14,tsunoda,18.0,0,14
2021,14,russell,15.0,0,15
2021,14,latifi,7.0,0,16
2021,14,raikkonen,2.0,0,17
2021,14,giovinazzi,1.0,0,18
2021,14,mick_schumacher,0.0,0,19
2021,14,kubica,0.0,0,20
2021,14,mazepin,0.0,0,21
2021,15,hamilton,246.5,5,1
2021,15,max_verstappen,244.5,7,2
2021,15,bottas,151.0,0,3
2021,15,norris,139.0,0,4
2021,15,perez,120.0,1,5
2021,15,sainz,112.5,0,6
2021,15,leclerc,104.0,0,7
2021,15,ricciardo,95.0,1,8
2021,15,gasly,66.0,0,9
2021,15,alonso,58.0,0,10
2021,15,ocon,45.0,1,11
2021,15,vettel,35.0,0,12
2021,15,stroll,24.0,0,13
2021,15,tsunoda,18.0,0,14
2021,15,russell,16.0,0,15
2021,15,latifi,7.0,0,16
2021,15,raikkonen,6.0,0,17
2021,15,giovinazzi,1.0,0,18
2021,15,mick_schumacher,0.0,0,19
2021,15,kubica,0.0,0,20
2021,15,mazepin,0.0,0,21
2021,16,max_verstappen,262.5,7,1
2021,16,hamilton,256.5,5,2
2021,16,bottas,177.0,1,3
2021,16,norris,145.0,0,4
2021,16,perez,135.0,1,5
2021,16,sainz,116.5,0,6
2021,16,leclerc,116.0,0,7
2021,16,ricciardo,95.0,1,8
2021,16,gasly,74.0,0,9
2021,16,alonso,58.0,0,10
2021,16,ocon,46.0,1,11
2021,16,vettel,35.0,0,12
2021,16,stroll,26.0,0,13
2021,16,tsunoda,18.0,0,14
2021,16,russell,16.0,0,15
2021,16,latifi,7.0,0,16
2021,16,raikkonen,6.0,0,17
2021,16,giovinazzi,1.0,0,18
2021,16,mick_schumacher,0.0,0,19
2021,16,kubica,0.0,0,20
2021,16,mazepin,0.0,0,21
2021,17,max_verstappen,287.5,8,1
2021,17,hamilton,275.5,5,2
2021,17,bottas,185.0,1,3
2021,17,perez,150.0,1,4
2021,17,norris,149.0,0,5
2021,17,leclerc,128.0,0,6
2021,17,sainz,122.5,0,7
2021,17,ricciardo,105.0,1,8
2021,17,gasly,74.0,0,9
2021,17,alonso,58.0,0,10
2021,17,ocon,46.0,1,11
2021,17,vettel,36.0,0,12
2021,17,stroll,26.0,0,13
2021,17,tsunoda,20.0,0,14
2021,17,russell,16.0,0,15
2021,17,latifi,7.0,0,16
2021,17,raikkonen,6.0,0,17
2021,17,giovinazzi,1.0,0,18
2021,17,mick_schumacher,0.0,0,19
2021,17,kubica,0.0,0,20
2021,17,mazepin,0.0,0,21
2021,18,max_verstappen,312.5,9,1
2021,18,hamilton,293.5,5,2
2021,18,bottas,185.0,1,3
2021,18,perez,165.0,1,4
2021,18,norris,150.0,0,5
2021,18,leclerc,138.0,0,6
2021,18,sainz,130.5,0,7
2021,18,ricciardo,105.0,1,8
2021,18,gasly,86.0,0,9
2021,18,alonso,60.0,0,10
2021,18,ocon,46.0,1,11
2021,18,vettel,42.0,0,12
2021,18,stroll,26.0,0,13
2021,18,tsunoda,20.0,0,14
2021,18,russell,16.0,0,15
2021,18,raikkonen,10.0,0,16
2021,18,latifi,7.0,0,17
2021,18,giovinazzi,1.0,0,18
2021,18,mick_schumacher,0.0,0,19
2021,18,kubica,0.0,0,20
2021,18,mazepin,0.0,0,21
2021,19,max_verstappen,332.5,9,1
2021,19,hamilton,318.5,6,2
2021,19,bottas,203.0,1,3
2021,19,perez,178.0,1,4
2021,19,norris,151.0,0,5
2021,19,leclerc,148.0,0,6
2021,19,sainz,139.5,0,7
2021,19,ricciardo,105.0,1,8
2021,19,gasly,92.0,0,9
2021,19,alonso,62.0,0,10
2021,19,ocon,50.0,1,11
2021,19,vettel,42.0,0,12
2021,19,stroll,26.0,0,13
2021,19,tsunoda,20.0,0,14
2021,19,russell,16.0,0,15
2021,19,raikkonen,10.0,0,16
2021,19,latifi,7.0,0,17
2021,19,giovinazzi,1.0,0,18
2021,19,mick_schumacher,0.0,0,19
2021,19,kubica,0.0,0,20
2021,19,mazepin,0.0,0,21
2021,20,max_verstappen,351.5,9,1
2021,20,hamilton,343.5,7,2
2021,20,bottas,203.0,1,3
2021,20,perez,190.0,1,4
2021,20,norris,153.0,0,5
2021,20,leclerc,152.0,0,6
2021,20,sainz,145.5,0,7
2021,20,ricciardo,105.0,1,8
2021,20,gasly,92.0,0,9
2021,20,alonso,77.0,0,10
2021,20,ocon,60.0,1,11
2021,20,vettel,43.0,0,12
2021,20,stroll,34.0,0,13
2021,20,tsunoda,20.0,0,14
2021,20,russell,16.0,0,15
2021,20,raikkonen,10.0,0,16
2021,20,latifi,7.0,0,17
2021,20,giovinazzi,1.0,0,18
2021,20,mick_schumacher,0.0,0,19
2021,20,kubica,0.0,0,20
2021,20,mazepin,0.0,0,21
2021,21,max_verstappen,369.5,9,1
2021,21,hamilton,369.5,8,2
2021,21,bottas,218.0,1,3
2021,21,perez,190.0,1,4
2021,21,leclerc,158.0,0,5
2021,21,norris,154.0,0,6
2021,21,sainz,149.5,0,7
2021,21,ricciardo,115.0,1,8
2021,21,gasly,100.0,0,9
2021,21,alonso,77.0,0,10
2021,21,ocon,72.0,1,11
2021,21,vettel,43.0,0,12
2021,21,stroll,34.0,0,13
2021,21,tsunoda,20.0,0,14
2021,21,russell,16.0,0,15
2021,21,raikkonen,10.0,0,16
2021,21,latifi,7.0,0,17
2021,21,giovinazzi,3.0,0,18
2021,21,mick_schumacher,0.0,0,19
2021,21,kubica,0.0,0,20
2021,21,mazepin,0.0,0,21
2021,22,max_verstappen,395.5,10,1
2021,22,hamilton,387.5,8,2
2021,22,bottas,226.0,1,3
2021,22,perez,190.0,1,4
2021,22,sainz,164.5,0,5
2021,22,norris,160.0,0,6
2021,22,leclerc,159.0,0,7
2021,22,ricciardo,115.0,1,8
2021,22,gasly,110.0,0,9
2021,22,alonso,81.0,0,10
2021,22,ocon,74.0,1,11
2021,22,vettel,43.0,0,12
2021,22,stroll,34.0,0,13
2021,22,tsunoda,32.0,0,14
2021,22,russell,16.0,0,15
2021,22,raikkonen,10.0,0,16
2021,22,latifi,7.0,0,17
2021,22,giovinazzi,3.0,0,18
2021,22,mick_schumacher,0.0,0,19
2021,22,kubica,0.0,0,20
2021,22,mazepin,0.0,0,21
2022,1,leclerc,26.0,1,1
2022,1,sainz,18.0,0,2
2022,1,hamilton,15.0,0,3
2022,1,russell,12.0,0,4
2022,1,kevin_magnussen,10.0,0,5
2022,1,bottas,8.0,0,6
2022,1,ocon,6.0,0,7
2022,1,tsunoda,4.0,0,8
2022,1,alonso,2.0,0,9
2022,1,zhou,1.0,0,10
2022,1,mick_schumacher,0.0,0,11
2022,1,stroll,0.0,0,12
2022,1,albon,0.0,0,13
2022,1,ricciardo,0.0,0,14
2022,1,norris,0.0,0,15
2022,1,latifi,0.0,0,16
2022,1,hulkenberg,0.0,0,17
2022,1,perez,0.0,0,18
2022,1,max_verstappen,0.0,0,19
2022,1,gasly,0.0,0,20
2022,2,leclerc,45.0,1,1
2022,2,sainz,33.0,0,2
2022,2,max_verstappen,25.0,1,3
2022,2,russell,22.0,0,4
2022,2,hamilton,16.0,0,5
2022,2,ocon,14.0,0,6
2022,2,perez,12.0,0,7
2022,2,kevin_magnussen,12.0,0,8
2022,2,bottas,8.0,0,9
2022,2,norris,6.0,0,10
2022,2,tsunoda,4.0,0,11
2022,2,gasly,4.0,0,12
2022,2,alonso,2.0,0,13
2022,2,zhou,1.0,0,14
2022,2,mick_schumacher,0.0,0,15
2022,2,stroll,0.0,0,16
2022,2,hulkenberg,0.0,0,17
2022,2,albon,0.0,0,18
2022,2,ricciardo,0.0,0,19
2022,2,latifi,0.0,0,20
2022,3,leclerc,71.0,2,1
2022,3,russell,37.0,0,2
2022,3,sainz,33.0,0,3
2022,3,perez,30.0,0,4
2022,3,hamilton,28.0,0,5
2022,3,max_verstappen,25.0,1,6
2022,3,ocon,20.0,0,7
2022,3,norris,16.0,0,8
2022,3,kevin_magnussen,12.0,0,9
2022,3,bottas,12.0,0,10
2022,3,ricciardo,8.0,0,11
2022,3,gasly,6.0,0,12
2022,3,tsunoda,4.0,0,13
2022,3,alonso,2.0,0,14
2022,3,zhou,1.0,0,15
2022,3,albon,1.0,0,16
2022,3,mick_schumacher,0.0,0,17
2022,3,stroll,0.0,0,18
2022,3,hulkenberg,0.0,0,19
2022,3,latifi,0.0,0,20
2022,3,vettel,0.0,0,21
2022,4,leclerc,86.0,2,1
2022,4,max_verstappen,59.0,2,2
2022,4,perez,54.0,0,3
2022,4,russell,49.0,0,4
2022,4,sainz,38.0,0,5
2022,4,norris,35.0,0,6
2022,4,hamilton,28.0,0,7
2022,4,bottas,24.0,0,8
2022,4,ocon,20.0,0,9
2022,4,kevin_magnussen,15.0,0,10
2022,4,ricciardo,11.0,0,11
2022,4,tsunoda,10.0,0,12
2022,4,gasly,6.0,0,13
2022,4,vettel,4.0,0,14
2022,4,alonso,2.0,0,15
2022,4,zhou,1.0,0,16
2022,4,albon,1.0,0,17
2022,4,stroll,1.0,0,18
2022,4,mick_schumacher,0.0,0,19
2022,4,hulkenberg,0.0,0,20
2022,4,latifi,0.0,0,21
2022,5,leclerc,104.0,2,1
2022,5,max_verstappen,85.0,3,2
2022,5,perez,66.0,0,3
2022,5,russell,59.0,0,4
2022,5,sainz,53.0,0,5
2022,5,hamilton,36.0,0,6
2022,5,norris,35.0,0,7
2022,5,bottas,30.0,0,8
2022,5,ocon,24.0,0,9
2022,5,kevin_magnussen,15.0,0,10
2022,5,ricciardo,11.0,0,11
2022,5,tsunoda,10.0,0,12
2022,5,gasly,6.0,0,13
2022,5,vettel,4.0,0,14
2022,5,albon,3.0,0,15
2022,5,alonso,2.0,0,16
2022,5,stroll,2.0,0,17
2022,5,zhou,1.0,0,18
2022,5,mick_schumacher,0.0,0,19
2022,5,hulkenberg,0.0,0,20
2022,5,latifi,0.0,0,21
2022,6,max_verstappen,110.0,4,1
2022,6,leclerc,104.0,2,2
2022,6,perez,85.0,0,3
2022,6,russell,74.0,0,4
2022,6,sainz,65.0,0,5
2022,6,hamilton,46.0,0,6
2022,6,norris,39.0,0,7
2022,6,bottas,38.0,0,8
2022,6,ocon,30.0,0,9
2022,6,kevin_magnussen,15.0,0,10
2022,6,tsunoda,11.0,0,11
2022,6,ricciardo,11.0,0,12
2022,6,gasly,6.0,0,13
2022,6,vettel,4.0,0,14
2022,6,alonso,4.0,0,15
2022,6,albon,3.0,0,16
2022,6,stroll,2.0,0,17
2022,6,zhou,1.0,0,18
2022,6,mick_schumacher,0.0,0,19
2022,6,hulkenberg,0.0,0,20
2022,6,latifi,0.0,0,21
2022,7,max_verstappen,125.0,4,1
2022,7,leclerc,116.0,2,2
2022,7,perez,110.0,1,3
2022,7,russell,84.0,0,4
2022,7,sainz,83.0,0,5
2022,7,hamilton,50.0,0,6
2022,7,norris,48.0,0,7
2022,7,bottas,40.0,0,8
2022,7,ocon,30.0,0,9
2022,7,kevin_magnussen,15.0,0,10
2022,7,ricciardo,11.0,0,11
2022,7,tsunoda,11.0,0,12
2022,7,alonso,10.0,0,13
2022,7,gasly,6.0,0,14
2022,7,vettel,5.0,0,15
2022,7,albon,3.0,0,16
2022,7,stroll,2.0,0,17
2022,7,zhou,1.0,0,18
2022,7,mick_schumacher,0.0,0,19
2022,7,hulkenberg,0.0,0,20
2022,7,latifi,0.0,0,21
2022,8,max_verstappen,150.0,5,1
2022,8,perez,129.0,1,2
2022,8,leclerc,116.0,2,3
2022,8,russell,99.0,0,4
2022,8,sainz,83.0,0,5
2022,8,hamilton,62.0,0,6
2022,8,norris,50.0,0,7
2022,8,bottas,40.0,0,8
2022,8,ocon,31.0,0,9
2022,8,gasly,16.0,0,10
2022,8,alonso,16.0,0,11
2022,8,kevin_magnussen,15.0,0,12
2022,8,ricciardo,15.0,0,13
2022,8,vettel,13.0,0,14
2022,8,tsunoda,11.0,0,15
2022,8,albon,3.0,0,16
2022,8,stroll,2.0,0,17
2022,8,zhou,1.0,0,18
2022,8,mick_schumacher,0.0,0,19
2022,8,hulkenberg,0.0,0,20
2022,8,latifi,0.0,0,21
2022,9,max_verstappen,175.0,6,1
2022,9,perez,129.0,1,2
2022,9,leclerc,126.0,2,3
2022,9,russell,111.0,0,4
2022,9,sainz,102.0,0,5
2022,9,hamilton,77.0,0,6
2022,9,norris,50.0,0,7
2022,9,bottas,46.0,0,8
2022,9,ocon,39.0,0,9
2022,9,alonso,18.0,0,10
2022,9,gasly,16.0,0,11
2022,9,kevin_magnussen,15.0,0,12
2022,9,ricciardo,15.0,0,13
2022,9,vettel,13.0,0,14
2022,9,tsunoda,11.0,0,15
2022,9,zhou,5.0,0,16
2022,9,albon,3.0,0,17
2022,9,stroll,3.0,0,18
2022,9,mick_schumacher,0.0,0,19
2022,9,hulkenberg,0.0,0,20
2022,9,latifi,0.0,0,21
2022,10,max_verstappen,181.0,6,1
2022,10,perez,147.0,1,2
2022,10,leclerc,138.0,2,3
2022,10,sainz,127.0,1,4
2022,10,russell,111.0,0,5
2022,10,hamilton,93.0,0,6
2022,10,norris,58.0,0,7
2022,10,bottas,46.0,0,8
2022,10,ocon,39.0,0,9
2022,10,alonso,28.0,0,10
2022,10,gasly,16.0,0,11
2022,10,kevin_magnussen,16.0,0,12
2022,10,vettel,15.0,0,13
2022,10,ricciardo,15.0,0,14
2022,10,tsunoda,11.0,0,15
2022,10,zhou,5.0,0,16
2022,10,mick_schumacher,4.0,0,17
2022,10,albon,3.0,0,18
2022,10,stroll,3.0,0,19
2022,10,latifi,0.0,0,20
2022,10,hulkenberg,0.0,0,21
2022,11,max_verstappen,208.0,6,1
2022,11,leclerc,170.0,3,2
2022,11,perez,151.0,1,3
2022,11,sainz,133.0,1,4
2022,11,russell,128.0,0,5
2022,11,hamilton,109.0,0,6
2022,11,norris,64.0,0,7
2022,11,ocon,52.0,0,8
2022,11,bottas,46.0,0,9
2022,11,alonso,29.0,0,10
2022,11,kevin_magnussen,22.0,0,11
2022,11,ricciardo,17.0,0,12
2022,11,gasly,16.0,0,13
2022,11,vettel,15.0,0,14
2022,11,mick_schumacher,12.0,0,15
2022,11,tsunoda,11.0,0,16
2022,11,zhou,5.0,0,17
2022,11,albon,3.0,0,18
2022,11,stroll,3.0,0,19
2022,11,latifi,0.0,0,20
2022,11,hulkenberg,0.0,0,21
2022,12,max_verstappen,233.0,7,1
2022,12,leclerc,170.0,3,2
2022,12,perez,163.0,1,3
2022,12,sainz,144.0,1,4
2022,12,russell,143.0,0,5
2022,12,hamilton,127.0,0,6
2022,12,norris,70.0,0,7
2022,12,ocon,56.0,0,8
2022,12,bottas,46.0,0,9
2022,12,alonso,37.0,0,10
2022,12,kevin_magnussen,22.0,0,11
2022,12,ricciardo,19.0,0,12
2022,12,gasly,16.0,0,13
2022,12,vettel,15.0,0,14
2022,12,mick_schumacher,12.0,0,15
2022,12,tsunoda,11.0,0,16
2022,12,zhou,5.0,0,17
2022,12,stroll,4.0,0,18
2022,12,albon,3.0,0,19
2022,12,latifi,0.0,0,20
2022,12,hulkenberg,0.0,0,21
2022,13,max_verstappen,258.0,8,1
2022,13,leclerc,178.0,3,2
2022,13,perez,173.0,1,3
2022,13,russell,158.0,0,4
2022,13,sainz,156.0,1,5
2022,13,hamilton,146.0,0,6
2022,13,norris,76.0,0,7
2022,13,ocon,58.0,0,8
2022,13,bottas,46.0,0,9
2022,13,alonso,41.0,0,10
2022,13,kevin_magnussen,22.0,0,11
2022,13,ricciardo,19.0,0,12
2022,13,gasly,16.0,0,13
2022,13,vettel,16.0,0,14
2022,13,mick_schumacher,12.0,0,15
2022,13,tsunoda,11.0,0,16
2022,13,zhou,5.0,0,17
2022,13,stroll,4.0,0,18
2022,13,albon,3.0,0,19
2022,13,latifi,0.0,0,20
2022,13,hulkenberg,0.0,0,21
2022,14,max_verstappen,284.0,9,1
2022,14,perez,191.0,1,2
2022,14,leclerc,186.0,3,3
2022,14,sainz,171.0,1,4
2022,14,russell,170.0,0,5
2022,14,hamilton,146.0,0,6
2022,14,norris,76.0,0,7
2022,14,ocon,64.0,0,8
2022,14,alonso,51.0,0,9
2022,14,bottas,46.0,0,10
2022,14,kevin_magnussen,22.0,0,11
2022,14,vettel,20.0,0,12
2022,14,ricciardo,19.0,0,13
2022,14,gasly,18.0,0,14
2022,14,mick_schumacher,12.0,0,15
2022,14,tsunoda,11.0,0,16
2022,14,zhou,5.0,0,17
2022,14,albon,4.0,0,18
2022,14,stroll,4.0,0,19
2022,14,latifi,0.0,0,20
2022,14,hulkenberg,0.0,0,21
2022,15,max_verstappen,310.0,10,1
2022,15,leclerc,201.0,3,2
2022,15,perez,201.0,1,3
2022,15,russell,188.0,0,4
2022,15,sainz,175.0,1,5
2022,15,hamilton,158.0,0,6
2022,15,norris,82.0,0,7
2022,15,ocon,66.0,0,8
2022,15,alonso,59.0,0,9
2022,15,bottas,46.0,0,10
2022,15,kevin_magnussen,22.0,0,11
2022,15,vettel,20.0,0,12
2022,15,ricciardo,19.0,0,13
2022,15,gasly,18.0,0,14
2022,15,mick_schumacher,12.0,0,15
2022,15,tsunoda,11.0,0,16
2022,15,zhou,5.0,0,17
2022,15,stroll,5.0,0,18
2022,15,albon,4.0,0,19
2022,15,latifi,0.0,0,20
2022,15,hulkenberg,0.0,0,21
2022,16,max_verstappen,335.0,11,1
2022,16,leclerc,219.0,3,2
2022,16,perez,210.0,1,3
2022,16,russell,203.0,0,4
2022,16,sainz,187.0,1,5
2022,16,hamilton,168.0,0,6
2022,16,norris,88.0,0,7
2022,16,ocon,66.0,0,8
2022,16,alonso,59.0,0,9
2022,16,bottas,46.0,0,10
2022,16,gasly,22.0,0,11
2022,16,kevin_magnussen,22.0,0,12
2022,16,vettel,20.0,0,13
2022,16,ricciardo,19.0,0,14
2022,16,mick_schumacher,12.0,0,15
2022,16,tsunoda,11.0,0,16
2022,16,zhou,6.0,0,17
2022,16,stroll,5.0,0,18
2022,16,albon,4.0,0,19
2022,16,de_vries,2.0,0,20
2022,16,latifi,0.0,0,21
2022,16,hulkenberg,0.0,0,22
2022,17,max_verstappen,341.0,11,1
2022,17,leclerc,237.0,3,2
2022,17,perez,235.0,2,3
2022,17,russell,203.0,0,4
2022,17,sainz,202.0,1,5
2022,17,hamilton,170.0,0,6
2022,17,norris,100.0,0,7
2022,17,ocon,66.0,0,8
2022,17,alonso,59.0,0,9
2022,17,bottas,46.0,0,10
2022,17,ricciardo,29.0,0,11
2022,17,vettel,24.0,0,12
2022,17,gasly,23.0,0,13
2022,17,kevin_magnussen,22.0,0,14
2022,17,stroll,13.0,0,15
2022,17,mick_schumacher,12.0,0,16
2022,17,tsunoda,11.0,0,17
2022,17,zhou,6.0,0,18
2022,17,albon,4.0,0,19
2022,17,de_vries,2.0,0,20
2022,17,latifi,0.0,0,21
2022,17,hulkenberg,0.0,0,22
2022,18,max_verstappen,366.0,12,1
2022,18,perez,253.0,2,2
2022,18,leclerc,252.0,3,3
2022,18,russell,207.0,0,4
2022,18,sainz,202.0,1,5
2022,18,hamilton,180.0,0,6
2022,18,norris,101.0,0,7
2022,18,ocon,78.0,0,8
2022,18,alonso,65.0,0,9
2022,18,bottas,46.0,0,10
2022,18,vettel,32.0,0,11
2022,18,ricciardo,29.0,0,12
2022,18,gasly,23.0,0,13
2022,18,kevin_magnussen,22.0,0,14
2022,18,stroll,13.0,0,15
2022,18,mick_schumacher,12.0,0,16
2022,18,tsunoda,11.0,0,17
2022,18,zhou,6.0,0,18
2022,18,albon,4.0,0,19
2022,18,latifi,2.0,0,20
2022,18,de_vries,2.0,0,21
2022,18,hulkenberg,0.0,0,22
2022,19,max_verstappen,391.0,13,1
2022,19,leclerc,267.0,3,2
2022,19,perez,265.0,2,3
2022,19,russell,218.0,0,4
2022,19,sainz,202.0,1,5
2022,19,hamilton,198.0,0,6
2022,19,norris,109.0,0,7
2022,19,ocon,78.0,0,8
2022,19,alonso,71.0,0,9
2022,19,bottas,46.0,0,10
2022,19,vettel,36.0,0,11
2022,19,ricciardo,29.0,0,12
2022,19,kevin_magnussen,24.0,0,13
2022,19,gasly,23.0,0,14
2022,19,stroll,13.0,0,15
2022,19,mick_schumacher,12.0,0,16
2022,19,tsunoda,12.0,0,17
2022,19,zhou,6.0,0,18
2022,19,albon,4.0,0,19
2022,19,latifi,2.0,0,20
2022,19,de_vries,2.0,0,21
2022,19,hulkenberg,0.0,0,22
2022,20,max_verstappen,416.0,14,1
2022,20,perez,280.0,2,2
2022,20,leclerc,275.0,3,3
2022,20,russell,231.0,0,4
2022,20,hamilton,216.0,0,5
2022,20,sainz,212.0,1,6
2022,20,norris,111.0,0,7
2022,20,ocon,82.0,0,8
2022,20,alonso,71.0,0,9
2022,20,bottas,47.0,0,10
2022,20,vettel,36.0,0,11
2022,20,ricciardo,35.0,0,12
2022,20,kevin_magnussen,24.0,0,13
2022,20,gasly,23.0,0,14
2022,20,stroll,13.0,0,15
2022,20,mick_schumacher,12.0,0,16
2022,20,tsunoda,12.0,0,17
2022,20,zhou,6.0,0,18
2022,20,albon,4.0,0,19
2022,20,latifi,2.0,0,20
2022,20,de_vries,2.0,0,21
2022,20,hulkenberg,0.0,0,22
2022,21,max_verstappen,429.0,14,1
2022,21,leclerc,290.0,3,2
2022,21,perez,290.0,2,3
2022,21,russell,265.0,1,4
2022,21,hamilton,240.0,0,5
2022,21,sainz,234.0,1,6
2022,21,norris,113.0,0,7
2022,21,ocon,86.0,0,8
2022,21,alonso,81.0,0,9
2022,21,bottas,49.0,0,10
2022,21,vettel,36.0,0,11
2022,21,ricciardo,35.0,0,12
2022,21,kevin_magnussen,25.0,0,13
2022,21,gasly,23.0,0,14
2022,21,stroll,14.0,0,15
2022,21,mick_schumacher,12.0,0,16
2022,21,tsunoda,12.0,0,17
2022,21,zhou,6.0,0,18
2022,21,albon,4.0,0,19
2022,21,latifi,2.0,0,20
2022,21,de_vries,2.0,0,21
2022,21,hulkenberg,0.0,0,22
