season,round,circuit_id,date,warm,cold,dry,wet,cloudy,driver,date_of_birth,nationality,constructor,grid,podium,driver_points,driver_wins,driver_standings_pos,constructor_points,constructor_wins,constructor_standings_pos,qual_time,q_delta
2020,1,red_bull_ring,2020-07-05,True,False,False,False,False,bottas,1989-08-28,Finnish,mercedes,1,1,25,1,1,37,1,1,62.939,0.0
2020,1,red_bull_ring,2020-07-05,True,False,False,False,False,leclerc,1997-10-16,Monegasque,ferrari,7,2,18,0,2,19,0,3,63.923,0.9840000000000018
2020,1,red_bull_ring,2020-07-05,True,False,False,False,False,norris,1999-11-13,British,mclaren,3,3,16,0,3,26,0,2,63.626,0.6869999999999976
2020,1,red_bull_ring,2020-07-05,True,False,False,False,False,hamilton,1985-01-07,British,mercedes,5,4,12,0,4,37,1,1,62.951,0.0120000000000004
2020,1,red_bull_ring,2020-07-05,True,False,False,False,False,sainz,1994-09-01,Spanish,mclaren,8,5,10,0,5,26,0,2,63.971,1.0320000000000036
2020,1,red_bull_ring,2020-07-05,True,False,False,False,False,perez,1990-01-26,Mexican,racing_point,6,6,8,0,6,8,0,4,63.868,0.929000000000002
2020,1,red_bull_ring,2020-07-05,True,False,False,False,False,gasly,1996-02-07,French,alphatauri,12,7,6,0,7,6,0,5,64.305,1.3660000000000068
2020,1,red_bull_ring,2020-07-05,True,False,False,False,False,ocon,1996-09-17,French,renault,14,8,4,0,8,4,0,6,64.643,1.7040000000000006
2020,1,red_bull_ring,2020-07-05,True,False,False,False,False,giovinazzi,1993-12-14,Italian,alfa,18,9,2,0,9,2,0,7,65.175,2.235999999999997
2020,1,red_bull_ring,2020-07-05,True,False,False,False,False,vettel,1987-07-03,German,ferrari,11,10,1,0,10,19,0,3,64.206,1.267000000000003
2020,1,red_bull_ring,2020-07-05,True,False,False,False,False,latifi,1995-06-29,Canadian,williams,20,11,0,0,11,0,0,8,65.757,2.818000000000005
2020,1,red_bull_ring,2020-07-05,True,False,False,False,False,kvyat,1994-04-26,Russian,alphatauri,13,12,0,0,12,6,0,5,64.431,1.491999999999997
2020,1,red_bull_ring,2020-07-05,True,False,False,False,False,albon,1996-03-23,Thai,red_bull,4,13,0,0,13,0,0,9,63.868,0.929000000000002
2020,1,red_bull_ring,2020-07-05,True,False,False,False,False,raikkonen,1979-10-17,Finnish,alfa,19,14,0,0,14,2,0,7,65.224,2.285000000000004
2020,1,red_bull_ring,2020-07-05,True,False,False,False,False,russell,1998-02-15,British,williams,17,15,0,0,15,0,0,8,65.167,2.228000000000001
2020,1,red_bull_ring,2020-07-05,True,False,False,False,False,grosjean,1986-04-17,French,haas,15,16,0,0,16,0,0,10,64.691,1.7520000000000024
2020,1,red_bull_ring,2020-07-05,True,False,False,False,False,kevin_magnussen,1992-10-05,Danish,haas,16,17,0,0,17,0,0,10,65.164,2.2250000000000014
2020,1,red_bull_ring,2020-07-05,True,False,False,False,False,stroll,1998-10-29,Canadian,racing_point,9,18,0,0,18,8,0,4,64.029,1.0899999999999963
2020,1,red_bull_ring,2020-07-05,True,False,False,False,False,ricciardo,1989-07-01,Australian,renault,10,19,0,0,19,4,0,6,64.239,1.3000000000000045
2020,1,red_bull_ring,2020-07-05,True,False,False,False,False,max_verstappen,1997-09-30,Dutch,red_bull,2,20,0,0,20,0,0,9,63.477,0.5379999999999967
2020,2,red_bull_ring,2020-07-12,True,False,False,False,False,hamilton,1985-01-07,British,mercedes,1,1,37,1,2,80,2,1,79.273,0.0
2020,2,red_bull_ring,2020-07-12,True,False,False,False,False,bottas,1989-08-28,Finnish,mercedes,4,2,43,1,1,80,2,1,80.701,1.4279999999999973
2020,2,red_bull_ring,2020-07-12,True,False,False,False,False,max_verstappen,1997-09-30,Dutch,red_bull,2,3,15,0,6,27,0,3,80.489,1.2160000000000082
2020,2,red_bull_ring,2020-07-12,True,False,False,False,False,albon,1996-03-23,Thai,red_bull,6,4,12,0,8,27,0,3,81.011,1.7379999999999995
2020,2,red_bull_ring,2020-07-12,True,False,False,False,False,norris,1999-11-13,British,mclaren,9,5,26,0,3,39,0,2,80.925,1.652000000000001
2020,2,red_bull_ring,2020-07-12,True,False,False,False,False,perez,1990-01-26,Mexican,racing_point,17,6,16,0,5,22,0,4,81.607,2.334000000000003
2020,2,red_bull_ring,2020-07-12,True,False,False,False,False,stroll,1998-10-29,Canadian,racing_point,12,7,6,0,10,22,0,4,79.645,0.3719999999999999
2020,2,red_bull_ring,2020-07-12,True,False,False,False,False,ricciardo,1989-07-01,Australian,renault,8,8,4,0,12,8,0,6,81.19200000000001,1.9190000000000111
2020,2,red_bull_ring,2020-07-12,True,False,False,False,False,sainz,1994-09-01,Spanish,mclaren,3,9,13,0,7,39,0,2,80.67099999999999,1.397999999999996
2020,2,red_bull_ring,2020-07-12,True,False,False,False,False,kvyat,1994-04-26,Russian,alphatauri,13,10,1,0,14,7,0,7,79.717,0.4440000000000026
2020,2,red_bull_ring,2020-07-12,True,False,False,False,False,raikkonen,1979-10-17,Finnish,alfa,16,11,0,0,17,2,0,8,81.372,2.099000000000004
2020,2,red_bull_ring,2020-07-12,True,False,False,False,False,kevin_magnussen,1992-10-05,Danish,haas,15,12,0,0,18,0,0,10,80.211,0.9380000000000024
2020,2,red_bull_ring,2020-07-12,True,False,False,False,False,giovinazzi,1993-12-14,Italian,alfa,19,14,2,0,13,2,0,8,81.831,2.558000000000007
2020,2,red_bull_ring,2020-07-12,True,False,False,False,False,gasly,1996-02-07,French,alphatauri,7,15,6,0,9,7,0,7,81.02799999999999,1.7549999999999957
2020,2,red_bull_ring,2020-07-12,True,False,False,False,False,russell,1998-02-15,British,williams,11,16,0,0,20,0,0,9,79.636,0.3629999999999995
2020,2,red_bull_ring,2020-07-12,True,False,False,False,False,latifi,1995-06-29,Canadian,williams,18,17,0,0,16,0,0,9,81.759,2.486000000000004
2020,2,red_bull_ring,2020-07-12,True,False,False,False,False,ocon,1996-09-17,French,renault,5,18,4,0,11,8,0,6,80.922,1.649000000000001
2020,2,red_bull_ring,2020-07-12,True,False,False,False,False,leclerc,1997-10-16,Monegasque,ferrari,14,19,18,0,4,19,0,5,79.628,0.355000000000004
2020,2,red_bull_ring,2020-07-12,True,False,False,False,False,vettel,1987-07-03,German,ferrari,10,20,1,0,15,19,0,5,81.651,2.378
2020,3,hungaroring,2020-07-19,False,False,False,True,True,hamilton,1985-01-07,British,mercedes,1,1,63,2,1,121,3,1,73.447,0.0
2020,3,hungaroring,2020-07-19,False,False,False,True,True,max_verstappen,1997-09-30,Dutch,red_bull,7,2,33,0,3,55,0,2,74.849,1.402000000000001
2020,3,hungaroring,2020-07-19,False,False,False,True,True,bottas,1989-08-28,Finnish,mercedes,2,3,58,1,2,121,3,1,73.554,0.1069999999999993
2020,3,hungaroring,2020-07-19,False,False,False,True,True,stroll,1998-10-29,Canadian,racing_point,3,4,18,0,8,40,0,4,74.377,0.9299999999999926
2020,3,hungaroring,2020-07-19,False,False,False,True,True,albon,1996-03-23,Thai,red_bull,13,5,22,0,5,55,0,2,75.715,1.6340000000000003
2020,3,hungaroring,2020-07-19,False,False,False,True,True,vettel,1987-07-03,German,ferrari,5,6,9,0,10,27,0,5,74.774,1.3269999999999982
2020,3,hungaroring,2020-07-19,False,False,False,True,True,perez,1990-01-26,Mexican,racing_point,4,7,22,0,6,40,0,4,74.545,1.097999999999999
2020,3,hungaroring,2020-07-19,False,False,False,True,True,ricciardo,1989-07-01,Australian,renault,11,8,8,0,11,12,0,6,75.661,0.0
2020,3,hungaroring,2020-07-19,False,False,False,True,True,sainz,1994-09-01,Spanish,mclaren,9,9,15,0,9,41,0,3,75.027,1.5799999999999983
2020,3,hungaroring,2020-07-19,False,False,False,True,True,leclerc,1997-10-16,Monegasque,ferrari,6,11,18,0,7,27,0,5,74.81700000000001,1.3700000000000043
2020,3,hungaroring,2020-07-19,False,False,False,True,True,kvyat,1994-04-26,Russian,alphatauri,17,12,1,0,15,7,0,7,76.20400000000001,2.1230000000000047
2020,3,hungaroring,2020-07-19,False,False,False,True,True,norris,1999-11-13,British,mclaren,8,13,26,0,4,41,0,3,74.966,1.5189999999999912
2020,3,hungaroring,2020-07-19,False,False,False,True,True,ocon,1996-09-17,French,renault,14,14,4,0,13,12,0,6,75.742,1.6610000000000014
2020,3,hungaroring,2020-07-19,False,False,False,True,True,raikkonen,1979-10-17,Finnish,alfa,20,15,0,0,17,2,0,8,76.614,2.5330000000000013
2020,3,hungaroring,2020-07-19,False,False,False,True,True,giovinazzi,1993-12-14,Italian,alfa,19,17,2,0,14,2,0,8,76.506,2.424999999999997
2020,3,hungaroring,2020-07-19,False,False,False,True,True,russell,1998-02-15,British,williams,12,18,0,0,20,0,0,10,75.69800000000001,1.6170000000000044
2020,3,hungaroring,2020-07-19,False,False,False,True,True,latifi,1995-06-29,Canadian,williams,15,19,0,0,18,0,0,10,76.544,2.462999999999994
2020,4,silverstone,2020-08-02,False,False,False,False,True,hamilton,1985-01-07,British,mercedes,1,1,88,3,1,146,4,1,84.303,0.0
2020,4,silverstone,2020-08-02,False,False,False,False,True,max_verstappen,1997-09-30,Dutch,red_bull,3,2,52,0,3,78,0,2,85.325,1.0220000000000056
2020,4,silverstone,2020-08-02,False,False,False,False,True,leclerc,1997-10-16,Monegasque,ferrari,4,3,33,0,5,43,0,4,85.42699999999999,1.1239999999999952
2020,4,silverstone,2020-08-02,False,False,False,False,True,ricciardo,1989-07-01,Australian,renault,8,4,20,0,9,32,0,6,86.009,1.706000000000003
2020,4,silverstone,2020-08-02,False,False,False,False,True,norris,1999-11-13,British,mclaren,5,5,36,0,4,51,0,3,85.782,1.4789999999999992
2020,4,silverstone,2020-08-02,False,False,False,False,True,ocon,1996-09-17,French,renault,9,6,12,0,11,32,0,6,86.209,1.906000000000006
2020,4,silverstone,2020-08-02,False,False,False,False,True,gasly,1996-02-07,French,alphatauri,11,7,12,0,12,13,0,7,86.501,2.1980000000000075
2020,4,silverstone,2020-08-02,False,False,False,False,True,albon,1996-03-23,Thai,red_bull,12,8,26,0,6,78,0,2,86.545,2.2420000000000044
2020,4,silverstone,2020-08-02,False,False,False,False,True,stroll,1998-10-29,Canadian,racing_point,6,9,20,0,8,42,0,5,85.839,1.5360000000000014
2020,4,silverstone,2020-08-02,False,False,False,False,True,vettel,1987-07-03,German,ferrari,10,10,10,0,13,43,0,4,86.339,2.0360000000000014
2020,4,silverstone,2020-08-02,False,False,False,False,True,bottas,1989-08-28,Finnish,mercedes,2,11,58,1,2,146,4,1,84.616,0.3130000000000024
2020,4,silverstone,2020-08-02,False,False,False,False,True,russell,1998-02-15,British,williams,20,12,0,0,19,0,0,10,87.092,2.789000000000001
2020,4,silverstone,2020-08-02,False,False,False,False,True,sainz,1994-09-01,Spanish,mclaren,7,13,15,0,10,51,0,3,85.965,1.662000000000006
2020,4,silverstone,2020-08-02,False,False,False,False,True,giovinazzi,1993-12-14,Italian,alfa,15,14,2,0,14,2,0,8,87.164,2.861000000000004
2020,4,silverstone,2020-08-02,False,False,False,False,True,latifi,1995-06-29,Canadian,williams,18,15,0,0,17,0,0,10,87.705,3.402000000000001
2020,4,silverstone,2020-08-02,False,False,False,False,True,grosjean,1986-04-17,French,haas,17,16,0,0,20,1,0,9,87.643,3.3400000000000034
2020,4,silverstone,2020-08-02,False,False,False,False,True,raikkonen,1979-10-17,Finnish,alfa,16,17,0,0,18,2,0,8,87.366,3.0630000000000024
2020,4,silverstone,2020-08-02,False,False,False,False,True,kvyat,1994-04-26,Russian,alphatauri,19,18,1,0,15,13,0,7,86.744,2.4410000000000025
2020,4,silverstone,2020-08-02,False,False,False,False,True,kevin_magnussen,1992-10-05,Danish,haas,14,19,1,0,16,1,0,9,87.158,2.855000000000004
2020,4,silverstone,2020-08-02,False,False,False,False,True,hulkenberg,1987-08-19,German,racing_point,13,20,0,0,21,42,0,5,86.566,2.263000000000005
2020,5,silverstone,2020-08-09,True,False,False,False,False,max_verstappen,1997-09-30,Dutch,red_bull,4,1,77,1,2,113,1,2,86.176,1.0220000000000056
2020,5,silverstone,2020-08-09,True,False,False,False,False,hamilton,1985-01-07,British,mercedes,2,2,107,3,1,180,4,1,85.217,0.0630000000000023
2020,5,silverstone,2020-08-09,True,False,False,False,False,bottas,1989-08-28,Finnish,mercedes,1,3,73,1,3,180,4,1,85.154,0.0
2020,5,silverstone,2020-08-09,True,False,False,False,False,leclerc,1997-10-16,Monegasque,ferrari,8,4,45,0,4,55,0,3,86.614,1.460000000000008
2020,5,silverstone,2020-08-09,True,False,False,False,False,albon,1996-03-23,Thai,red_bull,9,5,36,0,6,113,1,2,86.669,1.5150000000000006
2020,5,silverstone,2020-08-09,True,False,False,False,False,stroll,1998-10-29,Canadian,racing_point,6,6,28,0,7,41,0,5,86.428,1.274000000000001
2020,5,silverstone,2020-08-09,True,False,False,False,False,hulkenberg,1987-08-19,German,racing_point,3,7,6,0,14,41,0,5,86.082,0.9279999999999972
2020,5,silverstone,2020-08-09,True,False,False,False,False,ocon,1996-09-17,French,renault,14,8,16,0,10,36,0,6,87.011,1.8569999999999995
2020,5,silverstone,2020-08-09,True,False,False,False,False,norris,1999-11-13,British,mclaren,10,9,38,0,5,53,0,4,86.77799999999999,1.6239999999999952
2020,5,silverstone,2020-08-09,True,False,False,False,False,kvyat,1994-04-26,Russian,alphatauri,16,10,2,0,16,14,0,7,87.882,2.7280000000000086
2020,5,silverstone,2020-08-09,True,False,False,False,False,gasly,1996-02-07,French,alphatauri,7,11,12,0,12,14,0,7,86.53399999999999,1.3799999999999957
2020,5,silverstone,2020-08-09,True,False,False,False,False,vettel,1987-07-03,German,ferrari,11,12,10,0,13,55,0,3,87.078,1.9240000000000064
2020,5,silverstone,2020-08-09,True,False,False,False,False,sainz,1994-09-01,Spanish,mclaren,12,13,15,0,11,53,0,4,87.083,1.929000000000002
2020,5,silverstone,2020-08-09,True,False,False,False,False,ricciardo,1989-07-01,Australian,renault,5,14,20,0,9,36,0,6,86.297,1.143000000000001
2020,5,silverstone,2020-08-09,True,False,False,False,False,raikkonen,1979-10-17,Finnish,alfa,20,15,0,0,18,2,0,8,88.493,3.338999999999998
2020,5,silverstone,2020-08-09,True,False,False,False,False,grosjean,1986-04-17,French,haas,13,16,0,0,21,1,0,9,87.254,2.1000000000000085
2020,5,silverstone,2020-08-09,True,False,False,False,False,giovinazzi,1993-12-14,Italian,alfa,19,17,2,0,15,2,0,8,88.43299999999999,3.2789999999999964
2020,5,silverstone,2020-08-09,True,False,False,False,False,russell,1998-02-15,British,williams,15,18,0,0,20,0,0,10,87.455,2.301000000000002
2020,5,silverstone,2020-08-09,True,False,False,False,False,latifi,1995-06-29,Canadian,williams,18,19,0,0,19,0,0,10,88.43,3.2760000000000105
2020,5,silverstone,2020-08-09,True,False,False,False,False,kevin_magnussen,1992-10-05,Danish,haas,17,20,1,0,17,1,0,9,88.236,3.082000000000008
2020,6,catalunya,2020-08-16,False,False,False,False,True,hamilton,1985-01-07,British,mercedes,1,1,132,4,1,221,5,1,75.584,0.0
2020,6,catalunya,2020-08-16,False,False,False,False,True,max_verstappen,1997-09-30,Dutch,red_bull,3,2,95,1,2,135,1,2,76.292,0.7079999999999984
2020,6,catalunya,2020-08-16,False,False,False,False,True,bottas,1989-08-28,Finnish,mercedes,2,3,89,1,3,221,5,1,75.643,0.0589999999999975
2020,6,catalunya,2020-08-16,False,False,False,False,True,stroll,1998-10-29,Canadian,racing_point,5,4,40,0,5,63,0,3,76.589,1.0049999999999957
2020,6,catalunya,2020-08-16,False,False,False,False,True,perez,1990-01-26,Mexican,racing_point,4,5,32,0,8,63,0,3,76.482,0.8979999999999961
2020,6,catalunya,2020-08-16,False,False,False,False,True,sainz,1994-09-01,Spanish,mclaren,7,6,23,0,9,62,0,4,77.044,1.4599999999999935
2020,6,catalunya,2020-08-16,False,False,False,False,True,vettel,1987-07-03,German,ferrari,11,7,16,0,11,61,0,5,77.168,1.5840000000000032
2020,6,catalunya,2020-08-16,False,False,False,False,True,albon,1996-03-23,Thai,red_bull,6,8,40,0,6,135,1,2,77.029,1.4449999999999932
2020,6,catalunya,2020-08-16,False,False,False,False,True,gasly,1996-02-07,French,alphatauri,10,9,14,0,13,16,0,7,77.136,1.5519999999999925
2020,6,catalunya,2020-08-16,False,False,False,False,True,norris,1999-11-13,British,mclaren,8,10,39,0,7,62,0,4,77.084,1.5
2020,6,catalunya,2020-08-16,False,False,False,False,True,ricciardo,1989-07-01,Australian,renault,13,11,20,0,10,36,0,6,77.19800000000001,1.6140000000000043
2020,6,catalunya,2020-08-16,False,False,False,False,True,kvyat,1994-04-26,Russian,alphatauri,12,12,2,0,16,16,0,7,77.19200000000001,1.608000000000004
2020,6,catalunya,2020-08-16,False,False,False,False,True,ocon,1996-09-17,French,renault,15,13,16,0,12,36,0,6,77.56700000000001,1.983000000000004
2020,6,catalunya,2020-08-16,False,False,False,False,True,raikkonen,1979-10-17,Finnish,alfa,14,14,0,0,18,2,0,8,77.386,1.8019999999999925
2020,6,catalunya,2020-08-16,False,False,False,False,True,kevin_magnussen,1992-10-05,Danish,haas,16,15,1,0,17,1,0,9,77.908,2.323999999999998
2020,6,catalunya,2020-08-16,False,False,False,False,True,giovinazzi,1993-12-14,Italian,alfa,20,16,2,0,15,2,0,8,78.697,3.1129999999999995
2020,6,catalunya,2020-08-16,False,False,False,False,True,russell,1998-02-15,British,williams,18,17,0,0,20,0,0,10,78.099,2.515000000000001
2020,6,catalunya,2020-08-16,False,False,False,False,True,latifi,1995-06-29,Canadian,williams,19,18,0,0,19,0,0,10,78.532,2.9479999999999933
2020,6,catalunya,2020-08-16,False,False,False,False,True,grosjean,1986-04-17,French,haas,17,19,0,0,21,1,0,9,78.089,2.5049999999999955
2020,6,catalunya,2020-08-16,False,False,False,False,True,leclerc,1997-10-16,Monegasque,ferrari,9,20,45,0,4,61,0,5,77.087,1.503
2020,7,spa,2020-08-30,False,False,False,False,True,hamilton,1985-01-07,British,mercedes,1,1,157,5,1,264,6,1,101.252,0.0
2020,7,spa,2020-08-30,False,False,False,False,True,bottas,1989-08-28,Finnish,mercedes,2,2,107,1,3,264,6,1,101.763,0.5109999999999957
2020,7,spa,2020-08-30,False,False,False,False,True,max_verstappen,1997-09-30,Dutch,red_bull,3,3,110,1,2,158,1,2,101.778,0.525999999999982
2020,7,spa,2020-08-30,False,False,False,False,True,ricciardo,1989-07-01,Australian,renault,4,4,33,0,8,59,0,6,102.061,0.8089999999999975
2020,7,spa,2020-08-30,False,False,False,False,True,ocon,1996-09-17,French,renault,6,5,26,0,10,59,0,6,102.396,1.1439999999999912
2020,7,spa,2020-08-30,False,False,False,False,True,albon,1996-03-23,Thai,red_bull,5,6,48,0,4,158,1,2,102.264,1.0120000000000005
2020,7,spa,2020-08-30,False,False,False,False,True,norris,1999-11-13,British,mclaren,10,7,45,0,6,68,0,3,102.657,1.404999999999987
2020,7,spa,2020-08-30,False,False,False,False,True,gasly,1996-02-07,French,alphatauri,12,8,18,0,12,20,0,7,102.745,1.492999999999995
2020,7,spa,2020-08-30,False,False,False,False,True,stroll,1998-10-29,Canadian,racing_point,9,9,42,0,7,66,0,4,102.603,1.350999999999999
2020,7,spa,2020-08-30,False,False,False,False,True,perez,1990-01-26,Mexican,racing_point,8,10,33,0,9,66,0,4,102.532,1.279999999999987
2020,7,spa,2020-08-30,False,False,False,False,True,kvyat,1994-04-26,Russian,alphatauri,11,11,2,0,16,20,0,7,102.73,1.4779999999999802
2020,7,spa,2020-08-30,False,False,False,False,True,raikkonen,1979-10-17,Finnish,alfa,16,12,0,0,18,2,0,8,103.743,2.490999999999985
2020,7,spa,2020-08-30,False,False,False,False,True,vettel,1987-07-03,German,ferrari,14,13,16,0,13,61,0,5,103.261,2.008999999999986
2020,7,spa,2020-08-30,False,False,False,False,True,leclerc,1997-10-16,Monegasque,ferrari,13,14,45,0,5,61,0,5,102.996,1.7439999999999998
2020,7,spa,2020-08-30,False,False,False,False,True,grosjean,1986-04-17,French,haas,17,15,0,0,21,1,0,9,103.838,2.5859999999999843
2020,7,spa,2020-08-30,False,False,False,False,True,latifi,1995-06-29,Canadian,williams,19,16,0,0,19,0,0,10,104.138,2.885999999999996
2020,7,spa,2020-08-30,False,False,False,False,True,kevin_magnussen,1992-10-05,Danish,haas,20,17,1,0,17,1,0,9,104.314,3.0619999999999834
2020,7,spa,2020-08-30,False,False,False,False,True,giovinazzi,1993-12-14,Italian,alfa,18,18,2,0,15,2,0,8,103.95,2.6979999999999933
2020,7,spa,2020-08-30,False,False,False,False,True,russell,1998-02-15,British,williams,15,19,0,0,20,0,0,10,103.468,2.215999999999994
2020,7,spa,2020-08-30,False,False,False,False,True,sainz,1994-09-01,Spanish,mclaren,7,20,23,0,11,68,0,3,102.438,1.1859999999999928
2020,8,monza,2020-09-06,True,False,False,False,False,gasly,1996-02-07,French,alphatauri,10,1,43,1,8,47,1,7,80.17699999999999,1.289999999999992
2020,8,monza,2020-09-06,True,False,False,False,False,sainz,1994-09-01,Spanish,mclaren,3,2,41,0,9,98,0,3,79.695,0.8079999999999927
2020,8,monza,2020-09-06,True,False,False,False,False,stroll,1998-10-29,Canadian,racing_point,8,3,57,0,4,82,0,4,80.049,1.162000000000006
2020,8,monza,2020-09-06,True,False,False,False,False,norris,1999-11-13,British,mclaren,6,4,57,0,5,98,0,3,79.82,0.9329999999999928
2020,8,monza,2020-09-06,True,False,False,False,False,bottas,1989-08-28,Finnish,mercedes,2,5,117,1,2,281,6,1,78.956,0.0690000000000026
2020,8,monza,2020-09-06,True,False,False,False,False,ricciardo,1989-07-01,Australian,renault,7,6,41,0,10,71,0,5,79.864,0.977000000000004
2020,8,monza,2020-09-06,True,False,False,False,False,hamilton,1985-01-07,British,mercedes,1,7,164,5,1,281,6,1,78.887,0.0
2020,8,monza,2020-09-06,True,False,False,False,False,ocon,1996-09-17,French,renault,12,8,30,0,12,71,0,5,80.23400000000001,1.3470000000000084
2020,8,monza,2020-09-06,True,False,False,False,False,kvyat,1994-04-26,Russian,alphatauri,11,9,4,0,15,47,1,7,80.169,1.2819999999999965
2020,8,monza,2020-09-06,True,False,False,False,False,perez,1990-01-26,Mexican,racing_point,4,10,34,0,11,82,0,4,79.72,0.8329999999999984
2020,8,monza,2020-09-06,True,False,False,False,False,latifi,1995-06-29,Canadian,williams,20,11,0,0,18,0,0,10,81.717,2.8299999999999983
2020,8,monza,2020-09-06,True,False,False,False,False,grosjean,1986-04-17,French,haas,16,12,0,0,20,1,0,9,81.139,2.251999999999996
2020,8,monza,2020-09-06,True,False,False,False,False,raikkonen,1979-10-17,Finnish,alfa,14,13,0,0,19,2,0,8,80.926,2.039000000000001
2020,8,monza,2020-09-06,True,False,False,False,False,russell,1998-02-15,British,williams,19,14,0,0,21,0,0,10,81.587,2.700000000000003
2020,8,monza,2020-09-06,True,False,False,False,False,albon,1996-03-23,Thai,red_bull,9,15,48,0,6,158,1,2,80.09,1.203000000000003
2020,8,monza,2020-09-06,True,False,False,False,False,giovinazzi,1993-12-14,Italian,alfa,18,16,2,0,16,2,0,8,81.206,2.3190000000000026
2020,8,monza,2020-09-06,True,False,False,False,False,max_verstappen,1997-09-30,Dutch,red_bull,5,17,110,1,3,158,1,2,79.795,0.9080000000000013
2020,8,monza,2020-09-06,True,False,False,False,False,leclerc,1997-10-16,Monegasque,ferrari,13,18,45,0,7,61,0,6,80.273,1.3859999999999957
2020,8,monza,2020-09-06,True,False,False,False,False,kevin_magnussen,1992-10-05,Danish,haas,15,19,1,0,17,1,0,9,81.57300000000001,2.686000000000007
2020,8,monza,2020-09-06,True,False,False,False,False,vettel,1987-07-03,German,ferrari,17,20,16,0,13,61,0,6,81.151,2.263999999999996
2020,9,mugello,2020-09-13,True,False,False,False,False,hamilton,1985-01-07,British,mercedes,1,1,190,6,1,325,7,1,75.144,0.0
2020,9,mugello,2020-09-13,True,False,False,False,False,bottas,1989-08-28,Finnish,mercedes,2,2,135,1,2,325,7,1,75.203,0.0589999999999975
2020,9,mugello,2020-09-13,True,False,False,False,False,albon,1996-03-23,Thai,red_bull,4,3,63,0,5,173,1,2,75.95400000000001,0.8100000000000023
2020,9,mugello,2020-09-13,True,False,False,False,False,ricciardo,1989-07-01,Australian,renault,8,4,53,0,7,83,0,5,76.543,1.399000000000001
2020,9,mugello,2020-09-13,True,False,False,False,False,perez,1990-01-26,Mexican,racing_point,7,5,44,0,9,92,0,4,76.311,1.1670000000000016
2020,9,mugello,2020-09-13,True,False,False,False,False,norris,1999-11-13,British,mclaren,11,6,65,0,4,106,0,3,76.64,0.0
2020,9,mugello,2020-09-13,True,False,False,False,False,kvyat,1994-04-26,Russian,alphatauri,12,7,10,0,14,53,1,7,76.854,2.9399999999999977
2020,9,mugello,2020-09-13,True,False,False,False,False,leclerc,1997-10-16,Monegasque,ferrari,5,8,49,0,8,66,0,6,76.27,1.1259999999999906
2020,9,mugello,2020-09-13,True,False,False,False,False,raikkonen,1979-10-17,Finnish,alfa,13,9,2,0,16,4,0,8,76.854,2.9399999999999977
2020,9,mugello,2020-09-13,True,False,False,False,False,vettel,1987-07-03,German,ferrari,14,10,17,0,13,66,0,6,76.858,2.9440000000000026
2020,9,mugello,2020-09-13,True,False,False,False,False,russell,1998-02-15,British,williams,18,11,0,0,20,0,0,10,77.232,3.317999999999998
2020,9,mugello,2020-09-13,True,False,False,False,False,grosjean,1986-04-17,French,haas,15,12,0,0,21,1,0,9,77.254,3.3400000000000034
2020,9,mugello,2020-09-13,True,False,False,False,False,stroll,1998-10-29,Canadian,racing_point,6,13,57,0,6,92,0,4,76.356,1.211999999999989
2020,9,mugello,2020-09-13,True,False,False,False,False,latifi,1995-06-29,Canadian,williams,19,15,0,0,19,0,0,10,77.32,3.405999999999992
2020,9,mugello,2020-09-13,True,False,False,False,False,kevin_magnussen,1992-10-05,Danish,haas,20,16,1,0,18,1,0,9,77.348,3.433999999999997
2020,9,mugello,2020-09-13,True,False,False,False,False,giovinazzi,1993-12-14,Italian,alfa,17,17,2,0,17,4,0,8,77.22,3.3059999999999974
2020,9,mugello,2020-09-13,True,False,False,False,False,sainz,1994-09-01,Spanish,mclaren,9,18,41,0,11,106,0,3,77.87,2.725999999999999
2020,9,mugello,2020-09-13,True,False,False,False,False,max_verstappen,1997-09-30,Dutch,red_bull,3,19,110,1,3,173,1,2,75.509,0.3649999999999949
2020,9,mugello,2020-09-13,True,False,False,False,False,gasly,1996-02-07,French,alphatauri,16,20,43,1,10,53,1,7,77.125,3.2109999999999985
2020,10,sochi,2020-09-27,True,False,False,False,False,bottas,1989-08-28,Finnish,mercedes,3,1,161,2,2,366,8,1,91.956,0.652000000000001
2020,10,sochi,2020-09-27,True,False,False,False,False,max_verstappen,1997-09-30,Dutch,red_bull,2,2,128,1,3,192,1,2,91.867,0.5630000000000024
2020,10,sochi,2020-09-27,True,False,False,False,False,hamilton,1985-01-07,British,mercedes,1,3,205,6,1,366,8,1,91.304,0.0
2020,10,sochi,2020-09-27,True,False,False,False,False,perez,1990-01-26,Mexican,racing_point,4,4,56,0,9,104,0,4,92.317,1.0130000000000052
2020,10,sochi,2020-09-27,True,False,False,False,False,ricciardo,1989-07-01,Australian,renault,5,5,63,0,6,99,0,5,92.364,1.0600000000000025
2020,10,sochi,2020-09-27,True,False,False,False,False,leclerc,1997-10-16,Monegasque,ferrari,10,6,57,0,7,74,0,6,93.239,1.9350000000000025
2020,10,sochi,2020-09-27,True,False,False,False,False,ocon,1996-09-17,French,renault,7,7,36,0,12,99,0,5,92.624,1.3199999999999932
2020,10,sochi,2020-09-27,True,False,False,False,False,kvyat,1994-04-26,Russian,alphatauri,11,8,14,0,14,59,1,7,93.249,1.9449999999999927
2020,10,sochi,2020-09-27,True,False,False,False,False,gasly,1996-02-07,French,alphatauri,9,9,45,1,10,59,1,7,93.0,1.695999999999998
2020,10,sochi,2020-09-27,True,False,False,False,False,albon,1996-03-23,Thai,red_bull,15,10,64,0,5,192,1,2,93.008,1.7040000000000075
2020,10,sochi,2020-09-27,True,False,False,False,False,giovinazzi,1993-12-14,Italian,alfa,17,11,2,0,17,4,0,8,94.594,3.289999999999992
2020,10,sochi,2020-09-27,True,False,False,False,False,kevin_magnussen,1992-10-05,Danish,haas,18,12,1,0,18,1,0,9,94.681,3.376999999999996
2020,10,sochi,2020-09-27,True,False,False,False,False,vettel,1987-07-03,German,ferrari,14,13,17,0,13,74,0,6,93.609,2.305000000000007
2020,10,sochi,2020-09-27,True,False,False,False,False,raikkonen,1979-10-17,Finnish,alfa,19,14,2,0,16,4,0,8,95.267,3.962999999999994
2020,10,sochi,2020-09-27,True,False,False,False,False,norris,1999-11-13,British,mclaren,8,15,65,0,4,106,0,3,92.847,1.5430000000000064
2020,10,sochi,2020-09-27,True,False,False,False,False,latifi,1995-06-29,Canadian,williams,20,16,0,0,19,0,0,10,95.066,3.762000000000001
2020,10,sochi,2020-09-27,True,False,False,False,False,grosjean,1986-04-17,French,haas,16,17,0,0,21,1,0,9,94.592,3.2879999999999967
2020,10,sochi,2020-09-27,True,False,False,False,False,russell,1998-02-15,British,williams,13,18,0,0,20,0,0,10,93.583,2.2789999999999964
2020,10,sochi,2020-09-27,True,False,False,False,False,sainz,1994-09-01,Spanish,mclaren,6,19,41,0,11,106,0,3,92.55,1.2459999999999951
2020,10,sochi,2020-09-27,True,False,False,False,False,stroll,1998-10-29,Canadian,racing_point,12,20,57,0,8,104,0,4,93.364,2.0600000000000023
2020,11,nurburgring,2020-10-11,False,False,False,False,False,hamilton,1985-01-07,British,mercedes,2,1,230,7,1,391,9,1,85.525,0.2560000000000002
2020,11,nurburgring,2020-10-11,False,False,False,False,False,max_verstappen,1997-09-30,Dutch,red_bull,3,2,147,1,3,211,1,2,85.562,0.2929999999999921
2020,11,nurburgring,2020-10-11,False,False,False,False,False,ricciardo,1989-07-01,Australian,renault,6,3,78,0,4,114,0,5,86.223,0.9539999999999936
2020,11,nurburgring,2020-10-11,False,False,False,False,False,perez,1990-01-26,Mexican,racing_point,9,4,68,0,5,120,0,3,86.70400000000001,1.4350000000000025
2020,11,nurburgring,2020-10-11,False,False,False,False,False,sainz,1994-09-01,Spanish,mclaren,10,5,51,0,11,116,0,4,86.709,1.4399999999999975
2020,11,nurburgring,2020-10-11,False,False,False,False,False,gasly,1996-02-07,French,alphatauri,12,6,53,1,10,67,1,7,86.776,1.5069999999999908
2020,11,nurburgring,2020-10-11,False,False,False,False,False,leclerc,1997-10-16,Monegasque,ferrari,4,7,63,0,8,80,0,6,86.035,0.7659999999999911
2020,11,nurburgring,2020-10-11,False,False,False,False,False,hulkenberg,1987-08-19,German,racing_point,20,8,10,0,15,120,0,3,88.021,2.751999999999996
2020,11,nurburgring,2020-10-11,False,False,False,False,False,grosjean,1986-04-17,French,haas,16,9,2,0,18,3,0,9,87.55199999999999,2.282999999999987
2020,11,nurburgring,2020-10-11,False,False,False,False,False,giovinazzi,1993-12-14,Italian,alfa,14,10,3,0,16,5,0,8,86.936,1.6670000000000016
2020,11,nurburgring,2020-10-11,False,False,False,False,False,vettel,1987-07-03,German,ferrari,11,11,17,0,13,80,0,6,86.738,1.468999999999994
2020,11,nurburgring,2020-10-11,False,False,False,False,False,raikkonen,1979-10-17,Finnish,alfa,19,12,2,0,17,5,0,8,87.81700000000001,2.548000000000002
2020,11,nurburgring,2020-10-11,False,False,False,False,False,kevin_magnussen,1992-10-05,Danish,haas,15,13,1,0,19,3,0,9,87.125,1.8559999999999943
2020,11,nurburgring,2020-10-11,False,False,False,False,False,latifi,1995-06-29,Canadian,williams,18,14,0,0,20,0,0,10,87.812,2.542999999999992
2020,11,nurburgring,2020-10-11,False,False,False,False,False,kvyat,1994-04-26,Russian,alphatauri,13,15,14,0,14,67,1,7,86.848,1.5789999999999935
2020,11,nurburgring,2020-10-11,False,False,False,False,False,norris,1999-11-13,British,mclaren,8,16,65,0,6,116,0,4,86.458,1.188999999999993
2020,11,nurburgring,2020-10-11,False,False,False,False,False,albon,1996-03-23,Thai,red_bull,5,17,64,0,7,211,1,2,86.047,0.7779999999999916
2020,11,nurburgring,2020-10-11,False,False,False,False,False,ocon,1996-09-17,French,renault,7,18,36,0,12,114,0,5,86.242,0.972999999999999
2020,11,nurburgring,2020-10-11,False,False,False,False,False,bottas,1989-08-28,Finnish,mercedes,1,19,161,2,2,391,9,1,85.269,0.0
2020,11,nurburgring,2020-10-11,False,False,False,False,False,russell,1998-02-15,British,williams,17,20,0,0,21,0,0,10,87.564,2.2949999999999875
2020,12,portimao,2020-10-25,False,False,False,False,True,hamilton,1985-01-07,British,mercedes,1,1,256,8,1,435,10,1,76.652,0.0
2020,12,portimao,2020-10-25,False,False,False,False,True,bottas,1989-08-28,Finnish,mercedes,2,2,179,2,2,435,10,1,76.754,0.1020000000000038
2020,12,portimao,2020-10-25,False,False,False,False,True,max_verstappen,1997-09-30,Dutch,red_bull,3,3,162,1,3,226,1,2,76.904,0.2519999999999953
2020,12,portimao,2020-10-25,False,False,False,False,True,leclerc,1997-10-16,Monegasque,ferrari,4,4,75,0,5,93,0,6,77.09,0.4380000000000024
2020,12,portimao,2020-10-25,False,False,False,False,True,gasly,1996-02-07,French,alphatauri,9,5,63,1,9,77,1,7,77.803,1.1509999999999962
2020,12,portimao,2020-10-25,False,False,False,False,True,sainz,1994-09-01,Spanish,mclaren,7,6,59,0,10,124,0,4,77.52,0.867999999999995
2020,12,portimao,2020-10-25,False,False,False,False,True,perez,1990-01-26,Mexican,racing_point,5,7,74,0,6,126,0,3,77.223,0.570999999999998
2020,12,portimao,2020-10-25,False,False,False,False,True,ocon,1996-09-17,French,renault,11,8,40,0,12,120,0,5,77.614,0.0
2020,12,portimao,2020-10-25,False,False,False,False,True,vettel,1987-07-03,German,ferrari,15,10,18,0,13,93,0,6,77.919,1.4559999999999889
2020,12,portimao,2020-10-25,False,False,False,False,True,raikkonen,1979-10-17,Finnish,alfa,16,11,2,0,17,5,0,8,78.201,1.7379999999999851
2020,12,portimao,2020-10-25,False,False,False,False,True,albon,1996-03-23,Thai,red_bull,6,12,64,0,8,226,1,2,77.437,0.7849999999999966
2020,12,portimao,2020-10-25,False,False,False,False,True,norris,1999-11-13,British,mclaren,8,13,65,0,7,124,0,4,77.525,0.8730000000000047
2020,12,portimao,2020-10-25,False,False,False,False,True,russell,1998-02-15,British,williams,14,14,0,0,21,0,0,10,77.788,1.3249999999999886
2020,12,portimao,2020-10-25,False,False,False,False,True,giovinazzi,1993-12-14,Italian,alfa,17,15,3,0,16,5,0,8,78.32300000000001,1.8599999999999997
2020,12,portimao,2020-10-25,False,False,False,False,True,kevin_magnussen,1992-10-05,Danish,haas,19,16,1,0,19,3,0,9,78.508,2.0449999999999875
2020,12,portimao,2020-10-25,False,False,False,False,True,grosjean,1986-04-17,French,haas,18,17,2,0,18,3,0,9,78.364,1.900999999999996
2020,12,portimao,2020-10-25,False,False,False,False,True,latifi,1995-06-29,Canadian,williams,20,18,0,0,20,0,0,10,78.777,2.313999999999993
2020,12,portimao,2020-10-25,False,False,False,False,True,kvyat,1994-04-26,Russian,alphatauri,13,19,14,0,14,77,1,7,77.72800000000001,1.2650000000000006
2020,12,portimao,2020-10-25,False,False,False,False,True,stroll,1998-10-29,Canadian,racing_point,12,20,57,0,11,126,0,3,77.626,1.1629999999999967
2020,13,imola,2020-11-01,False,False,False,False,True,hamilton,1985-01-07,British,mercedes,2,1,282,9,1,479,11,1,73.706,0.0970000000000084
2020,13,imola,2020-11-01,False,False,False,False,True,bottas,1989-08-28,Finnish,mercedes,1,2,197,2,2,479,11,1,73.609,0.0
2020,13,imola,2020-11-01,False,False,False,False,True,ricciardo,1989-07-01,Australian,renault,5,3,95,0,4,135,0,3,74.52,0.9110000000000014
2020,13,imola,2020-11-01,False,False,False,False,True,kvyat,1994-04-26,Russian,alphatauri,8,4,26,0,13,89,1,7,74.696,1.0870000000000033
2020,13,imola,2020-11-01,False,False,False,False,True,leclerc,1997-10-16,Monegasque,ferrari,7,5,85,0,5,103,0,6,74.616,1.007000000000005
2020,13,imola,2020-11-01,False,False,False,False,True,perez,1990-01-26,Mexican,racing_point,11,6,82,0,6,134,0,5,75.061,1.4520000000000124
2020,13,imola,2020-11-01,False,False,False,False,True,sainz,1994-09-01,Spanish,mclaren,10,7,65,0,8,134,0,4,74.911,1.3020000000000067
2020,13,imola,2020-11-01,False,False,False,False,True,norris,1999-11-13,British,mclaren,9,8,69,0,7,134,0,4,74.814,1.2049999999999983
2020,13,imola,2020-11-01,False,False,False,False,True,raikkonen,1979-10-17,Finnish,alfa,18,9,4,0,16,8,0,8,75.953,2.3440000000000083
2020,13,imola,2020-11-01,False,False,False,False,True,giovinazzi,1993-12-14,Italian,alfa,20,10,4,0,17,8,0,8,76.208,2.599000000000004
2020,13,imola,2020-11-01,False,False,False,False,True,latifi,1995-06-29,Canadian,williams,19,11,0,0,20,0,0,10,75.987,2.378
2020,13,imola,2020-11-01,False,False,False,False,True,vettel,1987-07-03,German,ferrari,14,12,18,0,14,103,0,6,75.385,1.7760000000000105
2020,13,imola,2020-11-01,False,False,False,False,True,stroll,1998-10-29,Canadian,racing_point,15,13,57,0,11,134,0,5,75.494,1.885000000000005
2020,13,imola,2020-11-01,False,False,False,False,True,grosjean,1986-04-17,French,haas,16,14,2,0,18,3,0,9,75.918,2.309000000000012
2020,13,imola,2020-11-01,False,False,False,False,True,albon,1996-03-23,Thai,red_bull,6,15,64,0,9,226,1,2,74.572,0.963000000000008
2020,13,imola,2020-11-01,False,False,False,False,True,russell,1998-02-15,British,williams,13,16,0,0,21,0,0,10,75.32300000000001,1.7140000000000128
2020,13,imola,2020-11-01,False,False,False,False,True,max_verstappen,1997-09-30,Dutch,red_bull,3,17,162,1,3,226,1,2,74.176,0.5670000000000073
2020,13,imola,2020-11-01,False,False,False,False,True,kevin_magnussen,1992-10-05,Danish,haas,17,18,1,0,19,3,0,9,75.939,2.3299999999999983
2020,13,imola,2020-11-01,False,False,False,False,True,ocon,1996-09-17,French,renault,12,19,40,0,12,135,0,3,75.201,1.5919999999999987
2020,13,imola,2020-11-01,False,False,False,False,True,gasly,1996-02-07,French,alphatauri,4,20,63,1,10,89,1,7,74.502,0.8930000000000007
2020,14,istanbul,2020-11-15,False,False,False,True,False,hamilton,1985-01-07,British,mercedes,6,1,307,10,1,504,12,1,112.56,4.795000000000002
2020,14,istanbul,2020-11-15,False,False,False,True,False,perez,1990-01-26,Mexican,racing_point,3,2,100,0,4,154,0,3,109.321,1.5559999999999974
2020,14,istanbul,2020-11-15,False,False,False,True,False,vettel,1987-07-03,German,ferrari,11,3,33,0,13,130,0,6,115.169,7.403999999999996
2020,14,istanbul,2020-11-15,False,False,False,True,False,leclerc,1997-10-16,Monegasque,ferrari,12,4,97,0,5,130,0,6,116.696,8.930999999999997
2020,14,istanbul,2020-11-15,False,False,False,True,False,sainz,1994-09-01,Spanish,mclaren,15,5,75,0,7,149,0,4,115.41,7.644999999999996
2020,14,istanbul,2020-11-15,False,False,False,True,False,max_verstappen,1997-09-30,Dutch,red_bull,2,6,170,1,3,240,1,2,108.055,0.2900000000000062
2020,14,istanbul,2020-11-15,False,False,False,True,False,albon,1996-03-23,Thai,red_bull,4,7,70,0,9,240,1,2,110.448,2.683000000000007
2020,14,istanbul,2020-11-15,False,False,False,True,False,norris,1999-11-13,British,mclaren,14,8,74,0,8,149,0,4,114.945,7.179999999999993
2020,14,istanbul,2020-11-15,False,False,False,True,False,stroll,1998-10-29,Canadian,racing_point,1,9,59,0,11,154,0,3,107.765,0.0
2020,14,istanbul,2020-11-15,False,False,False,True,False,ricciardo,1989-07-01,Australian,renault,5,10,96,0,6,136,0,5,111.595,3.8299999999999983
2020,14,istanbul,2020-11-15,False,False,False,True,False,ocon,1996-09-17,French,renault,7,11,40,0,12,136,0,5,112.622,4.856999999999999
2020,14,istanbul,2020-11-15,False,False,False,True,False,kvyat,1994-04-26,Russian,alphatauri,16,12,26,0,14,89,1,7,129.07,21.304999999999996
2020,14,istanbul,2020-11-15,False,False,False,True,False,gasly,1996-02-07,French,alphatauri,19,13,63,1,10,89,1,7,118.556,10.790999999999997
2020,14,istanbul,2020-11-15,False,False,False,True,False,bottas,1989-08-28,Finnish,mercedes,9,14,197,2,2,504,12,1,113.258,5.493000000000009
2020,14,istanbul,2020-11-15,False,False,False,True,False,raikkonen,1979-10-17,Finnish,alfa,8,15,4,0,16,8,0,8,112.745,4.980000000000004
2020,14,istanbul,2020-11-15,False,False,False,True,False,kevin_magnussen,1992-10-05,Danish,haas,13,17,1,0,19,3,0,9,128.007,20.242000000000004
2020,14,istanbul,2020-11-15,False,False,False,True,False,grosjean,1986-04-17,French,haas,17,18,2,0,18,3,0,9,132.909,25.14399999999999
2020,14,istanbul,2020-11-15,False,False,False,True,False,giovinazzi,1993-12-14,Italian,alfa,10,20,4,0,17,8,0,8,117.226,9.461
2020,15,bahrain,2020-11-29,True,False,False,False,False,hamilton,1985-01-07,British,mercedes,1,1,332,11,1,533,13,1,87.264,0.0
2020,15,bahrain,2020-11-29,True,False,False,False,False,max_verstappen,1997-09-30,Dutch,red_bull,3,2,189,1,3,274,1,2,87.678,0.4140000000000015
2020,15,bahrain,2020-11-29,True,False,False,False,False,albon,1996-03-23,Thai,red_bull,4,3,85,0,9,274,1,2,88.274,1.0100000000000051
2020,15,bahrain,2020-11-29,True,False,False,False,False,norris,1999-11-13,British,mclaren,9,4,86,0,7,171,0,3,88.542,1.2780000000000058
2020,15,bahrain,2020-11-29,True,False,False,False,False,gasly,1996-02-07,French,alphatauri,8,6,71,1,10,97,1,7,88.44800000000001,1.1840000000000117
2020,15,bahrain,2020-11-29,True,False,False,False,False,ricciardo,1989-07-01,Australian,renault,6,7,102,0,4,144,0,5,88.417,1.1530000000000058
2020,15,bahrain,2020-11-29,True,False,False,False,False,bottas,1989-08-28,Finnish,mercedes,2,8,201,2,2,533,13,1,87.553,0.2890000000000015
2020,15,bahrain,2020-11-29,True,False,False,False,False,ocon,1996-09-17,French,renault,7,9,42,0,12,144,0,5,88.419,1.1550000000000011
2020,15,bahrain,2020-11-29,True,False,False,False,False,leclerc,1997-10-16,Monegasque,ferrari,12,10,98,0,6,131,0,6,89.16499999999999,1.900999999999996
2020,15,bahrain,2020-11-29,True,False,False,False,False,kvyat,1994-04-26,Russian,alphatauri,10,11,26,0,14,97,1,7,88.618,1.3539999999999992
2020,15,bahrain,2020-11-29,True,False,False,False,False,russell,1998-02-15,British,williams,14,12,0,0,21,0,0,10,91.218,3.954000000000008
2020,15,bahrain,2020-11-29,True,False,False,False,False,vettel,1987-07-03,German,ferrari,11,13,33,0,13,131,0,6,89.149,1.885000000000005
2020,15,bahrain,2020-11-29,True,False,False,False,False,latifi,1995-06-29,Canadian,williams,20,14,0,0,20,0,0,10,90.182,4.64500000000001
2020,15,bahrain,2020-11-29,True,False,False,False,False,raikkonen,1979-10-17,Finnish,alfa,17,15,4,0,16,8,0,8,89.81,4.27300000000001
2020,15,bahrain,2020-11-29,True,False,False,False,False,giovinazzi,1993-12-14,Italian,alfa,16,16,4,0,17,8,0,8,89.491,0.0
2020,15,bahrain,2020-11-29,True,False,False,False,False,kevin_magnussen,1992-10-05,Danish,haas,18,17,1,0,19,3,0,9,90.111,4.574000000000012
2020,15,bahrain,2020-11-29,True,False,False,False,False,perez,1990-01-26,Mexican,racing_point,5,18,100,0,5,154,0,4,88.322,1.058000000000007
2020,15,bahrain,2020-11-29,True,False,False,False,False,stroll,1998-10-29,Canadian,racing_point,13,19,59,0,11,154,0,4,89.557,2.2930000000000064
2020,15,bahrain,2020-11-29,True,False,False,False,False,grosjean,1986-04-17,French,haas,19,20,2,0,18,3,0,9,90.138,4.601000000000013
2020,16,bahrain,2020-12-06,True,False,False,False,False,perez,1990-01-26,Mexican,racing_point,5,1,125,1,4,194,1,3,53.79,0.4129999999999967
2020,16,bahrain,2020-12-06,True,False,False,False,False,ocon,1996-09-17,French,renault,11,2,60,0,12,172,0,5,53.995,0.617999999999995
2020,16,bahrain,2020-12-06,True,False,False,False,False,stroll,1998-10-29,Canadian,racing_point,10,3,74,0,10,194,1,3,54.2,0.8230000000000004
2020,16,bahrain,2020-12-06,True,False,False,False,False,sainz,1994-09-01,Spanish,mclaren,8,4,97,0,7,184,0,4,54.01,0.6329999999999956
2020,16,bahrain,2020-12-06,True,False,False,False,False,ricciardo,1989-07-01,Australian,renault,7,5,112,0,5,172,0,5,53.957,0.5799999999999983
2020,16,bahrain,2020-12-06,True,False,False,False,False,albon,1996-03-23,Thai,red_bull,12,6,93,0,8,282,1,2,54.026,0.6490000000000009
2020,16,bahrain,2020-12-06,True,False,False,False,False,kvyat,1994-04-26,Russian,alphatauri,6,7,32,0,14,103,1,7,53.906,0.5289999999999964
2020,16,bahrain,2020-12-06,True,False,False,False,False,bottas,1989-08-28,Finnish,mercedes,1,8,205,2,2,540,13,1,53.377,0.0
2020,16,bahrain,2020-12-06,True,False,False,False,False,russell,1998-02-15,British,mercedes,2,9,3,0,18,540,13,1,53.403,0.0259999999999962
2020,16,bahrain,2020-12-06,True,False,False,False,False,norris,1999-11-13,British,mclaren,19,10,87,0,9,184,0,4,54.963,1.5859999999999983
2020,16,bahrain,2020-12-06,True,False,False,False,False,gasly,1996-02-07,French,alphatauri,9,11,71,1,11,103,1,7,54.154,0.777000000000001
2020,16,bahrain,2020-12-06,True,False,False,False,False,vettel,1987-07-03,German,ferrari,13,12,33,0,13,131,0,6,54.175,0.7979999999999947
2020,16,bahrain,2020-12-06,True,False,False,False,False,giovinazzi,1993-12-14,Italian,alfa,14,13,4,0,17,8,0,8,54.377,1.0
2020,16,bahrain,2020-12-06,True,False,False,False,False,raikkonen,1979-10-17,Finnish,alfa,18,14,4,0,16,8,0,8,54.892,1.5150000000000006
2020,16,bahrain,2020-12-06,True,False,False,False,False,kevin_magnussen,1992-10-05,Danish,haas,15,15,1,0,20,3,0,9,54.693,1.3159999999999954
2020,16,bahrain,2020-12-06,True,False,False,False,False,aitken,1995-09-23,British,williams,17,16,0,0,22,0,0,10,54.796,1.418999999999997
2020,16,bahrain,2020-12-06,True,False,False,False,False,pietro_fittipaldi,1996-06-25,Brazilian,haas,20,17,0,0,23,3,0,9,55.426,2.0489999999999995
2020,16,bahrain,2020-12-06,True,False,False,False,False,latifi,1995-06-29,Canadian,williams,16,18,0,0,21,0,0,10,54.705,1.327999999999996
2020,16,bahrain,2020-12-06,True,False,False,False,False,max_verstappen,1997-09-30,Dutch,red_bull,3,19,189,1,3,282,1,2,53.433,0.0559999999999973
2020,16,bahrain,2020-12-06,True,False,False,False,False,leclerc,1997-10-16,Monegasque,ferrari,4,20,98,0,6,131,0,6,53.613,0.2359999999999971
2020,17,yas_marina,2020-12-13,True,False,False,False,False,max_verstappen,1997-09-30,Dutch,red_bull,1,1,214,2,3,319,2,2,95.246,0.0
2020,17,yas_marina,2020-12-13,True,False,False,False,False,bottas,1989-08-28,Finnish,mercedes,2,2,223,2,2,573,13,1,95.271,0.0249999999999914
2020,17,yas_marina,2020-12-13,True,False,False,False,False,hamilton,1985-01-07,British,mercedes,3,3,347,11,1,573,13,1,95.332,0.0859999999999843
2020,17,yas_marina,2020-12-13,True,False,False,False,False,albon,1996-03-23,Thai,red_bull,5,4,105,0,7,319,2,2,95.571,0.3249999999999886
2020,17,yas_marina,2020-12-13,True,False,False,False,False,norris,1999-11-13,British,mclaren,4,5,97,0,9,202,0,3,95.497,0.2509999999999905
2020,17,yas_marina,2020-12-13,True,False,False,False,False,sainz,1994-09-01,Spanish,mclaren,6,6,105,0,6,202,0,3,95.815,0.5689999999999884
2020,17,yas_marina,2020-12-13,True,False,False,False,False,ricciardo,1989-07-01,Australian,renault,11,7,119,0,5,181,0,5,96.406,1.1599999999999966
2020,17,yas_marina,2020-12-13,True,False,False,False,False,gasly,1996-02-07,French,alphatauri,9,8,75,1,10,107,1,7,96.242,0.9959999999999808
2020,17,yas_marina,2020-12-13,True,False,False,False,False,ocon,1996-09-17,French,renault,10,9,62,0,12,181,0,5,96.359,1.1129999999999995
2020,17,yas_marina,2020-12-13,True,False,False,False,False,stroll,1998-10-29,Canadian,racing_point,8,10,75,0,11,195,1,4,96.046,0.799999999999983
2020,17,yas_marina,2020-12-13,True,False,False,False,False,kvyat,1994-04-26,Russian,alphatauri,7,11,32,0,14,107,1,7,95.963,0.7169999999999845
2020,17,yas_marina,2020-12-13,True,False,False,False,False,raikkonen,1979-10-17,Finnish,alfa,15,12,4,0,16,8,0,8,97.555,2.308999999999997
2020,17,yas_marina,2020-12-13,True,False,False,False,False,leclerc,1997-10-16,Monegasque,ferrari,12,13,98,0,8,131,0,6,96.065,0.8189999999999884
2020,17,yas_marina,2020-12-13,True,False,False,False,False,vettel,1987-07-03,German,ferrari,13,14,33,0,13,131,0,6,96.631,1.384999999999991
2020,17,yas_marina,2020-12-13,True,False,False,False,False,russell,1998-02-15,British,williams,16,15,3,0,18,0,0,10,98.045,2.7989999999999924
2020,17,yas_marina,2020-12-13,True,False,False,False,False,giovinazzi,1993-12-14,Italian,alfa,14,16,4,0,17,8,0,8,98.248,3.001999999999981
2020,17,yas_marina,2020-12-13,True,False,False,False,False,latifi,1995-06-29,Canadian,williams,18,17,0,0,21,0,0,10,98.443,3.1969999999999885
2020,17,yas_marina,2020-12-13,True,False,False,False,False,kevin_magnussen,1992-10-05,Danish,haas,20,18,1,0,20,3,0,9,97.863,0.0
2020,17,yas_marina,2020-12-13,True,False,False,False,False,pietro_fittipaldi,1996-06-25,Brazilian,haas,17,19,0,0,23,3,0,9,98.173,2.9269999999999925
2021,1,bahrain,2021-03-28,False,False,False,False,False,hamilton,1985-01-07,British,mercedes,2,1,25,1,1,41,1,1,89.385,0.3880000000000052
2021,1,bahrain,2021-03-28,False,False,False,False,False,max_verstappen,1997-09-30,Dutch,red_bull,1,2,18,0,2,28,0,2,88.997,0.0
2021,1,bahrain,2021-03-28,False,False,False,False,False,bottas,1989-08-28,Finnish,mercedes,3,3,16,0,3,41,1,1,89.586,0.5889999999999986
2021,1,bahrain,2021-03-28,False,False,False,False,False,norris,1999-11-13,British,mclaren,7,4,12,0,4,18,0,3,89.974,0.977000000000004
2021,1,bahrain,2021-03-28,False,False,False,False,False,leclerc,1997-10-16,Monegasque,ferrari,4,6,8,0,6,12,0,4,89.678,0.6809999999999974
2021,1,bahrain,2021-03-28,False,False,False,False,False,ricciardo,1989-07-01,Australian,mclaren,6,7,6,0,7,18,0,3,89.92699999999999,0.9299999999999926
2021,1,bahrain,2021-03-28,False,False,False,False,False,sainz,1994-09-01,Spanish,ferrari,8,8,4,0,8,12,0,4,90.215,1.2180000000000035
2021,1,bahrain,2021-03-28,False,False,False,False,False,tsunoda,2000-05-11,Japanese,alphatauri,13,9,2,0,9,2,0,5,91.203,2.206000000000003
2021,1,bahrain,2021-03-28,False,False,False,False,False,stroll,1998-10-29,Canadian,aston_martin,10,10,1,0,10,1,0,6,90.601,1.6039999999999992
2021,1,bahrain,2021-03-28,False,False,False,False,False,raikkonen,1979-10-17,Finnish,alfa,14,11,0,0,11,0,0,7,91.238,2.241
2021,1,bahrain,2021-03-28,False,False,False,False,False,giovinazzi,1993-12-14,Italian,alfa,12,12,0,0,12,0,0,7,90.708,1.7109999999999983
2021,1,bahrain,2021-03-28,False,False,False,False,False,ocon,1996-09-17,French,alpine,16,13,0,0,13,0,0,8,91.724,2.727000000000004
2021,1,bahrain,2021-03-28,False,False,False,False,False,russell,1998-02-15,British,williams,15,14,0,0,14,0,0,9,93.43,4.433000000000007
2021,1,bahrain,2021-03-28,False,False,False,False,False,vettel,1987-07-03,German,aston_martin,20,15,0,0,15,1,0,6,92.056,3.058999999999997
2021,1,bahrain,2021-03-28,False,False,False,False,False,mick_schumacher,1999-03-22,German,haas,18,16,0,0,16,0,0,10,92.449,3.451999999999998
2021,1,bahrain,2021-03-28,False,False,False,False,False,gasly,1996-02-07,French,alphatauri,5,17,0,0,17,2,0,5,89.809,0.8119999999999976
2021,1,bahrain,2021-03-28,False,False,False,False,False,latifi,1995-06-29,Canadian,williams,17,18,0,0,18,0,0,9,91.936,2.939000000000007
2021,1,bahrain,2021-03-28,False,False,False,False,False,alonso,1981-07-29,Spanish,alpine,9,19,0,0,19,0,0,8,90.249,1.2519999999999951
2021,1,bahrain,2021-03-28,False,False,False,False,False,mazepin,1999-03-02,Russian,haas,19,20,0,0,20,0,0,10,93.273,4.275999999999996
2021,2,imola,2021-04-18,False,False,False,True,False,max_verstappen,1997-09-30,Dutch,red_bull,3,1,43,1,2,53,1,2,74.498,0.0870000000000033
2021,2,imola,2021-04-18,False,False,False,True,False,hamilton,1985-01-07,British,mercedes,1,2,44,1,1,60,1,1,74.411,0.0
2021,2,imola,2021-04-18,False,False,False,True,False,norris,1999-11-13,British,mclaren,7,3,27,0,3,41,0,3,74.875,0.4639999999999986
2021,2,imola,2021-04-18,False,False,False,True,False,leclerc,1997-10-16,Monegasque,ferrari,4,4,20,0,4,34,0,4,74.74,0.3289999999999935
2021,2,imola,2021-04-18,False,False,False,True,False,sainz,1994-09-01,Spanish,ferrari,11,5,14,0,6,34,0,4,75.199,0.0
2021,2,imola,2021-04-18,False,False,False,True,False,ricciardo,1989-07-01,Australian,mclaren,6,6,14,0,7,41,0,3,74.826,0.414999999999992
2021,2,imola,2021-04-18,False,False,False,True,False,gasly,1996-02-07,French,alphatauri,5,7,6,0,9,8,0,5,74.78999999999999,0.3789999999999907
2021,2,imola,2021-04-18,False,False,False,True,False,ocon,1996-09-17,French,alpine,9,9,2,0,12,3,0,7,75.21000000000001,0.7990000000000066
2021,2,imola,2021-04-18,False,False,False,True,False,alonso,1981-07-29,Spanish,alpine,15,10,1,0,13,3,0,7,75.593,1.193000000000012
2021,2,imola,2021-04-18,False,False,False,True,False,perez,1990-01-26,Mexican,red_bull,2,11,10,0,8,53,1,2,74.446,0.0349999999999965
2021,2,imola,2021-04-18,False,False,False,True,False,raikkonen,1979-10-17,Finnish,alfa,16,13,0,0,14,0,0,8,75.974,1.5740000000000125
2021,2,imola,2021-04-18,False,False,False,True,False,giovinazzi,1993-12-14,Italian,alfa,17,14,0,0,15,0,0,8,76.122,1.7220000000000084
2021,2,imola,2021-04-18,False,False,False,True,False,mick_schumacher,1999-03-22,German,haas,18,16,0,0,18,0,0,10,76.279,1.8790000000000049
2021,2,imola,2021-04-18,False,False,False,True,False,mazepin,1999-03-02,Russian,haas,19,17,0,0,19,0,0,10,76.797,2.3970000000000056
2021,2,imola,2021-04-18,False,False,False,True,False,bottas,1989-08-28,Finnish,mercedes,8,18,16,0,5,60,1,1,74.898,0.4869999999999947
2021,2,imola,2021-04-18,False,False,False,True,False,russell,1998-02-15,British,williams,12,19,0,0,16,0,0,9,75.261,0.8610000000000042
2021,2,imola,2021-04-18,False,False,False,True,False,latifi,1995-06-29,Canadian,williams,14,20,0,0,20,0,0,9,75.593,1.193000000000012
2021,3,portimao,2021-05-02,False,False,False,False,False,hamilton,1985-01-07,British,mercedes,2,1,69,2,1,101,2,1,78.355,0.007000000000005
2021,3,portimao,2021-05-02,False,False,False,False,False,max_verstappen,1997-09-30,Dutch,red_bull,3,2,61,1,2,83,1,2,78.746,0.3979999999999961
2021,3,portimao,2021-05-02,False,False,False,False,False,bottas,1989-08-28,Finnish,mercedes,1,3,32,0,4,101,2,1,78.348,0.0
2021,3,portimao,2021-05-02,False,False,False,False,False,perez,1990-01-26,Mexican,red_bull,4,4,22,0,6,83,1,2,78.89,0.5420000000000016
2021,3,portimao,2021-05-02,False,False,False,False,False,norris,1999-11-13,British,mclaren,7,5,37,0,3,53,0,3,79.116,0.7680000000000007
2021,3,portimao,2021-05-02,False,False,False,False,False,leclerc,1997-10-16,Monegasque,ferrari,8,6,28,0,5,42,0,4,79.306,0.9579999999999984
2021,3,portimao,2021-05-02,False,False,False,False,False,ocon,1996-09-17,French,alpine,6,7,8,0,9,13,0,5,79.042,0.6940000000000026
2021,3,portimao,2021-05-02,False,False,False,False,False,alonso,1981-07-29,Spanish,alpine,13,8,5,0,12,13,0,5,79.456,1.108000000000004
2021,3,portimao,2021-05-02,False,False,False,False,False,ricciardo,1989-07-01,Australian,mclaren,16,9,16,0,7,53,0,3,79.839,1.4909999999999997
2021,3,portimao,2021-05-02,False,False,False,False,False,gasly,1996-02-07,French,alphatauri,9,10,7,0,10,9,0,6,79.475,1.1269999999999951
2021,3,portimao,2021-05-02,False,False,False,False,False,sainz,1994-09-01,Spanish,ferrari,5,11,14,0,8,42,0,4,79.039,0.6910000000000025
2021,3,portimao,2021-05-02,False,False,False,False,False,giovinazzi,1993-12-14,Italian,alfa,12,12,0,0,15,0,0,8,79.21600000000001,0.8680000000000092
2021,3,portimao,2021-05-02,False,False,False,False,False,vettel,1987-07-03,German,aston_martin,10,13,0,0,16,5,0,7,79.65899999999999,1.3109999999999928
2021,3,portimao,2021-05-02,False,False,False,False,False,stroll,1998-10-29,Canadian,aston_martin,17,14,5,0,11,5,0,7,79.913,1.5649999999999975
2021,3,portimao,2021-05-02,False,False,False,False,False,tsunoda,2000-05-11,Japanese,alphatauri,14,15,2,0,13,9,0,6,79.463,1.1149999999999949
2021,3,portimao,2021-05-02,False,False,False,False,False,russell,1998-02-15,British,williams,11,16,0,0,17,0,0,9,79.10900000000001,0.7610000000000099
2021,3,portimao,2021-05-02,False,False,False,False,False,mick_schumacher,1999-03-22,German,haas,19,17,0,0,18,0,0,10,80.452,2.103999999999999
2021,3,portimao,2021-05-02,False,False,False,False,False,latifi,1995-06-29,Canadian,williams,18,18,0,0,20,0,0,9,80.285,1.9369999999999976
2021,3,portimao,2021-05-02,False,False,False,False,False,mazepin,1999-03-02,Russian,haas,20,19,0,0,19,0,0,10,80.912,2.564000000000007
2021,3,portimao,2021-05-02,False,False,False,False,False,raikkonen,1979-10-17,Finnish,alfa,15,20,0,0,14,0,0,8,79.812,1.4639999999999986
2021,4,catalunya,2021-05-09,False,False,False,False,True,hamilton,1985-01-07,British,mercedes,1,1,94,3,1,141,3,1,76.741,0.0
2021,4,catalunya,2021-05-09,False,False,False,False,True,max_verstappen,1997-09-30,Dutch,red_bull,2,2,80,1,2,112,1,2,76.777,0.0360000000000013
2021,4,catalunya,2021-05-09,False,False,False,False,True,bottas,1989-08-28,Finnish,mercedes,3,3,47,0,3,141,3,1,76.873,0.132000000000005
2021,4,catalunya,2021-05-09,False,False,False,False,True,leclerc,1997-10-16,Monegasque,ferrari,4,4,40,0,5,60,0,4,77.51,0.7690000000000055
2021,4,catalunya,2021-05-09,False,False,False,False,True,perez,1990-01-26,Mexican,red_bull,8,5,32,0,6,112,1,2,77.701,0.9599999999999936
2021,4,catalunya,2021-05-09,False,False,False,False,True,ricciardo,1989-07-01,Australian,mclaren,7,6,24,0,7,65,0,3,77.622,0.8810000000000002
2021,4,catalunya,2021-05-09,False,False,False,False,True,sainz,1994-09-01,Spanish,ferrari,6,7,20,0,8,60,0,4,77.62,0.8790000000000049
2021,4,catalunya,2021-05-09,False,False,False,False,True,norris,1999-11-13,British,mclaren,9,8,41,0,4,65,0,3,78.01,1.2690000000000057
2021,4,catalunya,2021-05-09,False,False,False,False,True,ocon,1996-09-17,French,alpine,5,9,10,0,9,15,0,5,77.58,0.8389999999999986
2021,4,catalunya,2021-05-09,False,False,False,False,True,gasly,1996-02-07,French,alphatauri,12,10,8,0,10,10,0,6,77.982,1.2409999999999997
2021,4,catalunya,2021-05-09,False,False,False,False,True,stroll,1998-10-29,Canadian,aston_martin,11,11,5,0,11,5,0,7,77.974,1.233000000000004
2021,4,catalunya,2021-05-09,False,False,False,False,True,raikkonen,1979-10-17,Finnish,alfa,17,12,0,0,14,0,0,8,78.917,2.176000000000002
2021,4,catalunya,2021-05-09,False,False,False,False,True,vettel,1987-07-03,German,aston_martin,13,13,0,0,16,5,0,7,78.07900000000001,1.338000000000008
2021,4,catalunya,2021-05-09,False,False,False,False,True,russell,1998-02-15,British,williams,15,14,0,0,17,0,0,9,79.154,2.4129999999999967
2021,4,catalunya,2021-05-09,False,False,False,False,True,giovinazzi,1993-12-14,Italian,alfa,14,15,0,0,15,0,0,8,78.356,1.6149999999999949
2021,4,catalunya,2021-05-09,False,False,False,False,True,latifi,1995-06-29,Canadian,williams,19,16,0,0,19,0,0,9,79.219,2.4779999999999944
2021,4,catalunya,2021-05-09,False,False,False,False,True,alonso,1981-07-29,Spanish,alpine,10,17,5,0,12,15,0,5,78.14699999999999,1.4059999999999917
2021,4,catalunya,2021-05-09,False,False,False,False,True,mick_schumacher,1999-03-22,German,haas,18,18,0,0,18,0,0,10,79.117,2.3760000000000048
2021,4,catalunya,2021-05-09,False,False,False,False,True,mazepin,1999-03-02,Russian,haas,20,19,0,0,20,0,0,10,79.807,3.0660000000000025
2021,4,catalunya,2021-05-09,False,False,False,False,True,tsunoda,2000-05-11,Japanese,alphatauri,16,20,2,0,13,10,0,6,78.556,1.8149999999999975
2021,5,monaco,2021-05-23,True,False,False,False,False,max_verstappen,1997-09-30,Dutch,red_bull,2,1,105,2,1,149,2,1,70.576,0.2299999999999897
2021,5,monaco,2021-05-23,True,False,False,False,False,sainz,1994-09-01,Spanish,ferrari,4,2,38,0,7,78,0,4,70.611,0.2650000000000005
2021,5,monaco,2021-05-23,True,False,False,False,False,norris,1999-11-13,British,mclaren,5,3,56,0,3,80,0,3,70.62,0.2740000000000009
2021,5,monaco,2021-05-23,True,False,False,False,False,perez,1990-01-26,Mexican,red_bull,9,4,44,0,5,149,2,1,71.57300000000001,1.227000000000004
2021,5,monaco,2021-05-23,True,False,False,False,False,vettel,1987-07-03,German,aston_martin,8,5,10,0,11,19,0,5,71.419,1.0729999999999933
2021,5,monaco,2021-05-23,True,False,False,False,False,gasly,1996-02-07,French,alphatauri,6,6,16,0,9,18,0,6,70.9,0.554000000000002
2021,5,monaco,2021-05-23,True,False,False,False,False,hamilton,1985-01-07,British,mercedes,7,7,101,3,2,148,3,2,71.095,0.7489999999999952
2021,5,monaco,2021-05-23,True,False,False,False,False,stroll,1998-10-29,Canadian,aston_martin,13,8,9,0,12,19,0,5,71.6,1.253999999999991
2021,5,monaco,2021-05-23,True,False,False,False,False,ocon,1996-09-17,French,alpine,11,9,12,0,10,17,0,7,71.486,1.1400000000000006
2021,5,monaco,2021-05-23,True,False,False,False,False,giovinazzi,1993-12-14,Italian,alfa,10,10,1,0,15,1,0,8,71.779,1.4329999999999927
2021,5,monaco,2021-05-23,True,False,False,False,False,raikkonen,1979-10-17,Finnish,alfa,14,11,0,0,16,1,0,8,71.642,1.2959999999999925
2021,5,monaco,2021-05-23,True,False,False,False,False,ricciardo,1989-07-01,Australian,mclaren,12,12,24,0,8,80,0,3,71.598,1.2519999999999951
2021,5,monaco,2021-05-23,True,False,False,False,False,alonso,1981-07-29,Spanish,alpine,17,13,5,0,13,17,0,7,72.205,1.8589999999999949
2021,5,monaco,2021-05-23,True,False,False,False,False,russell,1998-02-15,British,williams,15,14,0,0,17,0,0,9,71.83,1.4839999999999949
2021,5,monaco,2021-05-23,True,False,False,False,False,latifi,1995-06-29,Canadian,williams,18,15,0,0,18,0,0,9,72.366,2.019999999999996
2021,5,monaco,2021-05-23,True,False,False,False,False,tsunoda,2000-05-11,Japanese,alphatauri,16,16,2,0,14,18,0,6,72.096,1.75
2021,5,monaco,2021-05-23,True,False,False,False,False,mazepin,1999-03-02,Russian,haas,19,17,0,0,20,0,0,10,72.958,2.6119999999999948
2021,5,monaco,2021-05-23,True,False,False,False,False,bottas,1989-08-28,Finnish,mercedes,3,19,47,0,4,148,3,2,70.601,0.2549999999999954
2021,5,monaco,2021-05-23,True,False,False,False,False,leclerc,1997-10-16,Monegasque,ferrari,1,20,40,0,6,78,0,4,70.346,0.0
2021,6,baku,2021-06-06,True,False,False,False,False,perez,1990-01-26,Mexican,red_bull,6,1,69,1,3,174,3,1,101.917,0.6989999999999981
2021,6,baku,2021-06-06,True,False,False,False,False,vettel,1987-07-03,German,aston_martin,11,2,28,0,9,37,0,6,102.224,1.005999999999986
2021,6,baku,2021-06-06,True,False,False,False,False,gasly,1996-02-07,French,alphatauri,4,3,31,0,8,39,0,5,101.565,0.3469999999999942
2021,6,baku,2021-06-06,True,False,False,False,False,leclerc,1997-10-16,Monegasque,ferrari,1,4,52,0,5,94,0,3,101.218,0.0
2021,6,baku,2021-06-06,True,False,False,False,False,norris,1999-11-13,British,mclaren,9,5,66,0,4,92,0,4,101.747,0.5289999999999964
2021,6,baku,2021-06-06,True,False,False,False,False,alonso,1981-07-29,Spanish,alpine,8,6,13,0,11,25,0,7,102.327,1.1089999999999949
2021,6,baku,2021-06-06,True,False,False,False,False,tsunoda,2000-05-11,Japanese,alphatauri,7,7,8,0,14,39,0,5,102.211,0.992999999999995
2021,6,baku,2021-06-06,True,False,False,False,False,sainz,1994-09-01,Spanish,ferrari,5,8,42,0,7,94,0,3,101.576,0.3579999999999899
2021,6,baku,2021-06-06,True,False,False,False,False,ricciardo,1989-07-01,Australian,mclaren,13,9,26,0,10,92,0,4,102.558,1.3399999999999892
2021,6,baku,2021-06-06,True,False,False,False,False,raikkonen,1979-10-17,Finnish,alfa,14,10,1,0,15,2,0,8,102.587,1.3689999999999998
2021,6,baku,2021-06-06,True,False,False,False,False,bottas,1989-08-28,Finnish,mercedes,10,12,47,0,6,148,3,2,102.659,1.4409999999999883
2021,6,baku,2021-06-06,True,False,False,False,False,mick_schumacher,1999-03-22,German,haas,17,13,0,0,17,0,0,9,104.158,2.9399999999999977
2021,6,baku,2021-06-06,True,False,False,False,False,mazepin,1999-03-02,Russian,haas,18,14,0,0,19,0,0,9,104.238,3.019999999999996
2021,6,baku,2021-06-06,True,False,False,False,False,hamilton,1985-01-07,British,mercedes,2,15,101,3,2,148,3,2,101.45,0.2319999999999993
2021,6,baku,2021-06-06,True,False,False,False,False,latifi,1995-06-29,Canadian,williams,16,16,0,0,20,0,0,10,103.128,1.9099999999999968
2021,6,baku,2021-06-06,True,False,False,False,False,russell,1998-02-15,British,williams,15,17,0,0,18,0,0,10,102.758,1.5400000000000065
2021,6,baku,2021-06-06,True,False,False,False,False,max_verstappen,1997-09-30,Dutch,red_bull,3,18,105,2,1,174,3,1,101.563,0.3449999999999988
2021,6,baku,2021-06-06,True,False,False,False,False,ocon,1996-09-17,French,alpine,12,20,12,0,12,25,0,7,102.273,1.0549999999999926
2021,7,ricard,2021-06-20,False,False,False,False,False,max_verstappen,1997-09-30,Dutch,red_bull,1,1,131,3,1,215,4,1,89.99,0.0
2021,7,ricard,2021-06-20,False,False,False,False,False,hamilton,1985-01-07,British,mercedes,2,2,119,3,2,178,3,2,90.248,0.2580000000000098
2021,7,ricard,2021-06-20,False,False,False,False,False,perez,1990-01-26,Mexican,red_bull,4,3,84,1,3,215,4,1,90.445,0.4549999999999983
2021,7,ricard,2021-06-20,False,False,False,False,False,bottas,1989-08-28,Finnish,mercedes,3,4,59,0,5,178,3,2,90.376,0.3860000000000099
2021,7,ricard,2021-06-20,False,False,False,False,False,norris,1999-11-13,British,mclaren,8,5,76,0,4,110,0,3,91.252,1.2620000000000005
2021,7,ricard,2021-06-20,False,False,False,False,False,ricciardo,1989-07-01,Australian,mclaren,10,6,34,0,9,110,0,3,91.382,1.39200000000001
2021,7,ricard,2021-06-20,False,False,False,False,False,gasly,1996-02-07,French,alphatauri,6,7,37,0,8,45,0,5,90.868,0.8780000000000001
2021,7,ricard,2021-06-20,False,False,False,False,False,alonso,1981-07-29,Spanish,alpine,9,8,17,0,11,29,0,7,91.34,1.3500000000000083
2021,7,ricard,2021-06-20,False,False,False,False,False,vettel,1987-07-03,German,aston_martin,12,9,30,0,10,40,0,6,91.767,1.777000000000001
2021,7,ricard,2021-06-20,False,False,False,False,False,stroll,1998-10-29,Canadian,aston_martin,19,10,10,0,13,40,0,6,132.584,41.59700000000001
2021,7,ricard,2021-06-20,False,False,False,False,False,sainz,1994-09-01,Spanish,ferrari,5,11,42,0,7,94,0,4,90.84,0.8500000000000085
2021,7,ricard,2021-06-20,False,False,False,False,False,russell,1998-02-15,British,williams,14,12,0,0,17,0,0,9,92.065,2.075000000000003
2021,7,ricard,2021-06-20,False,False,False,False,False,ocon,1996-09-17,French,alpine,11,14,12,0,12,29,0,7,91.736,1.746000000000009
2021,7,ricard,2021-06-20,False,False,False,False,False,giovinazzi,1993-12-14,Italian,alfa,13,15,1,0,16,2,0,8,91.813,1.8230000000000075
2021,7,ricard,2021-06-20,False,False,False,False,False,leclerc,1997-10-16,Monegasque,ferrari,7,16,52,0,6,94,0,4,90.987,0.997
2021,7,ricard,2021-06-20,False,False,False,False,False,raikkonen,1979-10-17,Finnish,alfa,17,17,1,0,15,2,0,8,93.354,2.3670000000000044
2021,7,ricard,2021-06-20,False,False,False,False,False,latifi,1995-06-29,Canadian,williams,16,18,0,0,20,0,0,9,93.062,0.0
2021,7,ricard,2021-06-20,False,False,False,False,False,mazepin,1999-03-02,Russian,haas,18,20,0,0,19,0,0,10,93.554,2.5670000000000077
2021,8,red_bull_ring,2021-06-27,False,False,False,False,False,max_verstappen,1997-09-30,Dutch,red_bull,1,1,156,4,1,252,5,1,63.841,0.0
2021,8,red_bull_ring,2021-06-27,False,False,False,False,False,hamilton,1985-01-07,British,mercedes,2,2,138,3,2,212,3,2,64.06700000000001,0.2260000000000062
2021,8,red_bull_ring,2021-06-27,False,False,False,False,False,bottas,1989-08-28,Finnish,mercedes,5,3,74,0,5,212,3,2,64.035,0.1939999999999955
2021,8,red_bull_ring,2021-06-27,False,False,False,False,False,perez,1990-01-26,Mexican,red_bull,4,4,96,1,3,252,5,1,64.168,0.3270000000000053
2021,8,red_bull_ring,2021-06-27,False,False,False,False,False,norris,1999-11-13,British,mclaren,3,5,86,0,4,120,0,3,64.12,0.2790000000000034
2021,8,red_bull_ring,2021-06-27,False,False,False,False,False,sainz,1994-09-01,Spanish,ferrari,12,6,50,0,7,108,0,4,64.8,0.958999999999996
2021,8,red_bull_ring,2021-06-27,False,False,False,False,False,leclerc,1997-10-16,Monegasque,ferrari,7,7,58,0,6,108,0,4,64.472,0.6309999999999931
2021,8,red_bull_ring,2021-06-27,False,False,False,False,False,stroll,1998-10-29,Canadian,aston_martin,9,8,14,0,12,44,0,6,64.708,0.8669999999999973
2021,8,red_bull_ring,2021-06-27,False,False,False,False,False,alonso,1981-07-29,Spanish,alpine,8,9,19,0,11,31,0,7,64.574,0.732999999999997
2021,8,red_bull_ring,2021-06-27,False,False,False,False,False,tsunoda,2000-05-11,Japanese,alphatauri,11,10,9,0,14,46,0,5,64.514,0.6729999999999947
2021,8,red_bull_ring,2021-06-27,False,False,False,False,False,raikkonen,1979-10-17,Finnish,alfa,18,11,1,0,15,2,0,8,65.429,1.588000000000001
2021,8,red_bull_ring,2021-06-27,False,False,False,False,False,vettel,1987-07-03,German,aston_martin,14,12,30,0,10,44,0,6,64.875,1.033999999999999
2021,8,red_bull_ring,2021-06-27,False,False,False,False,False,ricciardo,1989-07-01,Australian,mclaren,13,13,34,0,9,120,0,3,64.80799999999999,0.9669999999999916
2021,8,red_bull_ring,2021-06-27,False,False,False,False,False,ocon,1996-09-17,French,alpine,17,14,12,0,13,31,0,7,65.217,1.3759999999999977
2021,8,red_bull_ring,2021-06-27,False,False,False,False,False,giovinazzi,1993-12-14,Italian,alfa,15,15,1,0,16,2,0,8,64.913,1.0719999999999956
2021,8,red_bull_ring,2021-06-27,False,False,False,False,False,mick_schumacher,1999-03-22,German,haas,19,16,0,0,18,0,0,10,66.041,2.199999999999996
2021,8,red_bull_ring,2021-06-27,False,False,False,False,False,latifi,1995-06-29,Canadian,williams,16,17,0,0,20,0,0,9,65.175,1.333999999999996
2021,8,red_bull_ring,2021-06-27,False,False,False,False,False,mazepin,1999-03-02,Russian,haas,20,18,0,0,19,0,0,10,66.19200000000001,2.351000000000006
2021,8,red_bull_ring,2021-06-27,False,False,False,False,False,russell,1998-02-15,British,williams,10,19,0,0,17,0,0,9,64.671,0.8300000000000054
2021,8,red_bull_ring,2021-06-27,False,False,False,False,False,gasly,1996-02-07,French,alphatauri,6,20,37,0,8,46,0,5,64.236,0.3950000000000031
2021,9,red_bull_ring,2021-07-04,False,False,False,False,True,max_verstappen,1997-09-30,Dutch,red_bull,1,1,182,5,1,286,6,1,63.72,0.0
2021,9,red_bull_ring,2021-07-04,False,False,False,False,True,bottas,1989-08-28,Finnish,mercedes,5,2,92,0,5,242,3,2,64.049,0.3290000000000077
2021,9,red_bull_ring,2021-07-04,False,False,False,False,True,norris,1999-11-13,British,mclaren,2,3,101,0,4,141,0,3,63.768,0.0480000000000018
2021,9,red_bull_ring,2021-07-04,False,False,False,False,True,hamilton,1985-01-07,British,mercedes,4,4,150,3,2,242,3,2,64.014,0.2939999999999969
2021,9,red_bull_ring,2021-07-04,False,False,False,False,True,sainz,1994-09-01,Spanish,ferrari,10,5,60,0,7,122,0,4,64.559,0.8389999999999986
2021,9,red_bull_ring,2021-07-04,False,False,False,False,True,perez,1990-01-26,Mexican,red_bull,3,6,104,1,3,286,6,1,63.99,0.2700000000000031
2021,9,red_bull_ring,2021-07-04,False,False,False,False,True,ricciardo,1989-07-01,Australian,mclaren,13,7,40,0,8,141,0,3,64.719,0.9989999999999952
2021,9,red_bull_ring,2021-07-04,False,False,False,False,True,leclerc,1997-10-16,Monegasque,ferrari,12,8,62,0,6,122,0,4,64.6,0.8799999999999955
2021,9,red_bull_ring,2021-07-04,False,False,False,False,True,gasly,1996-02-07,French,alphatauri,6,9,39,0,9,48,0,5,64.107,0.3870000000000004
2021,9,red_bull_ring,2021-07-04,False,False,False,False,True,alonso,1981-07-29,Spanish,alpine,14,10,20,0,11,32,0,7,64.856,1.1359999999999957
2021,9,red_bull_ring,2021-07-04,False,False,False,False,True,russell,1998-02-15,British,williams,8,11,0,0,17,0,0,9,64.591,0.8709999999999951
2021,9,red_bull_ring,2021-07-04,False,False,False,False,True,tsunoda,2000-05-11,Japanese,alphatauri,7,12,9,0,14,48,0,5,64.273,0.5529999999999973
2021,9,red_bull_ring,2021-07-04,False,False,False,False,True,stroll,1998-10-29,Canadian,aston_martin,9,13,14,0,12,44,0,6,64.618,0.8979999999999961
2021,9,red_bull_ring,2021-07-04,False,False,False,False,True,giovinazzi,1993-12-14,Italian,alfa,15,14,1,0,16,2,0,8,65.083,1.3629999999999995
2021,9,red_bull_ring,2021-07-04,False,False,False,False,True,raikkonen,1979-10-17,Finnish,alfa,16,15,1,0,15,2,0,8,65.009,1.2890000000000017
2021,9,red_bull_ring,2021-07-04,False,False,False,False,True,latifi,1995-06-29,Canadian,williams,18,16,0,0,20,0,0,9,65.195,1.4749999999999943
2021,9,red_bull_ring,2021-07-04,False,False,False,False,True,vettel,1987-07-03,German,aston_martin,11,17,30,0,10,44,0,6,64.57,0.8499999999999943
2021,9,red_bull_ring,2021-07-04,False,False,False,False,True,mick_schumacher,1999-03-22,German,haas,19,18,0,0,18,0,0,10,65.42699999999999,1.7069999999999936
2021,9,red_bull_ring,2021-07-04,False,False,False,False,True,mazepin,1999-03-02,Russian,haas,20,19,0,0,19,0,0,10,65.951,2.2309999999999945
2021,9,red_bull_ring,2021-07-04,False,False,False,False,True,ocon,1996-09-17,French,alpine,17,20,12,0,13,32,0,7,65.051,1.331000000000003
2021,11,hungaroring,2021-08-01,False,False,False,True,False,ocon,1996-09-17,French,alpine,8,1,39,1,10,77,1,5,76.65299999999999,1.2339999999999949
2021,11,hungaroring,2021-08-01,False,False,False,True,False,hamilton,1985-01-07,British,mercedes,1,2,195,4,1,303,4,1,75.419,0.0
2021,11,hungaroring,2021-08-01,False,False,False,True,False,alonso,1981-07-29,Spanish,alpine,9,4,38,0,11,77,1,5,76.715,1.2960000000000065
2021,11,hungaroring,2021-08-01,False,False,False,True,False,gasly,1996-02-07,French,alphatauri,5,5,50,0,8,68,0,6,76.483,1.0640000000000072
2021,11,hungaroring,2021-08-01,False,False,False,True,False,tsunoda,2000-05-11,Japanese,alphatauri,16,6,18,0,13,68,0,6,77.919,0.0
2021,11,hungaroring,2021-08-01,False,False,False,True,False,latifi,1995-06-29,Canadian,williams,18,7,6,0,15,10,0,8,78.036,2.281000000000006
2021,11,hungaroring,2021-08-01,False,False,False,True,False,russell,1998-02-15,British,williams,17,8,4,0,16,10,0,8,77.944,2.189000000000007
2021,11,hungaroring,2021-08-01,False,False,False,True,False,max_verstappen,1997-09-30,Dutch,red_bull,3,9,187,5,2,291,6,2,75.84,0.4210000000000065
2021,11,hungaroring,2021-08-01,False,False,False,True,False,raikkonen,1979-10-17,Finnish,alfa,13,10,2,0,17,3,0,9,77.564,2.144999999999996
2021,11,hungaroring,2021-08-01,False,False,False,True,False,ricciardo,1989-07-01,Australian,mclaren,11,11,50,0,9,163,0,4,76.871,1.4519999999999982
2021,11,hungaroring,2021-08-01,False,False,False,True,False,mazepin,1999-03-02,Russian,haas,19,14,0,0,20,0,0,10,78.922,3.1670000000000016
2021,11,hungaroring,2021-08-01,False,False,False,True,False,norris,1999-11-13,British,mclaren,6,15,113,0,3,163,0,4,76.489,1.0700000000000074
2021,11,hungaroring,2021-08-01,False,False,False,True,False,bottas,1989-08-28,Finnish,mercedes,2,16,108,0,4,303,4,1,75.734,0.3149999999999977
2021,11,hungaroring,2021-08-01,False,False,False,True,False,perez,1990-01-26,Mexican,red_bull,4,17,104,1,5,291,6,2,76.42099999999999,1.0019999999999951
2021,11,hungaroring,2021-08-01,False,False,False,True,False,leclerc,1997-10-16,Monegasque,ferrari,7,18,80,0,7,163,0,3,76.496,1.0769999999999982
2021,11,hungaroring,2021-08-01,False,False,False,True,False,stroll,1998-10-29,Canadian,aston_martin,12,19,18,0,14,48,0,7,76.893,1.4740000000000038
2021,11,hungaroring,2021-08-01,False,False,False,True,False,vettel,1987-07-03,German,aston_martin,10,20,30,0,12,48,0,7,76.75,1.331000000000003
2021,12,spa,2021-08-29,False,False,False,True,False,max_verstappen,1997-09-30,Dutch,red_bull,1,1,199,6,2,303,7,2,119.765,0.0
2021,12,spa,2021-08-29,False,False,False,True,False,russell,1998-02-15,British,williams,2,2,13,0,15,20,0,8,120.086,0.3209999999999979
2021,12,spa,2021-08-29,False,False,False,True,False,hamilton,1985-01-07,British,mercedes,3,3,202,4,1,310,4,1,120.099,0.3340000000000032
2021,12,spa,2021-08-29,False,False,False,True,False,ricciardo,1989-07-01,Australian,mclaren,4,4,56,0,8,169,0,3,120.864,1.0990000000000038
2021,12,spa,2021-08-29,False,False,False,True,False,vettel,1987-07-03,German,aston_martin,5,5,35,0,12,53,0,7,120.935,1.1700000000000017
2021,12,spa,2021-08-29,False,False,False,True,False,gasly,1996-02-07,French,alphatauri,6,6,54,0,9,72,0,6,121.164,1.399000000000001
2021,12,spa,2021-08-29,False,False,False,True,False,ocon,1996-09-17,French,alpine,8,7,42,1,10,80,1,5,123.513,3.7480000000000047
2021,12,spa,2021-08-29,False,False,False,True,False,leclerc,1997-10-16,Monegasque,ferrari,9,8,82,0,7,165,0,4,117.721,-2.043999999999997
2021,12,spa,2021-08-29,False,False,False,True,False,latifi,1995-06-29,Canadian,williams,10,9,7,0,16,20,0,8,118.056,-1.7090000000000032
2021,12,spa,2021-08-29,False,False,False,True,False,sainz,1994-09-01,Spanish,ferrari,11,10,83,0,6,165,0,4,118.137,-1.628
2021,12,spa,2021-08-29,False,False,False,True,False,alonso,1981-07-29,Spanish,alpine,12,11,38,0,11,80,1,5,118.205,-1.5600000000000025
2021,12,spa,2021-08-29,False,False,False,True,False,bottas,1989-08-28,Finnish,mercedes,13,12,108,0,4,310,4,1,122.502,2.7369999999999948
2021,12,spa,2021-08-29,False,False,False,True,False,giovinazzi,1993-12-14,Italian,alfa,14,13,1,0,18,3,0,9,122.306,2.540999999999997
2021,12,spa,2021-08-29,False,False,False,True,False,tsunoda,2000-05-11,Japanese,alphatauri,16,15,18,0,13,72,0,6,122.413,0.0
2021,12,spa,2021-08-29,False,False,False,True,False,mick_schumacher,1999-03-22,German,haas,17,16,0,0,19,0,0,10,123.973,4.100999999999999
2021,12,spa,2021-08-29,False,False,False,True,False,mazepin,1999-03-02,Russian,haas,18,17,0,0,20,0,0,10,124.939,5.066999999999993
2021,12,spa,2021-08-29,False,False,False,True,False,stroll,1998-10-29,Canadian,aston_martin,19,20,18,0,14,53,0,7,118.231,-1.6410000000000051
2021,13,zandvoort,2021-09-05,True,False,False,False,False,max_verstappen,1997-09-30,Dutch,red_bull,1,1,224,7,1,332,8,2,68.885,0.0
2021,13,zandvoort,2021-09-05,True,False,False,False,False,hamilton,1985-01-07,British,mercedes,2,2,221,4,2,344,4,1,68.923,0.0379999999999967
2021,13,zandvoort,2021-09-05,True,False,False,False,False,bottas,1989-08-28,Finnish,mercedes,3,3,123,0,3,344,4,1,69.222,0.3369999999999891
2021,13,zandvoort,2021-09-05,True,False,False,False,False,gasly,1996-02-07,French,alphatauri,4,4,66,0,8,84,0,6,69.478,0.5929999999999893
2021,13,zandvoort,2021-09-05,True,False,False,False,False,leclerc,1997-10-16,Monegasque,ferrari,5,5,92,0,6,181,0,3,69.527,0.6419999999999959
2021,13,zandvoort,2021-09-05,True,False,False,False,False,alonso,1981-07-29,Spanish,alpine,9,6,46,0,10,90,1,5,69.956,1.070999999999998
2021,13,zandvoort,2021-09-05,True,False,False,False,False,sainz,1994-09-01,Spanish,ferrari,6,7,89,0,7,181,0,3,69.537,0.652000000000001
2021,13,zandvoort,2021-09-05,True,False,False,False,False,ocon,1996-09-17,French,alpine,8,9,44,1,11,90,1,5,69.93299999999999,1.0479999999999876
2021,13,zandvoort,2021-09-05,True,False,False,False,False,norris,1999-11-13,British,mclaren,13,10,114,0,4,170,0,4,70.406,1.5210000000000008
2021,13,zandvoort,2021-09-05,True,False,False,False,False,ricciardo,1989-07-01,Australian,mclaren,10,11,56,0,9,170,0,4,70.166,1.2809999999999917
2021,13,zandvoort,2021-09-05,True,False,False,False,False,stroll,1998-10-29,Canadian,aston_martin,12,12,18,0,14,53,0,7,70.367,1.481999999999999
2021,13,zandvoort,2021-09-05,True,False,False,False,False,vettel,1987-07-03,German,aston_martin,15,13,35,0,12,53,0,7,70.731,1.8459999999999892
2021,13,zandvoort,2021-09-05,True,False,False,False,False,giovinazzi,1993-12-14,Italian,alfa,7,14,1,0,18,3,0,9,69.59,0.7049999999999983
2021,13,zandvoort,2021-09-05,True,False,False,False,False,kubica,1984-12-07,Polish,alfa,16,15,0,0,21,3,0,9,71.301,2.415999999999997
2021,13,zandvoort,2021-09-05,True,False,False,False,False,russell,1998-02-15,British,williams,11,17,13,0,15,20,0,8,70.332,1.4469999999999883
2021,13,zandvoort,2021-09-05,True,False,False,False,False,mick_schumacher,1999-03-22,German,haas,17,18,0,0,19,0,0,10,71.387,2.501999999999996
2021,13,zandvoort,2021-09-05,True,False,False,False,False,tsunoda,2000-05-11,Japanese,alphatauri,14,19,18,0,13,84,0,6,71.314,2.428999999999988
2021,13,zandvoort,2021-09-05,True,False,False,False,False,mazepin,1999-03-02,Russian,haas,18,20,0,0,20,0,0,10,71.875,2.989999999999995
2021,15,sochi,2021-09-26,False,False,False,True,True,hamilton,1985-01-07,British,mercedes,4,1,246,5,1,397,5,1,104.05,2.057000000000002
2021,15,sochi,2021-09-26,False,False,False,True,True,sainz,1994-09-01,Spanish,ferrari,2,3,112,0,6,216,0,4,102.51,0.5169999999999959
2021,15,sochi,2021-09-26,False,False,False,True,True,ricciardo,1989-07-01,Australian,mclaren,5,4,95,1,8,234,1,3,104.156,2.163000000000011
2021,15,sochi,2021-09-26,False,False,False,True,True,bottas,1989-08-28,Finnish,mercedes,16,5,151,0,3,397,5,1,104.71,2.717000000000013
2021,15,sochi,2021-09-26,False,False,False,True,True,alonso,1981-07-29,Spanish,alpine,6,6,58,0,10,103,1,5,104.204,2.2110000000000127
2021,15,sochi,2021-09-26,False,False,False,True,True,norris,1999-11-13,British,mclaren,1,7,139,0,4,234,1,3,101.993,0.0
2021,15,sochi,2021-09-26,False,False,False,True,True,raikkonen,1979-10-17,Finnish,alfa,13,8,6,0,17,7,0,9,109.586,7.5930000000000035
2021,15,sochi,2021-09-26,False,False,False,True,True,perez,1990-01-26,Mexican,red_bull,8,9,120,1,5,364,8,2,105.337,3.3440000000000083
2021,15,sochi,2021-09-26,False,False,False,True,True,russell,1998-02-15,British,williams,3,10,16,0,15,23,0,8,102.983,0.9900000000000092
2021,15,sochi,2021-09-26,False,False,False,True,True,stroll,1998-10-29,Canadian,aston_martin,7,11,24,0,13,59,0,7,104.956,2.963000000000008
2021,15,sochi,2021-09-26,False,False,False,True,True,vettel,1987-07-03,German,aston_martin,10,12,35,0,12,59,0,7,106.573,4.5800000000000125
2021,15,sochi,2021-09-26,False,False,False,True,True,gasly,1996-02-07,French,alphatauri,11,13,66,0,9,84,0,6,106.641,4.647999999999996
2021,15,sochi,2021-09-26,False,False,False,True,True,ocon,1996-09-17,French,alpine,9,14,45,1,11,103,1,5,105.865,3.872000000000014
2021,15,sochi,2021-09-26,False,False,False,True,True,giovinazzi,1993-12-14,Italian,alfa,17,16,1,0,18,7,0,9,111.023,9.03
2021,15,sochi,2021-09-26,False,False,False,True,True,tsunoda,2000-05-11,Japanese,alphatauri,12,17,18,0,14,84,0,6,106.751,4.75800000000001
2021,15,sochi,2021-09-26,False,False,False,True,True,mazepin,1999-03-02,Russian,haas,15,18,0,0,21,0,0,10,113.764,11.771000000000017
2021,15,sochi,2021-09-26,False,False,False,True,True,mick_schumacher,1999-03-22,German,haas,14,20,0,0,19,0,0,10,109.83,7.837000000000003
2021,16,istanbul,2021-10-10,False,False,False,True,True,bottas,1989-08-28,Finnish,mercedes,1,1,177,1,3,433,6,1,82.998,0.0
2021,16,istanbul,2021-10-10,False,False,False,True,True,max_verstappen,1997-09-30,Dutch,red_bull,2,2,262,7,1,397,8,2,83.196,0.1979999999999933
2021,16,istanbul,2021-10-10,False,False,False,True,True,perez,1990-01-26,Mexican,red_bull,6,3,135,1,5,397,8,2,83.706,0.7079999999999984
2021,16,istanbul,2021-10-10,False,False,False,True,True,leclerc,1997-10-16,Monegasque,ferrari,3,4,116,0,7,232,0,4,83.265,0.2669999999999959
2021,16,istanbul,2021-10-10,False,False,False,True,True,hamilton,1985-01-07,British,mercedes,11,5,256,5,2,433,6,1,82.868,-0.1300000000000096
2021,16,istanbul,2021-10-10,False,False,False,True,True,gasly,1996-02-07,French,alphatauri,4,6,74,0,9,92,0,6,83.326,0.3279999999999887
2021,16,istanbul,2021-10-10,False,False,False,True,True,norris,1999-11-13,British,mclaren,7,7,145,0,4,240,1,3,83.95400000000001,0.9560000000000032
2021,16,istanbul,2021-10-10,False,False,False,True,True,stroll,1998-10-29,Canadian,aston_martin,8,9,26,0,13,61,0,7,84.305,1.3070000000000022
2021,16,istanbul,2021-10-10,False,False,False,True,True,ocon,1996-09-17,French,alpine,12,10,46,1,11,104,1,5,84.842,1.843999999999994
2021,16,istanbul,2021-10-10,False,False,False,True,True,giovinazzi,1993-12-14,Italian,alfa,16,11,1,0,18,7,0,9,86.43,3.432000000000002
2021,16,istanbul,2021-10-10,False,False,False,True,True,raikkonen,1979-10-17,Finnish,alfa,17,12,6,0,17,7,0,9,87.525,4.527000000000001
2021,16,istanbul,2021-10-10,False,False,False,True,True,ricciardo,1989-07-01,Australian,mclaren,20,13,95,1,8,240,1,3,85.881,0.0
2021,16,istanbul,2021-10-10,False,False,False,True,True,tsunoda,2000-05-11,Japanese,alphatauri,9,14,18,0,14,92,0,6,84.368,1.3699999999999903
2021,16,istanbul,2021-10-10,False,False,False,True,True,russell,1998-02-15,British,williams,13,15,16,0,15,23,0,8,85.007,2.0090000000000003
2021,16,istanbul,2021-10-10,False,False,False,True,True,alonso,1981-07-29,Spanish,alpine,5,16,58,0,10,104,1,5,83.477,0.4789999999999992
2021,16,istanbul,2021-10-10,False,False,False,True,True,latifi,1995-06-29,Canadian,williams,15,17,7,0,16,23,0,8,86.086,3.087999999999994
2021,16,istanbul,2021-10-10,False,False,False,True,True,vettel,1987-07-03,German,aston_martin,10,18,35,0,12,61,0,7,84.795,1.796999999999997
2021,16,istanbul,2021-10-10,False,False,False,True,True,mick_schumacher,1999-03-22,German,haas,14,19,0,0,19,0,0,10,85.2,2.201999999999998
2021,16,istanbul,2021-10-10,False,False,False,True,True,mazepin,1999-03-02,Russian,haas,18,20,0,0,21,0,0,10,88.449,5.450999999999993
2021,17,americas,2021-10-24,True,False,False,False,False,max_verstappen,1997-09-30,Dutch,red_bull,1,1,287,8,1,437,9,2,92.91,0.0
2021,17,americas,2021-10-24,True,False,False,False,False,hamilton,1985-01-07,British,mercedes,2,2,275,5,2,460,6,1,93.119,0.2090000000000031
2021,17,americas,2021-10-24,True,False,False,False,False,perez,1990-01-26,Mexican,red_bull,3,3,150,1,4,437,9,2,93.134,0.2240000000000037
2021,17,americas,2021-10-24,True,False,False,False,False,leclerc,1997-10-16,Monegasque,ferrari,4,4,128,0,6,250,0,4,93.606,0.695999999999998
2021,17,americas,2021-10-24,True,False,False,False,False,ricciardo,1989-07-01,Australian,mclaren,6,5,105,1,8,254,1,3,93.808,0.8979999999999961
2021,17,americas,2021-10-24,True,False,False,False,False,bottas,1989-08-28,Finnish,mercedes,9,6,185,1,3,460,6,1,93.475,0.5649999999999977
2021,17,americas,2021-10-24,True,False,False,False,False,sainz,1994-09-01,Spanish,ferrari,5,7,122,0,7,250,0,4,93.792,0.882000000000005
2021,17,americas,2021-10-24,True,False,False,False,False,norris,1999-11-13,British,mclaren,7,8,149,0,5,254,1,3,93.887,0.977000000000004
2021,17,americas,2021-10-24,True,False,False,False,False,tsunoda,2000-05-11,Japanese,alphatauri,10,9,20,0,14,94,0,6,94.918,2.0080000000000098
2021,17,americas,2021-10-24,True,False,False,False,False,vettel,1987-07-03,German,aston_martin,18,10,36,0,12,62,0,7,95.5,2.5900000000000034
2021,17,americas,2021-10-24,True,False,False,False,False,giovinazzi,1993-12-14,Italian,alfa,12,11,1,0,18,7,0,9,95.794,2.8840000000000003
2021,17,americas,2021-10-24,True,False,False,False,False,stroll,1998-10-29,Canadian,aston_martin,13,12,26,0,13,62,0,7,95.983,3.0730000000000075
2021,17,americas,2021-10-24,True,False,False,False,False,raikkonen,1979-10-17,Finnish,alfa,15,13,6,0,17,7,0,9,96.311,3.4010000000000105
2021,17,americas,2021-10-24,True,False,False,False,False,latifi,1995-06-29,Canadian,williams,14,15,7,0,16,23,0,8,95.995,3.085000000000008
2021,17,americas,2021-10-24,True,False,False,False,False,mick_schumacher,1999-03-22,German,haas,16,16,0,0,19,0,0,10,96.499,3.588999999999998
2021,17,americas,2021-10-24,True,False,False,False,False,mazepin,1999-03-02,Russian,haas,17,17,0,0,21,0,0,10,96.796,3.885999999999996
2021,17,americas,2021-10-24,True,False,False,False,False,alonso,1981-07-29,Spanish,alpine,19,18,58,0,10,104,1,5,104.549,11.63900000000001
2021,17,americas,2021-10-24,True,False,False,False,False,ocon,1996-09-17,French,alpine,11,19,46,1,11,104,1,5,95.377,2.467000000000013
2021,17,americas,2021-10-24,True,False,False,False,False,gasly,1996-02-07,French,alphatauri,8,20,74,0,9,94,0,6,94.118,1.2079999999999984
2021,18,rodriguez,2021-11-07,True,False,False,False,False,max_verstappen,1997-09-30,Dutch,red_bull,3,1,312,9,1,477,10,2,76.225,0.3499999999999943
2021,18,rodriguez,2021-11-07,True,False,False,False,False,hamilton,1985-01-07,British,mercedes,2,2,293,5,2,478,6,1,76.02,0.144999999999996
2021,18,rodriguez,2021-11-07,True,False,False,False,False,perez,1990-01-26,Mexican,red_bull,4,3,165,1,4,477,10,2,76.342,0.4669999999999987
2021,18,rodriguez,2021-11-07,True,False,False,False,False,gasly,1996-02-07,French,alphatauri,5,4,86,0,9,106,0,6,76.456,0.5810000000000031
2021,18,rodriguez,2021-11-07,True,False,False,False,False,leclerc,1997-10-16,Monegasque,ferrari,8,5,138,0,6,268,0,3,76.837,0.9620000000000032
2021,18,rodriguez,2021-11-07,True,False,False,False,False,sainz,1994-09-01,Spanish,ferrari,6,6,130,0,7,268,0,3,76.761,0.8859999999999957
2021,18,rodriguez,2021-11-07,True,False,False,False,False,vettel,1987-07-03,German,aston_martin,9,7,42,0,12,68,0,7,77.746,1.8709999999999951
2021,18,rodriguez,2021-11-07,True,False,False,False,False,raikkonen,1979-10-17,Finnish,alfa,10,8,10,0,16,11,0,9,77.958,2.0829999999999984
2021,18,rodriguez,2021-11-07,True,False,False,False,False,alonso,1981-07-29,Spanish,alpine,12,9,60,0,10,106,1,5,78.452,2.576999999999998
2021,18,rodriguez,2021-11-07,True,False,False,False,False,norris,1999-11-13,British,mclaren,18,10,150,0,5,255,1,4,96.83,20.955
2021,18,rodriguez,2021-11-07,True,False,False,False,False,giovinazzi,1993-12-14,Italian,alfa,11,11,1,0,18,11,0,9,78.28999999999999,2.414999999999992
2021,18,rodriguez,2021-11-07,True,False,False,False,False,ricciardo,1989-07-01,Australian,mclaren,7,12,105,1,8,255,1,4,76.763,0.8880000000000052
2021,18,rodriguez,2021-11-07,True,False,False,False,False,ocon,1996-09-17,French,alpine,19,13,46,1,11,106,1,5,78.405,2.530000000000001
2021,18,rodriguez,2021-11-07,True,False,False,False,False,stroll,1998-10-29,Canadian,aston_martin,20,14,26,0,13,68,0,7,80.873,4.998000000000005
2021,18,rodriguez,2021-11-07,True,False,False,False,False,bottas,1989-08-28,Finnish,mercedes,1,15,185,1,3,478,6,1,75.875,0.0
2021,18,rodriguez,2021-11-07,True,False,False,False,False,russell,1998-02-15,British,williams,16,16,16,0,15,23,0,8,78.172,2.296999999999997
2021,18,rodriguez,2021-11-07,True,False,False,False,False,latifi,1995-06-29,Canadian,williams,13,17,7,0,17,23,0,8,78.756,2.881
2021,18,rodriguez,2021-11-07,True,False,False,False,False,mazepin,1999-03-02,Russian,haas,15,18,0,0,21,0,0,10,79.303,3.4279999999999973
2021,18,rodriguez,2021-11-07,True,False,False,False,False,mick_schumacher,1999-03-22,German,haas,14,19,0,0,19,0,0,10,78.858,2.983000000000004
2021,18,rodriguez,2021-11-07,True,False,False,False,False,tsunoda,2000-05-11,Japanese,alphatauri,17,20,20,0,14,106,0,6,77.158,1.2830000000000013
2021,20,losail,2021-11-21,True,False,False,False,False,hamilton,1985-01-07,British,mercedes,1,1,343,7,2,546,8,1,80.827,0.0
2021,20,losail,2021-11-21,True,False,False,False,False,max_verstappen,1997-09-30,Dutch,red_bull,7,2,351,9,1,541,10,2,81.424,0.5970000000000084
2021,20,losail,2021-11-21,True,False,False,False,False,alonso,1981-07-29,Spanish,alpine,3,3,77,0,10,137,1,5,81.67,0.8430000000000035
2021,20,losail,2021-11-21,True,False,False,False,False,perez,1990-01-26,Mexican,red_bull,11,4,190,1,4,541,10,2,82.346,1.5190000000000057
2021,20,losail,2021-11-21,True,False,False,False,False,ocon,1996-09-17,French,alpine,9,5,60,1,11,137,1,5,82.02799999999999,1.2009999999999934
2021,20,losail,2021-11-21,True,False,False,False,False,stroll,1998-10-29,Canadian,aston_martin,12,6,34,0,13,77,0,7,82.46000000000001,1.6330000000000098
2021,20,losail,2021-11-21,True,False,False,False,False,sainz,1994-09-01,Spanish,ferrari,5,7,145,0,7,297,0,3,81.84,1.0130000000000052
2021,20,losail,2021-11-21,True,False,False,False,False,leclerc,1997-10-16,Monegasque,ferrari,13,8,152,0,6,297,0,3,82.463,1.6359999999999957
2021,20,losail,2021-11-21,True,False,False,False,False,norris,1999-11-13,British,mclaren,4,9,153,0,5,258,1,4,81.731,0.9039999999999964
2021,20,losail,2021-11-21,True,False,False,False,False,vettel,1987-07-03,German,aston_martin,10,10,43,0,12,77,0,7,82.785,1.9579999999999984
2021,20,losail,2021-11-21,True,False,False,False,False,gasly,1996-02-07,French,alphatauri,2,11,92,0,9,112,0,6,81.64,0.8130000000000024
2021,20,losail,2021-11-21,True,False,False,False,False,ricciardo,1989-07-01,Australian,mclaren,14,12,105,1,8,258,1,4,82.59700000000001,1.7700000000000102
2021,20,losail,2021-11-21,True,False,False,False,False,tsunoda,2000-05-11,Japanese,alphatauri,8,13,20,0,14,112,0,6,81.881,1.054000000000002
2021,20,losail,2021-11-21,True,False,False,False,False,raikkonen,1979-10-17,Finnish,alfa,16,14,10,0,16,11,0,9,83.156,2.329000000000008
2021,20,losail,2021-11-21,True,False,False,False,False,giovinazzi,1993-12-14,Italian,alfa,18,15,1,0,18,11,0,9,83.262,2.4350000000000023
2021,20,losail,2021-11-21,True,False,False,False,False,mick_schumacher,1999-03-22,German,haas,19,16,0,0,19,0,0,10,83.407,2.5799999999999983
2021,20,losail,2021-11-21,True,False,False,False,False,russell,1998-02-15,British,williams,15,17,16,0,15,23,0,8,82.756,1.929000000000002
2021,20,losail,2021-11-21,True,False,False,False,False,mazepin,1999-03-02,Russian,haas,20,18,0,0,21,0,0,10,85.85900000000001,5.032000000000011
2021,20,losail,2021-11-21,True,False,False,False,False,latifi,1995-06-29,Canadian,williams,17,19,7,0,17,23,0,8,83.213,2.385999999999996
2021,20,losail,2021-11-21,True,False,False,False,False,bottas,1989-08-28,Finnish,mercedes,6,20,203,1,3,546,8,1,81.47800000000001,0.6510000000000105
2021,21,jeddah,2021-12-05,True,False,False,False,False,hamilton,1985-01-07,British,mercedes,1,1,369,8,2,587,9,1,87.511,0.0
2021,21,jeddah,2021-12-05,True,False,False,False,False,max_verstappen,1997-09-30,Dutch,red_bull,3,2,369,9,1,559,10,2,87.65299999999999,0.1419999999999959
2021,21,jeddah,2021-12-05,True,False,False,False,False,bottas,1989-08-28,Finnish,mercedes,2,3,218,1,3,587,9,1,87.622,0.1110000000000042
2021,21,jeddah,2021-12-05,True,False,False,False,False,ocon,1996-09-17,French,alpine,9,4,72,1,11,149,1,5,88.64699999999999,1.1359999999999957
2021,21,jeddah,2021-12-05,True,False,False,False,False,ricciardo,1989-07-01,Australian,mclaren,11,5,115,1,8,269,1,4,88.668,1.157000000000011
2021,21,jeddah,2021-12-05,True,False,False,False,False,gasly,1996-02-07,French,alphatauri,6,6,100,0,9,120,0,6,88.125,0.6140000000000043
2021,21,jeddah,2021-12-05,True,False,False,False,False,leclerc,1997-10-16,Monegasque,ferrari,4,7,158,0,5,307,0,3,88.054,0.5430000000000064
2021,21,jeddah,2021-12-05,True,False,False,False,False,sainz,1994-09-01,Spanish,ferrari,15,8,149,0,7,307,0,3,113.652,26.141000000000005
2021,21,jeddah,2021-12-05,True,False,False,False,False,giovinazzi,1993-12-14,Italian,alfa,10,9,3,0,18,13,0,9,88.754,1.2430000000000092
2021,21,jeddah,2021-12-05,True,False,False,False,False,norris,1999-11-13,British,mclaren,7,10,154,0,6,269,1,4,88.18,0.6690000000000111
2021,21,jeddah,2021-12-05,True,False,False,False,False,stroll,1998-10-29,Canadian,aston_martin,18,11,34,0,13,77,0,7,89.368,1.8569999999999995
2021,21,jeddah,2021-12-05,True,False,False,False,False,latifi,1995-06-29,Canadian,williams,16,12,7,0,17,23,0,8,89.17699999999999,1.6659999999999968
2021,21,jeddah,2021-12-05,True,False,False,False,False,alonso,1981-07-29,Spanish,alpine,13,13,77,0,10,149,1,5,88.92,1.409000000000006
2021,21,jeddah,2021-12-05,True,False,False,False,False,tsunoda,2000-05-11,Japanese,alphatauri,8,14,20,0,14,120,0,6,88.44200000000001,0.9310000000000116
2021,21,jeddah,2021-12-05,True,False,False,False,False,raikkonen,1979-10-17,Finnish,alfa,12,15,10,0,16,13,0,9,88.885,1.3740000000000094
2021,21,jeddah,2021-12-05,True,False,False,False,False,vettel,1987-07-03,German,aston_martin,17,16,43,0,12,77,0,7,89.19800000000001,1.6870000000000118
2021,21,jeddah,2021-12-05,True,False,False,False,False,perez,1990-01-26,Mexican,red_bull,5,17,190,1,4,559,10,2,88.123,0.612000000000009
2021,21,jeddah,2021-12-05,True,False,False,False,False,mazepin,1999-03-02,Russian,haas,20,18,0,0,21,0,0,10,90.473,2.9620000000000037
2021,21,jeddah,2021-12-05,True,False,False,False,False,russell,1998-02-15,British,williams,14,19,16,0,15,23,0,8,89.054,1.5430000000000064
2021,21,jeddah,2021-12-05,True,False,False,False,False,mick_schumacher,1999-03-22,German,haas,19,20,0,0,19,0,0,10,89.464,1.953000000000003
2021,22,yas_marina,2021-12-12,True,False,False,False,False,max_verstappen,1997-09-30,Dutch,red_bull,1,1,395,10,1,585,11,2,82.10900000000001,0.0
2021,22,yas_marina,2021-12-12,True,False,False,False,False,hamilton,1985-01-07,British,mercedes,2,2,387,8,2,613,9,1,82.48,0.3709999999999951
2021,22,yas_marina,2021-12-12,True,False,False,False,False,sainz,1994-09-01,Spanish,ferrari,5,3,164,0,5,323,0,3,82.992,0.8829999999999956
2021,22,yas_marina,2021-12-12,True,False,False,False,False,tsunoda,2000-05-11,Japanese,alphatauri,8,4,32,0,14,142,0,6,83.22,1.11099999999999
2021,22,yas_marina,2021-12-12,True,False,False,False,False,gasly,1996-02-07,French,alphatauri,12,5,110,0,9,142,0,6,84.043,1.9339999999999973
2021,22,yas_marina,2021-12-12,True,False,False,False,False,bottas,1989-08-28,Finnish,mercedes,6,6,226,1,3,613,9,1,83.036,0.9269999999999924
2021,22,yas_marina,2021-12-12,True,False,False,False,False,norris,1999-11-13,British,mclaren,3,7,160,0,6,275,1,4,82.931,0.8219999999999885
2021,22,yas_marina,2021-12-12,True,False,False,False,False,alonso,1981-07-29,Spanish,alpine,11,8,81,0,10,155,1,5,83.46000000000001,1.350999999999999
2021,22,yas_marina,2021-12-12,True,False,False,False,False,ocon,1996-09-17,French,alpine,9,9,74,1,11,155,1,5,83.389,1.279999999999987
2021,22,yas_marina,2021-12-12,True,False,False,False,False,leclerc,1997-10-16,Monegasque,ferrari,7,10,159,0,7,323,0,3,83.122,1.012999999999991
2021,22,yas_marina,2021-12-12,True,False,False,False,False,vettel,1987-07-03,German,aston_martin,15,11,43,0,12,77,0,7,84.305,2.195999999999998
2021,22,yas_marina,2021-12-12,True,False,False,False,False,ricciardo,1989-07-01,Australian,mclaren,10,12,115,1,8,275,1,4,83.40899999999999,1.299999999999983
2021,22,yas_marina,2021-12-12,True,False,False,False,False,stroll,1998-10-29,Canadian,aston_martin,13,13,34,0,13,77,0,7,84.066,1.9569999999999936
2021,22,yas_marina,2021-12-12,True,False,False,False,False,mick_schumacher,1999-03-22,German,haas,19,14,0,0,19,0,0,10,84.906,2.796999999999997
2021,22,yas_marina,2021-12-12,True,False,False,False,False,perez,1990-01-26,Mexican,red_bull,4,15,190,1,4,585,11,2,82.947,0.8379999999999939
2021,22,yas_marina,2021-12-12,True,False,False,False,False,latifi,1995-06-29,Canadian,williams,16,16,7,0,17,23,0,8,84.338,2.228999999999985
2021,22,yas_marina,2021-12-12,True,False,False,False,False,giovinazzi,1993-12-14,Italian,alfa,14,17,3,0,18,13,0,9,84.251,2.141999999999996
2021,22,yas_marina,2021-12-12,True,False,False,False,False,russell,1998-02-15,British,williams,17,18,16,0,15,23,0,8,84.423,2.313999999999993
2021,22,yas_marina,2021-12-12,True,False,False,False,False,raikkonen,1979-10-17,Finnish,alfa,18,19,10,0,16,13,0,9,84.779,2.6699999999999875
