grid_pos,driver,constructor,season,round,qual_time
1,Valtteri  Bottas  BOT,Mercedes,2020,1,62.939
2,Max  Verstappen  VER,Red Bull Racing Honda,2020,1,63.477
3,Lando  Norris  NOR,McLaren Renault,2020,1,63.626
4,Alexander  Albon  ALB,Red Bull Racing Honda,2020,1,63.868
5,Lewis  Hamilton  HAM,Mercedes,2020,1,62.951
6,Sergio  Perez  PER,Racing Point BWT Mercedes,2020,1,63.868
7,Charles  Leclerc  LEC,Ferrari,2020,1,63.923
8,Carlos  Sainz  SAI,McLaren Renault,2020,1,63.971000000000004
9,Lance  Stroll  STR,Racing Point BWT Mercedes,2020,1,64.029
10,Daniel  Ricciardo  RIC,Renault,2020,1,64.239
11,Sebastian  Vettel  VET,Ferrari,2020,1,64.206
12,Pierre  Gasly  GAS,AlphaTauri Honda,2020,1,64.305
13,Daniil  Kvyat  KVY,AlphaTauri Honda,2020,1,64.431
14,Esteban  Ocon  OCO,Renault,2020,1,64.643
15,Romain  Grosjean  GRO,Haas Ferrari,2020,1,64.691
16,Kevin  Magnussen  MAG,Haas Ferrari,2020,1,65.164
17,George  Russell  RUS,Williams Mercedes,2020,1,65.167
18,Antonio  Giovinazzi  GIO,Alfa Romeo Racing Ferrari,2020,1,65.175
19,Kimi  Räikkönen  RAI,Alfa Romeo Racing Ferrari,2020,1,65.224
20,Nicholas  Latifi  LAT,Williams Mercedes,2020,1,65.757
1,Lewis  Hamilton  HAM,Mercedes,2020,2,79.273
2,Max  Verstappen  VER,Red Bull Racing Honda,2020,2,80.489
3,Carlos  Sainz  SAI,McLaren Renault,2020,2,80.67099999999999
4,Valtteri  Bottas  BOT,Mercedes,2020,2,80.701
5,Esteban  Ocon  OCO,Renault,2020,2,80.922
6,Alexander  Albon  ALB,Red Bull Racing Honda,2020,2,81.011
7,Pierre  Gasly  GAS,AlphaTauri Honda,2020,2,81.02799999999999
8,Daniel  Ricciardo  RIC,Renault,2020,2,81.19200000000001
9,Lando  Norris  NOR,McLaren Renault,2020,2,80.925
10,Sebastian  Vettel  VET,Ferrari,2020,2,81.651
11,George  Russell  RUS,Williams Mercedes,2020,2,79.636
12,Lance  Stroll  STR,Racing Point BWT Mercedes,2020,2,79.645
13,Daniil  Kvyat  KVY,AlphaTauri Honda,2020,2,79.717
14,Charles  Leclerc  LEC,Ferrari,2020,2,79.628
15,Kevin  Magnussen  MAG,Haas Ferrari,2020,2,80.211
16,Kimi  Räikkönen  RAI,Alfa Romeo Racing Ferrari,2020,2,81.372
17,Sergio  Perez  PER,Racing Point BWT Mercedes,2020,2,81.607
18,Nicholas  Latifi  LAT,Williams Mercedes,2020,2,81.759
19,Antonio  Giovinazzi  GIO,Alfa Romeo Racing Ferrari,2020,2,81.831
1,Lewis  Hamilton  HAM,Mercedes,2020,3,73.447
2,Valtteri  Bottas  BOT,Mercedes,2020,3,73.554
3,Lance  Stroll  STR,Racing Point BWT Mercedes,2020,3,74.377
4,Sergio  Perez  PER,Racing Point BWT Mercedes,2020,3,74.545
5,Sebastian  Vettel  VET,Ferrari,2020,3,74.774
6,Charles  Leclerc  LEC,Ferrari,2020,3,74.81700000000001
7,Max  Verstappen  VER,Red Bull Racing Honda,2020,3,74.849
8,Lando  Norris  NOR,McLaren Renault,2020,3,74.966
9,Carlos  Sainz  SAI,McLaren Renault,2020,3,75.027
10,Pierre  Gasly  GAS,AlphaTauri Honda,2020,3,
11,Daniel  Ricciardo  RIC,Renault,2020,3,75.661
12,George  Russell  RUS,Williams Mercedes,2020,3,75.69800000000001
13,Alexander  Albon  ALB,Red Bull Racing Honda,2020,3,75.715
14,Esteban  Ocon  OCO,Renault,2020,3,75.742
15,Nicholas  Latifi  LAT,Williams Mercedes,2020,3,76.544
16,Kevin  Magnussen  MAG,Haas Ferrari,2020,3,76.152
17,Daniil  Kvyat  KVY,AlphaTauri Honda,2020,3,76.20400000000001
18,Romain  Grosjean  GRO,Haas Ferrari,2020,3,76.407
19,Antonio  Giovinazzi  GIO,Alfa Romeo Racing Ferrari,2020,3,76.506
20,Kimi  Räikkönen  RAI,Alfa Romeo Racing Ferrari,2020,3,76.614
1,Lewis  Hamilton  HAM,Mercedes,2020,4,84.303
2,Valtteri  Bottas  BOT,Mercedes,2020,4,84.616
3,Max  Verstappen  VER,Red Bull Racing Honda,2020,4,85.325
4,Charles  Leclerc  LEC,Ferrari,2020,4,85.42699999999999
5,Lando  Norris  NOR,McLaren Renault,2020,4,85.782
6,Lance  Stroll  STR,Racing Point BWT Mercedes,2020,4,85.839
7,Carlos  Sainz  SAI,McLaren Renault,2020,4,85.965
8,Daniel  Ricciardo  RIC,Renault,2020,4,86.009
9,Esteban  Ocon  OCO,Renault,2020,4,86.209
10,Sebastian  Vettel  VET,Ferrari,2020,4,86.339
11,Pierre  Gasly  GAS,AlphaTauri Honda,2020,4,86.501
12,Alexander  Albon  ALB,Red Bull Racing Honda,2020,4,86.545
13,Nico  Hulkenberg  HUL,Racing Point BWT Mercedes,2020,4,86.566
14,Kevin  Magnussen  MAG,Haas Ferrari,2020,4,87.158
15,Antonio  Giovinazzi  GIO,Alfa Romeo Racing Ferrari,2020,4,87.164
16,Kimi  Räikkönen  RAI,Alfa Romeo Racing Ferrari,2020,4,87.366
17,Romain  Grosjean  GRO,Haas Ferrari,2020,4,87.643
18,Nicholas  Latifi  LAT,Williams Mercedes,2020,4,87.705
19,Daniil  Kvyat  KVY,AlphaTauri Honda,2020,4,86.744
20,George  Russell  RUS,Williams Mercedes,2020,4,87.092
1,Valtteri  Bottas  BOT,Mercedes,2020,5,85.154
2,Lewis  Hamilton  HAM,Mercedes,2020,5,85.217
3,Nico  Hulkenberg  HUL,Racing Point BWT Mercedes,2020,5,86.082
4,Max  Verstappen  VER,Red Bull Racing Honda,2020,5,86.176
5,Daniel  Ricciardo  RIC,Renault,2020,5,86.297
6,Lance  Stroll  STR,Racing Point BWT Mercedes,2020,5,86.428
7,Pierre  Gasly  GAS,AlphaTauri Honda,2020,5,86.53399999999999
8,Charles  Leclerc  LEC,Ferrari,2020,5,86.614
9,Alexander  Albon  ALB,Red Bull Racing Honda,2020,5,86.669
10,Lando  Norris  NOR,McLaren Renault,2020,5,86.77799999999999
11,Sebastian  Vettel  VET,Ferrari,2020,5,87.078
12,Carlos  Sainz  SAI,McLaren Renault,2020,5,87.083
13,Romain  Grosjean  GRO,Haas Ferrari,2020,5,87.254
14,Esteban  Ocon  OCO,Renault,2020,5,87.011
15,George  Russell  RUS,Williams Mercedes,2020,5,87.455
16,Daniil  Kvyat  KVY,AlphaTauri Honda,2020,5,87.882
17,Kevin  Magnussen  MAG,Haas Ferrari,2020,5,88.236
18,Nicholas  Latifi  LAT,Williams Mercedes,2020,5,88.43
19,Antonio  Giovinazzi  GIO,Alfa Romeo Racing Ferrari,2020,5,88.43299999999999
20,Kimi  Räikkönen  RAI,Alfa Romeo Racing Ferrari,2020,5,88.493
1,Lewis  Hamilton  HAM,Mercedes,2020,6,75.584
2,Valtteri  Bottas  BOT,Mercedes,2020,6,75.643
3,Max  Verstappen  VER,Red Bull Racing Honda,2020,6,76.292
4,Sergio  Perez  PER,Racing Point BWT Mercedes,2020,6,76.482
5,Lance  Stroll  STR,Racing Point BWT Mercedes,2020,6,76.589
6,Alexander  Albon  ALB,Red Bull Racing Honda,2020,6,77.029
7,Carlos  Sainz  SAI,McLaren Renault,2020,6,77.044
8,Lando  Norris  NOR,McLaren Renault,2020,6,77.084
9,Charles  Leclerc  LEC,Ferrari,2020,6,77.087
10,Pierre  Gasly  GAS,AlphaTauri Honda,2020,6,77.136
11,Sebastian  Vettel  VET,Ferrari,2020,6,77.168
12,Daniil  Kvyat  KVY,AlphaTauri Honda,2020,6,77.19200000000001
13,Daniel  Ricciardo  RIC,Renault,2020,6,77.19800000000001
14,Kimi  Räikkönen  RAI,Alfa Romeo Racing Ferrari,2020,6,77.386
15,Esteban  Ocon  OCO,Renault,2020,6,77.56700000000001
16,Kevin  Magnussen  MAG,Haas Ferrari,2020,6,77.908
17,Romain  Grosjean  GRO,Haas Ferrari,2020,6,78.089
18,George  Russell  RUS,Williams Mercedes,2020,6,78.099
19,Nicholas  Latifi  LAT,Williams Mercedes,2020,6,78.532
20,Antonio  Giovinazzi  GIO,Alfa Romeo Racing Ferrari,2020,6,78.697
1,Lewis  Hamilton  HAM,Mercedes,2020,7,101.25200000000001
2,Valtteri  Bottas  BOT,Mercedes,2020,7,101.763
3,Max  Verstappen  VER,Red Bull Racing Honda,2020,7,101.77799999999999
4,Daniel  Ricciardo  RIC,Renault,2020,7,102.061
5,Alexander  Albon  ALB,Red Bull Racing Honda,2020,7,102.26400000000001
6,Esteban  Ocon  OCO,Renault,2020,7,102.396
7,Carlos  Sainz  SAI,McLaren Renault,2020,7,102.438
8,Sergio  Perez  PER,Racing Point BWT Mercedes,2020,7,102.532
9,Lance  Stroll  STR,Racing Point BWT Mercedes,2020,7,102.60300000000001
10,Lando  Norris  NOR,McLaren Renault,2020,7,102.657
11,Daniil  Kvyat  KVY,AlphaTauri Honda,2020,7,102.72999999999999
12,Pierre  Gasly  GAS,AlphaTauri Honda,2020,7,102.745
13,Charles  Leclerc  LEC,Ferrari,2020,7,102.99600000000001
14,Sebastian  Vettel  VET,Ferrari,2020,7,103.261
15,George  Russell  RUS,Williams Mercedes,2020,7,103.468
16,Kimi  Räikkönen  RAI,Alfa Romeo Racing Ferrari,2020,7,103.743
17,Romain  Grosjean  GRO,Haas Ferrari,2020,7,103.838
18,Antonio  Giovinazzi  GIO,Alfa Romeo Racing Ferrari,2020,7,103.95
19,Nicholas  Latifi  LAT,Williams Mercedes,2020,7,104.138
20,Kevin  Magnussen  MAG,Haas Ferrari,2020,7,104.314
1,Lewis  Hamilton  HAM,Mercedes,2020,8,78.887
2,Valtteri  Bottas  BOT,Mercedes,2020,8,78.956
3,Carlos  Sainz  SAI,McLaren Renault,2020,8,79.695
4,Sergio  Perez  PER,Racing Point BWT Mercedes,2020,8,79.72
5,Max  Verstappen  VER,Red Bull Racing Honda,2020,8,79.795
6,Lando  Norris  NOR,McLaren Renault,2020,8,79.82
7,Daniel  Ricciardo  RIC,Renault,2020,8,79.864
8,Lance  Stroll  STR,Racing Point BWT Mercedes,2020,8,80.049
9,Alexander  Albon  ALB,Red Bull Racing Honda,2020,8,80.09
10,Pierre  Gasly  GAS,AlphaTauri Honda,2020,8,80.17699999999999
11,Daniil  Kvyat  KVY,AlphaTauri Honda,2020,8,80.169
12,Esteban  Ocon  OCO,Renault,2020,8,80.23400000000001
13,Charles  Leclerc  LEC,Ferrari,2020,8,80.273
14,Kimi  Räikkönen  RAI,Alfa Romeo Racing Ferrari,2020,8,80.926
15,Kevin  Magnussen  MAG,Haas Ferrari,2020,8,81.57300000000001
16,Romain  Grosjean  GRO,Haas Ferrari,2020,8,81.139
17,Sebastian  Vettel  VET,Ferrari,2020,8,81.151
18,Antonio  Giovinazzi  GIO,Alfa Romeo Racing Ferrari,2020,8,81.206
19,George  Russell  RUS,Williams Mercedes,2020,8,81.587
20,Nicholas  Latifi  LAT,Williams Mercedes,2020,8,81.717
1,Lewis  Hamilton  HAM,Mercedes,2020,9,75.144
2,Valtteri  Bottas  BOT,Mercedes,2020,9,75.203
3,Max  Verstappen  VER,Red Bull Racing Honda,2020,9,75.509
4,Alexander  Albon  ALB,Red Bull Racing Honda,2020,9,75.95400000000001
5,Charles  Leclerc  LEC,Ferrari,2020,9,76.27
6,Lance  Stroll  STR,Racing Point BWT Mercedes,2020,9,76.356
7,Sergio  Perez  PER,Racing Point BWT Mercedes,2020,9,76.311
8,Daniel  Ricciardo  RIC,Renault,2020,9,76.543
9,Carlos  Sainz  SAI,McLaren Renault,2020,9,77.87
10,Esteban  Ocon  OCO,Renault,2020,9,
11,Lando  Norris  NOR,McLaren Renault,2020,9,76.64
12,Daniil  Kvyat  KVY,AlphaTauri Honda,2020,9,76.854
13,Kimi  Räikkönen  RAI,Alfa Romeo Racing Ferrari,2020,9,76.854
14,Sebastian  Vettel  VET,Ferrari,2020,9,76.858
15,Romain  Grosjean  GRO,Haas Ferrari,2020,9,77.254
16,Pierre  Gasly  GAS,AlphaTauri Honda,2020,9,77.125
17,Antonio  Giovinazzi  GIO,Alfa Romeo Racing Ferrari,2020,9,77.22
18,George  Russell  RUS,Williams Mercedes,2020,9,77.232
19,Nicholas  Latifi  LAT,Williams Mercedes,2020,9,77.32
20,Kevin  Magnussen  MAG,Haas Ferrari,2020,9,77.348
1,Lewis  Hamilton  HAM,Mercedes,2020,10,91.304
2,Max  Verstappen  VER,Red Bull Racing Honda,2020,10,91.867
3,Valtteri  Bottas  BOT,Mercedes,2020,10,91.956
4,Sergio  Perez  PER,Racing Point BWT Mercedes,2020,10,92.31700000000001
5,Daniel  Ricciardo  RIC,Renault,2020,10,92.364
6,Carlos  Sainz  SAI,McLaren Renault,2020,10,92.55
7,Esteban  Ocon  OCO,Renault,2020,10,92.624
8,Lando  Norris  NOR,McLaren Renault,2020,10,92.84700000000001
9,Pierre  Gasly  GAS,AlphaTauri Honda,2020,10,93.0
10,Charles  Leclerc  LEC,Ferrari,2020,10,93.239
11,Daniil  Kvyat  KVY,AlphaTauri Honda,2020,10,93.249
12,Lance  Stroll  STR,Racing Point BWT Mercedes,2020,10,93.364
13,George  Russell  RUS,Williams Mercedes,2020,10,93.583
14,Sebastian  Vettel  VET,Ferrari,2020,10,93.60900000000001
15,Alexander  Albon  ALB,Red Bull Racing Honda,2020,10,93.00800000000001
16,Romain  Grosjean  GRO,Haas Ferrari,2020,10,94.592
17,Antonio  Giovinazzi  GIO,Alfa Romeo Racing Ferrari,2020,10,94.594
18,Kevin  Magnussen  MAG,Haas Ferrari,2020,10,94.681
19,Kimi  Räikkönen  RAI,Alfa Romeo Racing Ferrari,2020,10,95.267
20,Nicholas  Latifi  LAT,Williams Mercedes,2020,10,95.066
1,Valtteri  Bottas  BOT,Mercedes,2020,11,85.269
2,Lewis  Hamilton  HAM,Mercedes,2020,11,85.525
3,Max  Verstappen  VER,Red Bull Racing Honda,2020,11,85.562
4,Charles  Leclerc  LEC,Ferrari,2020,11,86.035
5,Alexander  Albon  ALB,Red Bull Racing Honda,2020,11,86.047
6,Daniel  Ricciardo  RIC,Renault,2020,11,86.223
7,Esteban  Ocon  OCO,Renault,2020,11,86.242
8,Lando  Norris  NOR,McLaren Renault,2020,11,86.458
9,Sergio  Perez  PER,Racing Point BWT Mercedes,2020,11,86.70400000000001
10,Carlos  Sainz  SAI,McLaren Renault,2020,11,86.709
11,Sebastian  Vettel  VET,Ferrari,2020,11,86.738
12,Pierre  Gasly  GAS,AlphaTauri Honda,2020,11,86.776
13,Daniil  Kvyat  KVY,AlphaTauri Honda,2020,11,86.848
14,Antonio  Giovinazzi  GIO,Alfa Romeo Racing Ferrari,2020,11,86.936
15,Kevin  Magnussen  MAG,Haas Ferrari,2020,11,87.125
16,Romain  Grosjean  GRO,Haas Ferrari,2020,11,87.55199999999999
17,George  Russell  RUS,Williams Mercedes,2020,11,87.564
18,Nicholas  Latifi  LAT,Williams Mercedes,2020,11,87.812
19,Kimi  Räikkönen  RAI,Alfa Romeo Racing Ferrari,2020,11,87.81700000000001
20,Nico  Hulkenberg  HUL,Racing Point BWT Mercedes,2020,11,88.021
1,Lewis  Hamilton  HAM,Mercedes,2020,12,76.652
2,Valtteri  Bottas  BOT,Mercedes,2020,12,76.754
3,Max  Verstappen  VER,Red Bull Racing Honda,2020,12,76.904
4,Charles  Leclerc  LEC,Ferrari,2020,12,77.09
5,Sergio  Perez  PER,Racing Point BWT Mercedes,2020,12,77.223
6,Alexander  Albon  ALB,Red Bull Racing Honda,2020,12,77.437
7,Carlos  Sainz  SAI,McLaren Renault,2020,12,77.52
8,Lando  Norris  NOR,McLaren Renault,2020,12,77.525
9,Pierre  Gasly  GAS,AlphaTauri Honda,2020,12,77.803
10,Daniel  Ricciardo  RIC,Renault,2020,12,
11,Esteban  Ocon  OCO,Renault,2020,12,77.614
12,Lance  Stroll  STR,Racing Point BWT Mercedes,2020,12,77.626
13,Daniil  Kvyat  KVY,AlphaTauri Honda,2020,12,77.72800000000001
14,George  Russell  RUS,Williams Mercedes,2020,12,77.788
15,Sebastian  Vettel  VET,Ferrari,2020,12,77.919
16,Kimi  Räikkönen  RAI,Alfa Romeo Racing Ferrari,2020,12,78.201
17,Antonio  Giovinazzi  GIO,Alfa Romeo Racing Ferrari,2020,12,78.32300000000001
18,Romain  Grosjean  GRO,Haas Ferrari,2020,12,78.364
19,Kevin  Magnussen  MAG,Haas Ferrari,2020,12,78.508
20,Nicholas  Latifi  LAT,Williams Mercedes,2020,12,78.777
1,Valtteri  Bottas  BOT,Mercedes,2020,13,73.609
2,Lewis  Hamilton  HAM,Mercedes,2020,13,73.706
3,Max  Verstappen  VER,Red Bull Racing Honda,2020,13,74.176
4,Pierre  Gasly  GAS,AlphaTauri Honda,2020,13,74.502
5,Daniel  Ricciardo  RIC,Renault,2020,13,74.52
6,Alexander  Albon  ALB,Red Bull Racing Honda,2020,13,74.572
7,Charles  Leclerc  LEC,Ferrari,2020,13,74.616
8,Daniil  Kvyat  KVY,AlphaTauri Honda,2020,13,74.696
9,Lando  Norris  NOR,McLaren Renault,2020,13,74.814
10,Carlos  Sainz  SAI,McLaren Renault,2020,13,74.911
11,Sergio  Perez  PER,Racing Point BWT Mercedes,2020,13,75.061
12,Esteban  Ocon  OCO,Renault,2020,13,75.201
13,George  Russell  RUS,Williams Mercedes,2020,13,75.32300000000001
14,Sebastian  Vettel  VET,Ferrari,2020,13,75.385
15,Lance  Stroll  STR,Racing Point BWT Mercedes,2020,13,75.494
16,Romain  Grosjean  GRO,Haas Ferrari,2020,13,75.918
17,Kevin  Magnussen  MAG,Haas Ferrari,2020,13,75.939
18,Kimi  Räikkönen  RAI,Alfa Romeo Racing Ferrari,2020,13,75.953
19,Nicholas  Latifi  LAT,Williams Mercedes,2020,13,75.987
20,Antonio  Giovinazzi  GIO,Alfa Romeo Racing Ferrari,2020,13,76.208
1,Lance  Stroll  STR,Racing Point BWT Mercedes,2020,14,107.765
2,Max  Verstappen  VER,Red Bull Racing Honda,2020,14,108.055
3,Sergio  Perez  PER,Racing Point BWT Mercedes,2020,14,109.321
4,Alexander  Albon  ALB,Red Bull Racing Honda,2020,14,110.44800000000001
5,Daniel  Ricciardo  RIC,Renault,2020,14,111.595
6,Lewis  Hamilton  HAM,Mercedes,2020,14,112.56
7,Esteban  Ocon  OCO,Renault,2020,14,112.622
8,Kimi  Räikkönen  RAI,Alfa Romeo Racing Ferrari,2020,14,112.745
9,Valtteri  Bottas  BOT,Mercedes,2020,14,113.25800000000001
10,Antonio  Giovinazzi  GIO,Alfa Romeo Racing Ferrari,2020,14,117.226
11,Sebastian  Vettel  VET,Ferrari,2020,14,115.169
12,Charles  Leclerc  LEC,Ferrari,2020,14,116.696
13,Kevin  Magnussen  MAG,Haas Ferrari,2020,14,128.007
14,Lando  Norris  NOR,McLaren Renault,2020,14,114.945
15,Carlos  Sainz  SAI,McLaren Renault,2020,14,115.41
16,Daniil  Kvyat  KVY,AlphaTauri Honda,2020,14,129.07
17,Romain  Grosjean  GRO,Haas Ferrari,2020,14,132.909
18,Nicholas  Latifi  LAT,Williams Mercedes,2020,14,141.611
19,Pierre  Gasly  GAS,AlphaTauri Honda,2020,14,118.556
20,George  Russell  RUS,Williams Mercedes,2020,14,130.017
1,Lewis  Hamilton  HAM,Mercedes,2020,15,87.264
2,Valtteri  Bottas  BOT,Mercedes,2020,15,87.553
3,Max  Verstappen  VER,Red Bull Racing Honda,2020,15,87.678
4,Alexander  Albon  ALB,Red Bull Racing Honda,2020,15,88.274
5,Sergio  Perez  PER,Racing Point BWT Mercedes,2020,15,88.322
6,Daniel  Ricciardo  RIC,Renault,2020,15,88.417
7,Esteban  Ocon  OCO,Renault,2020,15,88.419
8,Pierre  Gasly  GAS,AlphaTauri Honda,2020,15,88.44800000000001
9,Lando  Norris  NOR,McLaren Renault,2020,15,88.542
10,Daniil  Kvyat  KVY,AlphaTauri Honda,2020,15,88.618
11,Sebastian  Vettel  VET,Ferrari,2020,15,89.149
12,Charles  Leclerc  LEC,Ferrari,2020,15,89.16499999999999
13,Lance  Stroll  STR,Racing Point BWT Mercedes,2020,15,89.557
14,George  Russell  RUS,Williams Mercedes,2020,15,91.218
15,Carlos  Sainz  SAI,McLaren Renault,2020,15,
16,Antonio  Giovinazzi  GIO,Alfa Romeo Racing Ferrari,2020,15,89.491
17,Kimi  Räikkönen  RAI,Alfa Romeo Racing Ferrari,2020,15,89.81
18,Kevin  Magnussen  MAG,Haas Ferrari,2020,15,90.111
19,Romain  Grosjean  GRO,Haas Ferrari,2020,15,90.138
20,Nicholas  Latifi  LAT,Williams Mercedes,2020,15,90.182
1,Valtteri  Bottas  BOT,Mercedes,2020,16,53.377
2,George  Russell  RUS,Mercedes,2020,16,53.403
3,Max  Verstappen  VER,Red Bull Racing Honda,2020,16,53.433
4,Charles  Leclerc  LEC,Ferrari,2020,16,53.613
5,Sergio  Perez  PER,Racing Point BWT Mercedes,2020,16,53.79
6,Daniil  Kvyat  KVY,AlphaTauri Honda,2020,16,53.906
7,Daniel  Ricciardo  RIC,Renault,2020,16,53.957
8,Carlos  Sainz  SAI,McLaren Renault,2020,16,54.01
9,Pierre  Gasly  GAS,AlphaTauri Honda,2020,16,54.154
10,Lance  Stroll  STR,Racing Point BWT Mercedes,2020,16,54.2
11,Esteban  Ocon  OCO,Renault,2020,16,53.995
12,Alexander  Albon  ALB,Red Bull Racing Honda,2020,16,54.026
13,Sebastian  Vettel  VET,Ferrari,2020,16,54.175
14,Antonio  Giovinazzi  GIO,Alfa Romeo Racing Ferrari,2020,16,54.377
15,Lando  Norris  NOR,McLaren Renault,2020,16,54.693
16,Kevin  Magnussen  MAG,Haas Ferrari,2020,16,54.705
17,Nicholas  Latifi  LAT,Williams Mercedes,2020,16,54.796
18,Jack  Aitken  AIT,Williams Mercedes,2020,16,54.892
19,Kimi  Räikkönen  RAI,Alfa Romeo Racing Ferrari,2020,16,54.963
20,Pietro  Fittipaldi  FIT,Haas Ferrari,2020,16,55.426
1,Max  Verstappen  VER,Red Bull Racing Honda,2020,17,95.24600000000001
2,Valtteri  Bottas  BOT,Mercedes,2020,17,95.271
3,Lewis  Hamilton  HAM,Mercedes,2020,17,95.332
4,Lando  Norris  NOR,McLaren Renault,2020,17,95.497
5,Alexander  Albon  ALB,Red Bull Racing Honda,2020,17,95.571
6,Carlos  Sainz  SAI,McLaren Renault,2020,17,95.815
7,Daniil  Kvyat  KVY,AlphaTauri Honda,2020,17,95.963
8,Lance  Stroll  STR,Racing Point BWT Mercedes,2020,17,96.04599999999999
9,Pierre  Gasly  GAS,AlphaTauri Honda,2020,17,96.24199999999999
10,Esteban  Ocon  OCO,Renault,2020,17,96.35900000000001
11,Daniel  Ricciardo  RIC,Renault,2020,17,96.406
12,Charles  Leclerc  LEC,Ferrari,2020,17,96.065
13,Sebastian  Vettel  VET,Ferrari,2020,17,96.631
14,Antonio  Giovinazzi  GIO,Alfa Romeo Racing Ferrari,2020,17,98.24799999999999
15,Kimi  Räikkönen  RAI,Alfa Romeo Racing Ferrari,2020,17,97.555
16,George  Russell  RUS,Williams Mercedes,2020,17,98.045
17,Pietro  Fittipaldi  FIT,Haas Ferrari,2020,17,98.173
18,Nicholas  Latifi  LAT,Williams Mercedes,2020,17,98.443
19,Sergio  Perez  PER,Racing Point BWT Mercedes,2020,17,
20,Kevin  Magnussen  MAG,Haas Ferrari,2020,17,97.863
1,Max  Verstappen  VER,Red Bull Racing Honda,2021,1,88.997
2,Lewis  Hamilton  HAM,Mercedes,2021,1,89.385
3,Valtteri  Bottas  BOT,Mercedes,2021,1,89.586
4,Charles  Leclerc  LEC,Ferrari,2021,1,89.678
5,Pierre  Gasly  GAS,AlphaTauri Honda,2021,1,89.809
6,Daniel  Ricciardo  RIC,McLaren Mercedes,2021,1,89.92699999999999
7,Lando  Norris  NOR,McLaren Mercedes,2021,1,89.974
8,Carlos  Sainz  SAI,Ferrari,2021,1,90.215
9,Fernando  Alonso  ALO,Alpine Renault,2021,1,90.249
10,Lance  Stroll  STR,Aston Martin Mercedes,2021,1,90.601
11,Sergio  Perez  PER,Red Bull Racing Honda,2021,1,90.65899999999999
12,Antonio  Giovinazzi  GIO,Alfa Romeo Racing Ferrari,2021,1,90.708
13,Yuki  Tsunoda  TSU,AlphaTauri Honda,2021,1,91.203
14,Kimi  Räikkönen  RAI,Alfa Romeo Racing Ferrari,2021,1,91.238
15,George  Russell  RUS,Williams Mercedes,2021,1,93.43
16,Esteban  Ocon  OCO,Alpine Renault,2021,1,91.724
17,Nicholas  Latifi  LAT,Williams Mercedes,2021,1,91.936
18,Mick  Schumacher  MSC,Haas Ferrari,2021,1,92.449
19,Nikita  Mazepin  MAZ,Haas Ferrari,2021,1,93.273
20,Sebastian  Vettel  VET,Aston Martin Mercedes,2021,1,92.056
1,Lewis  Hamilton  HAM,Mercedes,2021,2,74.411
2,Sergio  Perez  PER,Red Bull Racing Honda,2021,2,74.446
3,Max  Verstappen  VER,Red Bull Racing Honda,2021,2,74.498
4,Charles  Leclerc  LEC,Ferrari,2021,2,74.74
5,Pierre  Gasly  GAS,AlphaTauri Honda,2021,2,74.78999999999999
6,Daniel  Ricciardo  RIC,McLaren Mercedes,2021,2,74.826
7,Lando  Norris  NOR,McLaren Mercedes,2021,2,74.875
8,Valtteri  Bottas  BOT,Mercedes,2021,2,74.898
9,Esteban  Ocon  OCO,Alpine Renault,2021,2,75.21000000000001
10,Lance  Stroll  STR,Aston Martin Mercedes,2021,2,
11,Carlos  Sainz  SAI,Ferrari,2021,2,75.199
12,George  Russell  RUS,Williams Mercedes,2021,2,75.261
13,Sebastian  Vettel  VET,Aston Martin Mercedes,2021,2,75.394
14,Nicholas  Latifi  LAT,Williams Mercedes,2021,2,75.593
15,Fernando  Alonso  ALO,Alpine Renault,2021,2,75.593
16,Kimi  Räikkönen  RAI,Alfa Romeo Racing Ferrari,2021,2,75.974
17,Antonio  Giovinazzi  GIO,Alfa Romeo Racing Ferrari,2021,2,76.122
18,Mick  Schumacher  MSC,Haas Ferrari,2021,2,76.279
19,Nikita  Mazepin  MAZ,Haas Ferrari,2021,2,76.797
20,Yuki  Tsunoda  TSU,AlphaTauri Honda,2021,2,
1,Valtteri  Bottas  BOT,Mercedes,2021,3,78.348
2,Lewis  Hamilton  HAM,Mercedes,2021,3,78.355
3,Max  Verstappen  VER,Red Bull Racing Honda,2021,3,78.746
4,Sergio  Perez  PER,Red Bull Racing Honda,2021,3,78.89
5,Carlos  Sainz  SAI,Ferrari,2021,3,79.039
6,Esteban  Ocon  OCO,Alpine Renault,2021,3,79.042
7,Lando  Norris  NOR,McLaren Mercedes,2021,3,79.116
8,Charles  Leclerc  LEC,Ferrari,2021,3,79.306
9,Pierre  Gasly  GAS,AlphaTauri Honda,2021,3,79.475
10,Sebastian  Vettel  VET,Aston Martin Mercedes,2021,3,79.65899999999999
11,George  Russell  RUS,Williams Mercedes,2021,3,79.10900000000001
12,Antonio  Giovinazzi  GIO,Alfa Romeo Racing Ferrari,2021,3,79.21600000000001
13,Fernando  Alonso  ALO,Alpine Renault,2021,3,79.456
14,Yuki  Tsunoda  TSU,AlphaTauri Honda,2021,3,79.463
15,Kimi  Räikkönen  RAI,Alfa Romeo Racing Ferrari,2021,3,79.812
16,Daniel  Ricciardo  RIC,McLaren Mercedes,2021,3,79.839
17,Lance  Stroll  STR,Aston Martin Mercedes,2021,3,79.913
18,Nicholas  Latifi  LAT,Williams Mercedes,2021,3,80.285
19,Mick  Schumacher  MSC,Haas Ferrari,2021,3,80.452
20,Nikita  Mazepin  MAZ,Haas Ferrari,2021,3,80.912
1,Lewis  Hamilton  HAM,Mercedes,2021,4,76.741
2,Max  Verstappen  VER,Red Bull Racing Honda,2021,4,76.777
3,Valtteri  Bottas  BOT,Mercedes,2021,4,76.873
4,Charles  Leclerc  LEC,Ferrari,2021,4,77.51
5,Esteban  Ocon  OCO,Alpine Renault,2021,4,77.58
6,Carlos  Sainz  SAI,Ferrari,2021,4,77.62
7,Daniel  Ricciardo  RIC,McLaren Mercedes,2021,4,77.622
8,Sergio  Perez  PER,Red Bull Racing Honda,2021,4,77.701
9,Lando  Norris  NOR,McLaren Mercedes,2021,4,78.01
10,Fernando  Alonso  ALO,Alpine Renault,2021,4,78.14699999999999
11,Lance  Stroll  STR,Aston Martin Mercedes,2021,4,77.974
12,Pierre  Gasly  GAS,AlphaTauri Honda,2021,4,77.982
13,Sebastian  Vettel  VET,Aston Martin Mercedes,2021,4,78.07900000000001
14,Antonio  Giovinazzi  GIO,Alfa Romeo Racing Ferrari,2021,4,78.356
15,George  Russell  RUS,Williams Mercedes,2021,4,79.154
16,Yuki  Tsunoda  TSU,AlphaTauri Honda,2021,4,78.556
17,Kimi  Räikkönen  RAI,Alfa Romeo Racing Ferrari,2021,4,78.917
18,Mick  Schumacher  MSC,Haas Ferrari,2021,4,79.117
19,Nicholas  Latifi  LAT,Williams Mercedes,2021,4,79.219
20,Nikita  Mazepin  MAZ,Haas Ferrari,2021,4,79.807
1,Charles  Leclerc  LEC,Ferrari,2021,5,70.346
2,Max  Verstappen  VER,Red Bull Racing Honda,2021,5,70.576
3,Valtteri  Bottas  BOT,Mercedes,2021,5,70.601
4,Carlos  Sainz  SAI,Ferrari,2021,5,70.611
5,Lando  Norris  NOR,McLaren Mercedes,2021,5,70.62
6,Pierre  Gasly  GAS,AlphaTauri Honda,2021,5,70.9
7,Lewis  Hamilton  HAM,Mercedes,2021,5,71.095
8,Sebastian  Vettel  VET,Aston Martin Mercedes,2021,5,71.419
9,Sergio  Perez  PER,Red Bull Racing Honda,2021,5,71.57300000000001
10,Antonio  Giovinazzi  GIO,Alfa Romeo Racing Ferrari,2021,5,71.779
11,Esteban  Ocon  OCO,Alpine Renault,2021,5,71.486
12,Daniel  Ricciardo  RIC,McLaren Mercedes,2021,5,71.598
13,Lance  Stroll  STR,Aston Martin Mercedes,2021,5,71.6
14,Kimi  Räikkönen  RAI,Alfa Romeo Racing Ferrari,2021,5,71.642
15,George  Russell  RUS,Williams Mercedes,2021,5,71.83
16,Yuki  Tsunoda  TSU,AlphaTauri Honda,2021,5,72.096
17,Fernando  Alonso  ALO,Alpine Renault,2021,5,72.205
18,Nicholas  Latifi  LAT,Williams Mercedes,2021,5,72.366
19,Nikita  Mazepin  MAZ,Haas Ferrari,2021,5,72.958
20,Mick  Schumacher  MSC,Haas Ferrari,2021,5,
1,Charles  Leclerc  LEC,Ferrari,2021,6,101.218
2,Lewis  Hamilton  HAM,Mercedes,2021,6,101.45
3,Max  Verstappen  VER,Red Bull Racing Honda,2021,6,101.563
4,Pierre  Gasly  GAS,AlphaTauri Honda,2021,6,101.565
5,Carlos  Sainz  SAI,Ferrari,2021,6,101.576
6,Sergio  Perez  PER,Red Bull Racing Honda,2021,6,101.917
7,Yuki  Tsunoda  TSU,AlphaTauri Honda,2021,6,102.211
8,Fernando  Alonso  ALO,Alpine Renault,2021,6,102.327
9,Lando  Norris  NOR,McLaren Mercedes,2021,6,101.747
10,Valtteri  Bottas  BOT,Mercedes,2021,6,102.65899999999999
11,Sebastian  Vettel  VET,Aston Martin Mercedes,2021,6,102.22399999999999
12,Esteban  Ocon  OCO,Alpine Renault,2021,6,102.273
13,Daniel  Ricciardo  RIC,McLaren Mercedes,2021,6,102.55799999999999
14,Kimi  Räikkönen  RAI,Alfa Romeo Racing Ferrari,2021,6,102.587
15,George  Russell  RUS,Williams Mercedes,2021,6,102.75800000000001
16,Nicholas  Latifi  LAT,Williams Mercedes,2021,6,103.128
17,Mick  Schumacher  MSC,Haas Ferrari,2021,6,104.158
18,Nikita  Mazepin  MAZ,Haas Ferrari,2021,6,104.238
19,Lance  Stroll  STR,Aston Martin Mercedes,2021,6,
20,Antonio  Giovinazzi  GIO,Alfa Romeo Racing Ferrari,2021,6,
1,Max  Verstappen  VER,Red Bull Racing Honda,2021,7,89.99
2,Lewis  Hamilton  HAM,Mercedes,2021,7,90.248
3,Valtteri  Bottas  BOT,Mercedes,2021,7,90.376
4,Sergio  Perez  PER,Red Bull Racing Honda,2021,7,90.445
5,Carlos  Sainz  SAI,Ferrari,2021,7,90.84
6,Pierre  Gasly  GAS,AlphaTauri Honda,2021,7,90.868
7,Charles  Leclerc  LEC,Ferrari,2021,7,90.987
8,Lando  Norris  NOR,McLaren Mercedes,2021,7,91.252
9,Fernando  Alonso  ALO,Alpine Renault,2021,7,91.34
10,Daniel  Ricciardo  RIC,McLaren Mercedes,2021,7,91.382
11,Esteban  Ocon  OCO,Alpine Renault,2021,7,91.736
12,Sebastian  Vettel  VET,Aston Martin Mercedes,2021,7,91.767
13,Antonio  Giovinazzi  GIO,Alfa Romeo Racing Ferrari,2021,7,91.813
14,George  Russell  RUS,Williams Mercedes,2021,7,92.065
15,Mick  Schumacher  MSC,Haas Ferrari,2021,7,
16,Nicholas  Latifi  LAT,Williams Mercedes,2021,7,93.062
17,Kimi  Räikkönen  RAI,Alfa Romeo Racing Ferrari,2021,7,93.354
18,Nikita  Mazepin  MAZ,Haas Ferrari,2021,7,93.554
19,Lance  Stroll  STR,Aston Martin Mercedes,2021,7,132.584
1,Max  Verstappen  VER,Red Bull Racing Honda,2021,8,63.841
2,Lewis  Hamilton  HAM,Mercedes,2021,8,64.06700000000001
3,Lando  Norris  NOR,McLaren Mercedes,2021,8,64.12
4,Sergio  Perez  PER,Red Bull Racing Honda,2021,8,64.168
5,Valtteri  Bottas  BOT,Mercedes,2021,8,64.035
6,Pierre  Gasly  GAS,AlphaTauri Honda,2021,8,64.236
7,Charles  Leclerc  LEC,Ferrari,2021,8,64.472
8,Fernando  Alonso  ALO,Alpine Renault,2021,8,64.574
9,Lance  Stroll  STR,Aston Martin Mercedes,2021,8,64.708
10,George  Russell  RUS,Williams Mercedes,2021,8,64.671
11,Yuki  Tsunoda  TSU,AlphaTauri Honda,2021,8,64.514
12,Carlos  Sainz  SAI,Ferrari,2021,8,64.8
13,Daniel  Ricciardo  RIC,McLaren Mercedes,2021,8,64.80799999999999
14,Sebastian  Vettel  VET,Aston Martin Mercedes,2021,8,64.875
15,Antonio  Giovinazzi  GIO,Alfa Romeo Racing Ferrari,2021,8,64.913
16,Nicholas  Latifi  LAT,Williams Mercedes,2021,8,65.175
17,Esteban  Ocon  OCO,Alpine Renault,2021,8,65.217
18,Kimi  Räikkönen  RAI,Alfa Romeo Racing Ferrari,2021,8,65.429
19,Mick  Schumacher  MSC,Haas Ferrari,2021,8,66.041
20,Nikita  Mazepin  MAZ,Haas Ferrari,2021,8,66.19200000000001
1,Max  Verstappen  VER,Red Bull Racing Honda,2021,9,63.72
2,Lando  Norris  NOR,McLaren Mercedes,2021,9,63.768
3,Sergio  Perez  PER,Red Bull Racing Honda,2021,9,63.99
4,Lewis  Hamilton  HAM,Mercedes,2021,9,64.014
5,Valtteri  Bottas  BOT,Mercedes,2021,9,64.049
6,Pierre  Gasly  GAS,AlphaTauri Honda,2021,9,64.107
7,Yuki  Tsunoda  TSU,AlphaTauri Honda,2021,9,64.273
8,George  Russell  RUS,Williams Mercedes,2021,9,64.591
9,Lance  Stroll  STR,Aston Martin Mercedes,2021,9,64.618
10,Carlos  Sainz  SAI,Ferrari,2021,9,64.559
11,Sebastian  Vettel  VET,Aston Martin Mercedes,2021,9,64.57
12,Charles  Leclerc  LEC,Ferrari,2021,9,64.6
13,Daniel  Ricciardo  RIC,McLaren Mercedes,2021,9,64.719
14,Fernando  Alonso  ALO,Alpine Renault,2021,9,64.856
15,Antonio  Giovinazzi  GIO,Alfa Romeo Racing Ferrari,2021,9,65.083
16,Kimi  Räikkönen  RAI,Alfa Romeo Racing Ferrari,2021,9,65.009
17,Esteban  Ocon  OCO,Alpine Renault,2021,9,65.051
18,Nicholas  Latifi  LAT,Williams Mercedes,2021,9,65.195
19,Mick  Schumacher  MSC,Haas Ferrari,2021,9,65.42699999999999
20,Nikita  Mazepin  MAZ,Haas Ferrari,2021,9,65.951
1,Max  Verstappen  VER,Red Bull Racing Honda,2021,10,
2,Lewis  Hamilton  HAM,Mercedes,2021,10,
3,Valtteri  Bottas  BOT,Mercedes,2021,10,
4,Charles  Leclerc  LEC,Ferrari,2021,10,
5,Lando  Norris  NOR,McLaren Mercedes,2021,10,
6,Daniel  Ricciardo  RIC,McLaren Mercedes,2021,10,
7,Fernando  Alonso  ALO,Alpine Renault,2021,10,
8,Sebastian  Vettel  VET,Aston Martin Mercedes,2021,10,
9,Esteban  Ocon  OCO,Alpine Renault,2021,10,
10,Carlos  Sainz  SAI,Ferrari,2021,10,
11,Pierre  Gasly  GAS,AlphaTauri Honda,2021,10,
12,George  Russell  RUS,Williams Mercedes,2021,10,
13,Kimi  Räikkönen  RAI,Alfa Romeo Racing Ferrari,2021,10,
14,Lance  Stroll  STR,Aston Martin Mercedes,2021,10,
15,Antonio  Giovinazzi  GIO,Alfa Romeo Racing Ferrari,2021,10,
16,Yuki  Tsunoda  TSU,AlphaTauri Honda,2021,10,
17,Nicholas  Latifi  LAT,Williams Mercedes,2021,10,
18,Mick  Schumacher  MSC,Haas Ferrari,2021,10,
19,Nikita  Mazepin  MAZ,Haas Ferrari,2021,10,
20,Sergio  Perez  PER,Red Bull Racing Honda,2021,10,
1,Lewis  Hamilton  HAM,Mercedes,2021,11,75.419
2,Valtteri  Bottas  BOT,Mercedes,2021,11,75.734
3,Max  Verstappen  VER,Red Bull Racing Honda,2021,11,75.84
4,Sergio  Perez  PER,Red Bull Racing Honda,2021,11,76.42099999999999
5,Pierre  Gasly  GAS,AlphaTauri Honda,2021,11,76.483
6,Lando  Norris  NOR,McLaren Mercedes,2021,11,76.489
7,Charles  Leclerc  LEC,Ferrari,2021,11,76.496
8,Esteban  Ocon  OCO,Alpine Renault,2021,11,76.65299999999999
9,Fernando  Alonso  ALO,Alpine Renault,2021,11,76.715
10,Sebastian  Vettel  VET,Aston Martin Mercedes,2021,11,76.75
11,Daniel  Ricciardo  RIC,McLaren Mercedes,2021,11,76.871
12,Lance  Stroll  STR,Aston Martin Mercedes,2021,11,76.893
13,Kimi  Räikkönen  RAI,Alfa Romeo Racing Ferrari,2021,11,77.564
14,Antonio  Giovinazzi  GIO,Alfa Romeo Racing Ferrari,2021,11,77.583
15,Carlos  Sainz  SAI,Ferrari,2021,11,
16,Yuki  Tsunoda  TSU,AlphaTauri Honda,2021,11,77.919
17,George  Russell  RUS,Williams Mercedes,2021,11,77.944
18,Nicholas  Latifi  LAT,Williams Mercedes,2021,11,78.036
19,Nikita  Mazepin  MAZ,Haas Ferrari,2021,11,78.922
20,Mick  Schumacher  MSC,Haas Ferrari,2021,11,
1,Max  Verstappen  VER,Red Bull Racing Honda,2021,12,119.765
2,George  Russell  RUS,Williams Mercedes,2021,12,120.086
3,Lewis  Hamilton  HAM,Mercedes,2021,12,120.099
4,Daniel  Ricciardo  RIC,McLaren Mercedes,2021,12,120.864
5,Sebastian  Vettel  VET,Aston Martin Mercedes,2021,12,120.935
6,Pierre  Gasly  GAS,AlphaTauri Honda,2021,12,121.164
7,Sergio  Perez  PER,Red Bull Racing Honda,2021,12,122.112
8,Esteban  Ocon  OCO,Alpine Renault,2021,12,123.513
9,Charles  Leclerc  LEC,Ferrari,2021,12,117.721
10,Nicholas  Latifi  LAT,Williams Mercedes,2021,12,118.056
11,Carlos  Sainz  SAI,Ferrari,2021,12,118.137
12,Fernando  Alonso  ALO,Alpine Renault,2021,12,118.205
13,Valtteri  Bottas  BOT,Mercedes,2021,12,122.502
14,Antonio  Giovinazzi  GIO,Alfa Romeo Racing Ferrari,2021,12,122.306
15,Lando  Norris  NOR,McLaren Mercedes,2021,12,
16,Yuki  Tsunoda  TSU,AlphaTauri Honda,2021,12,122.413
17,Mick  Schumacher  MSC,Haas Ferrari,2021,12,123.973
18,Nikita  Mazepin  MAZ,Haas Ferrari,2021,12,124.939
19,Lance  Stroll  STR,Aston Martin Mercedes,2021,12,118.231
20,Kimi  Räikkönen  RAI,Alfa Romeo Racing Ferrari,2021,12,124.452
1,Max  Verstappen  VER,Red Bull Racing Honda,2021,13,68.885
2,Lewis  Hamilton  HAM,Mercedes,2021,13,68.923
3,Valtteri  Bottas  BOT,Mercedes,2021,13,69.222
4,Pierre  Gasly  GAS,AlphaTauri Honda,2021,13,69.478
5,Charles  Leclerc  LEC,Ferrari,2021,13,69.527
6,Carlos  Sainz  SAI,Ferrari,2021,13,69.537
7,Antonio  Giovinazzi  GIO,Alfa Romeo Racing Ferrari,2021,13,69.59
8,Esteban  Ocon  OCO,Alpine Renault,2021,13,69.93299999999999
9,Fernando  Alonso  ALO,Alpine Renault,2021,13,69.956
10,Daniel  Ricciardo  RIC,McLaren Mercedes,2021,13,70.166
11,George  Russell  RUS,Williams Mercedes,2021,13,70.332
12,Lance  Stroll  STR,Aston Martin Mercedes,2021,13,70.367
13,Lando  Norris  NOR,McLaren Mercedes,2021,13,70.406
14,Yuki  Tsunoda  TSU,AlphaTauri Honda,2021,13,71.314
15,Sebastian  Vettel  VET,Aston Martin Mercedes,2021,13,70.731
16,Robert  Kubica  KUB,Alfa Romeo Racing Ferrari,2021,13,71.301
17,Mick  Schumacher  MSC,Haas Ferrari,2021,13,71.387
18,Nikita  Mazepin  MAZ,Haas Ferrari,2021,13,71.875
1,Max  Verstappen  VER,Red Bull Racing Honda,2021,14,
2,Daniel  Ricciardo  RIC,McLaren Mercedes,2021,14,
3,Lando  Norris  NOR,McLaren Mercedes,2021,14,
4,Lewis  Hamilton  HAM,Mercedes,2021,14,
5,Charles  Leclerc  LEC,Ferrari,2021,14,
6,Carlos  Sainz  SAI,Ferrari,2021,14,
7,Antonio  Giovinazzi  GIO,Alfa Romeo Racing Ferrari,2021,14,
8,Sergio  Perez  PER,Red Bull Racing Honda,2021,14,
9,Lance  Stroll  STR,Aston Martin Mercedes,2021,14,
10,Fernando  Alonso  ALO,Alpine Renault,2021,14,
11,Sebastian  Vettel  VET,Aston Martin Mercedes,2021,14,
12,Esteban  Ocon  OCO,Alpine Renault,2021,14,
13,Nicholas  Latifi  LAT,Williams Mercedes,2021,14,
14,George  Russell  RUS,Williams Mercedes,2021,14,
15,Yuki  Tsunoda  TSU,AlphaTauri Honda,2021,14,
16,Nikita  Mazepin  MAZ,Haas Ferrari,2021,14,
17,Robert  Kubica  KUB,Alfa Romeo Racing Ferrari,2021,14,
18,Mick  Schumacher  MSC,Haas Ferrari,2021,14,
19,Valtteri  Bottas  BOT,Mercedes,2021,14,
1,Lando  Norris  NOR,McLaren Mercedes,2021,15,101.993
2,Carlos  Sainz  SAI,Ferrari,2021,15,102.50999999999999
3,George  Russell  RUS,Williams Mercedes,2021,15,102.983
4,Lewis  Hamilton  HAM,Mercedes,2021,15,104.05
5,Daniel  Ricciardo  RIC,McLaren Mercedes,2021,15,104.156
6,Fernando  Alonso  ALO,Alpine Renault,2021,15,104.20400000000001
7,Lance  Stroll  STR,Aston Martin Mercedes,2021,15,104.956
8,Sergio  Perez  PER,Red Bull Racing Honda,2021,15,105.337
9,Esteban  Ocon  OCO,Alpine Renault,2021,15,105.86500000000001
10,Sebastian  Vettel  VET,Aston Martin Mercedes,2021,15,106.57300000000001
11,Pierre  Gasly  GAS,AlphaTauri Honda,2021,15,106.64099999999999
12,Yuki  Tsunoda  TSU,AlphaTauri Honda,2021,15,106.751
13,Kimi  Räikkönen  RAI,Alfa Romeo Racing Ferrari,2021,15,109.586
14,Mick  Schumacher  MSC,Haas Ferrari,2021,15,109.83
15,Nikita  Mazepin  MAZ,Haas Ferrari,2021,15,113.76400000000001
16,Valtteri  Bottas  BOT,Mercedes,2021,15,104.71000000000001
17,Antonio  Giovinazzi  GIO,Alfa Romeo Racing Ferrari,2021,15,111.023
18,Nicholas  Latifi  LAT,Williams Mercedes,2021,15,
19,Charles  Leclerc  LEC,Ferrari,2021,15,
20,Max  Verstappen  VER,Red Bull Racing Honda,2021,15,
1,Valtteri  Bottas  BOT,Mercedes,2021,16,82.998
2,Max  Verstappen  VER,Red Bull Racing Honda,2021,16,83.196
3,Charles  Leclerc  LEC,Ferrari,2021,16,83.265
4,Pierre  Gasly  GAS,AlphaTauri Honda,2021,16,83.326
5,Fernando  Alonso  ALO,Alpine Renault,2021,16,83.477
6,Sergio  Perez  PER,Red Bull Racing Honda,2021,16,83.706
7,Lando  Norris  NOR,McLaren Mercedes,2021,16,83.95400000000001
8,Lance  Stroll  STR,Aston Martin Mercedes,2021,16,84.305
9,Yuki  Tsunoda  TSU,AlphaTauri Honda,2021,16,84.368
10,Sebastian  Vettel  VET,Aston Martin Mercedes,2021,16,84.795
11,Lewis  Hamilton  HAM,Mercedes,2021,16,82.868
12,Esteban  Ocon  OCO,Alpine Renault,2021,16,84.842
13,George  Russell  RUS,Williams Mercedes,2021,16,85.007
14,Mick  Schumacher  MSC,Haas Ferrari,2021,16,85.2
15,Nicholas  Latifi  LAT,Williams Mercedes,2021,16,86.086
16,Antonio  Giovinazzi  GIO,Alfa Romeo Racing Ferrari,2021,16,86.43
17,Kimi  Räikkönen  RAI,Alfa Romeo Racing Ferrari,2021,16,87.525
18,Nikita  Mazepin  MAZ,Haas Ferrari,2021,16,88.449
19,Carlos  Sainz  SAI,Ferrari,2021,16,
20,Daniel  Ricciardo  RIC,McLaren Mercedes,2021,16,85.881
1,Max  Verstappen  VER,Red Bull Racing Honda,2021,17,92.91
2,Lewis  Hamilton  HAM,Mercedes,2021,17,93.119
3,Sergio  Perez  PER,Red Bull Racing Honda,2021,17,93.134
4,Charles  Leclerc  LEC,Ferrari,2021,17,93.606
5,Carlos  Sainz  SAI,Ferrari,2021,17,93.792
6,Daniel  Ricciardo  RIC,McLaren Mercedes,2021,17,93.80799999999999
7,Lando  Norris  NOR,McLaren Mercedes,2021,17,93.887
8,Pierre  Gasly  GAS,AlphaTauri Honda,2021,17,94.118
9,Valtteri  Bottas  BOT,Mercedes,2021,17,93.475
10,Yuki  Tsunoda  TSU,AlphaTauri Honda,2021,17,94.918
11,Esteban  Ocon  OCO,Alpine Renault,2021,17,95.37700000000001
12,Antonio  Giovinazzi  GIO,Alfa Romeo Racing Ferrari,2021,17,95.794
13,Lance  Stroll  STR,Aston Martin Mercedes,2021,17,95.983
14,Nicholas  Latifi  LAT,Williams Mercedes,2021,17,95.995
15,Kimi  Räikkönen  RAI,Alfa Romeo Racing Ferrari,2021,17,96.311
16,Mick  Schumacher  MSC,Haas Ferrari,2021,17,96.499
17,Nikita  Mazepin  MAZ,Haas Ferrari,2021,17,96.79599999999999
18,Sebastian  Vettel  VET,Aston Martin Mercedes,2021,17,95.5
19,Fernando  Alonso  ALO,Alpine Renault,2021,17,104.549
20,George  Russell  RUS,Williams Mercedes,2021,17,
1,Valtteri  Bottas  BOT,Mercedes,2021,18,75.875
2,Lewis  Hamilton  HAM,Mercedes,2021,18,76.02
3,Max  Verstappen  VER,Red Bull Racing Honda,2021,18,76.225
4,Sergio  Perez  PER,Red Bull Racing Honda,2021,18,76.342
5,Pierre  Gasly  GAS,AlphaTauri Honda,2021,18,76.456
6,Carlos  Sainz  SAI,Ferrari,2021,18,76.761
7,Daniel  Ricciardo  RIC,McLaren Mercedes,2021,18,76.763
8,Charles  Leclerc  LEC,Ferrari,2021,18,76.837
9,Sebastian  Vettel  VET,Aston Martin Mercedes,2021,18,77.746
10,Kimi  Räikkönen  RAI,Alfa Romeo Racing Ferrari,2021,18,77.958
11,Antonio  Giovinazzi  GIO,Alfa Romeo Racing Ferrari,2021,18,78.28999999999999
12,Fernando  Alonso  ALO,Alpine Renault,2021,18,78.452
13,Nicholas  Latifi  LAT,Williams Mercedes,2021,18,78.756
14,Mick  Schumacher  MSC,Haas Ferrari,2021,18,78.858
15,Nikita  Mazepin  MAZ,Haas Ferrari,2021,18,79.303
16,George  Russell  RUS,Williams Mercedes,2021,18,78.172
17,Yuki  Tsunoda  TSU,AlphaTauri Honda,2021,18,77.158
18,Lando  Norris  NOR,McLaren Mercedes,2021,18,96.83
19,Esteban  Ocon  OCO,Alpine Renault,2021,18,78.405
20,Lance  Stroll  STR,Aston Martin Mercedes,2021,18,80.873
1,Valtteri  Bottas  BOT,Mercedes,2021,19,
2,Max  Verstappen  VER,Red Bull Racing Honda,2021,19,
3,Carlos  Sainz  SAI,Ferrari,2021,19,
4,Sergio  Perez  PER,Red Bull Racing Honda,2021,19,
5,Lando  Norris  NOR,McLaren Mercedes,2021,19,
6,Charles  Leclerc  LEC,Ferrari,2021,19,
7,Pierre  Gasly  GAS,AlphaTauri Honda,2021,19,
8,Esteban  Ocon  OCO,Alpine Renault,2021,19,
9,Sebastian  Vettel  VET,Aston Martin Mercedes,2021,19,
10,Lewis  Hamilton  HAM,Mercedes,2021,19,
11,Daniel  Ricciardo  RIC,McLaren Mercedes,2021,19,
12,Fernando  Alonso  ALO,Alpine Renault,2021,19,
13,Antonio  Giovinazzi  GIO,Alfa Romeo Racing Ferrari,2021,19,
14,Lance  Stroll  STR,Aston Martin Mercedes,2021,19,
15,Yuki  Tsunoda  TSU,AlphaTauri Honda,2021,19,
16,Nicholas  Latifi  LAT,Williams Mercedes,2021,19,
17,George  Russell  RUS,Williams Mercedes,2021,19,
18,Mick  Schumacher  MSC,Haas Ferrari,2021,19,
19,Nikita  Mazepin  MAZ,Haas Ferrari,2021,19,
20,Kimi  Räikkönen  RAI,Alfa Romeo Racing Ferrari,2021,19,
1,Lewis  Hamilton  HAM,Mercedes,2021,20,80.827
2,Pierre  Gasly  GAS,AlphaTauri Honda,2021,20,81.64
3,Fernando  Alonso  ALO,Alpine Renault,2021,20,81.67
4,Lando  Norris  NOR,McLaren Mercedes,2021,20,81.731
5,Carlos  Sainz  SAI,Ferrari,2021,20,81.84
6,Valtteri  Bottas  BOT,Mercedes,2021,20,81.47800000000001
7,Max  Verstappen  VER,Red Bull Racing Honda,2021,20,81.424
8,Yuki  Tsunoda  TSU,AlphaTauri Honda,2021,20,81.881
9,Esteban  Ocon  OCO,Alpine Renault,2021,20,82.02799999999999
10,Sebastian  Vettel  VET,Aston Martin Mercedes,2021,20,82.785
11,Sergio  Perez  PER,Red Bull Racing Honda,2021,20,82.346
12,Lance  Stroll  STR,Aston Martin Mercedes,2021,20,82.46000000000001
13,Charles  Leclerc  LEC,Ferrari,2021,20,82.463
14,Daniel  Ricciardo  RIC,McLaren Mercedes,2021,20,82.59700000000001
15,George  Russell  RUS,Williams Mercedes,2021,20,82.756
16,Kimi  Räikkönen  RAI,Alfa Romeo Racing Ferrari,2021,20,83.156
17,Nicholas  Latifi  LAT,Williams Mercedes,2021,20,83.213
18,Antonio  Giovinazzi  GIO,Alfa Romeo Racing Ferrari,2021,20,83.262
19,Mick  Schumacher  MSC,Haas Ferrari,2021,20,83.407
20,Nikita  Mazepin  MAZ,Haas Ferrari,2021,20,85.85900000000001
1,Lewis  Hamilton  HAM,Mercedes,2021,21,87.511
2,Valtteri  Bottas  BOT,Mercedes,2021,21,87.622
3,Max  Verstappen  VER,Red Bull Racing Honda,2021,21,87.65299999999999
4,Charles  Leclerc  LEC,Ferrari,2021,21,88.054
5,Sergio  Perez  PER,Red Bull Racing Honda,2021,21,88.123
6,Pierre  Gasly  GAS,AlphaTauri Honda,2021,21,88.125
7,Lando  Norris  NOR,McLaren Mercedes,2021,21,88.18
8,Yuki  Tsunoda  TSU,AlphaTauri Honda,2021,21,88.44200000000001
9,Esteban  Ocon  OCO,Alpine Renault,2021,21,88.64699999999999
10,Antonio  Giovinazzi  GIO,Alfa Romeo Racing Ferrari,2021,21,88.754
11,Daniel  Ricciardo  RIC,McLaren Mercedes,2021,21,88.668
12,Kimi  Räikkönen  RAI,Alfa Romeo Racing Ferrari,2021,21,88.885
13,Fernando  Alonso  ALO,Alpine Renault,2021,21,88.92
14,George  Russell  RUS,Williams Mercedes,2021,21,89.054
15,Carlos  Sainz  SAI,Ferrari,2021,21,113.652
16,Nicholas  Latifi  LAT,Williams Mercedes,2021,21,89.17699999999999
17,Sebastian  Vettel  VET,Aston Martin Mercedes,2021,21,89.19800000000001
18,Lance  Stroll  STR,Aston Martin Mercedes,2021,21,89.368
19,Mick  Schumacher  MSC,Haas Ferrari,2021,21,89.464
20,Nikita  Mazepin  MAZ,Haas Ferrari,2021,21,90.473
1,Max  Verstappen  VER,Red Bull Racing Honda,2021,22,82.10900000000001
2,Lewis  Hamilton  HAM,Mercedes,2021,22,82.48
3,Lando  Norris  NOR,McLaren Mercedes,2021,22,82.931
4,Sergio  Perez  PER,Red Bull Racing Honda,2021,22,82.947
5,Carlos  Sainz  SAI,Ferrari,2021,22,82.992
6,Valtteri  Bottas  BOT,Mercedes,2021,22,83.036
7,Charles  Leclerc  LEC,Ferrari,2021,22,83.122
8,Yuki  Tsunoda  TSU,AlphaTauri Honda,2021,22,83.22
9,Esteban  Ocon  OCO,Alpine Renault,2021,22,83.389
10,Daniel  Ricciardo  RIC,McLaren Mercedes,2021,22,83.40899999999999
11,Fernando  Alonso  ALO,Alpine Renault,2021,22,83.46000000000001
12,Pierre  Gasly  GAS,AlphaTauri Honda,2021,22,84.043
13,Lance  Stroll  STR,Aston Martin Mercedes,2021,22,84.066
14,Antonio  Giovinazzi  GIO,Alfa Romeo Racing Ferrari,2021,22,84.251
15,Sebastian  Vettel  VET,Aston Martin Mercedes,2021,22,84.305
16,Nicholas  Latifi  LAT,Williams Mercedes,2021,22,84.338
17,George  Russell  RUS,Williams Mercedes,2021,22,84.423
18,Kimi  Räikkönen  RAI,Alfa Romeo Racing Ferrari,2021,22,84.779
19,Mick  Schumacher  MSC,Haas Ferrari,2021,22,84.906
