grid,driver,season,round
1,lewis_hamilton,2014,1
2,daniel_ricciardo,2014,1
3,nico_rosberg,2014,1
4,kevin_magnussen,2014,1
5,fernando_alonso,2014,1
6,jean-eric_vergne,2014,1
7,nico_hulkenberg,2014,1
8,daniil_kvyat,2014,1
9,felipe_massa,2014,1
10,jenson_button,2014,1
11,kimi_raikkonen,2014,1
12,sebastian_vettel,2014,1
13,adrian_sutil,2014,1
14,kamui_kobayashi,2014,1
15,valtteri_bottas,2014,1
16,sergio_perez,2014,1
17,max_chilton,2014,1
18,jules_bianchi,2014,1
19,marcus_ericsson,2014,1
20,esteban_gutierrez,2014,1
21,pastor_maldonado,2014,1
1,lewis_hamilton,2014,2
2,sebastian_vettel,2014,2
3,nico_rosberg,2014,2
4,fernando_alonso,2014,2
5,daniel_ricciardo,2014,2
6,kimi_raikkonen,2014,2
7,nico_hulkenberg,2014,2
8,kevin_magnussen,2014,2
9,jean-eric_vergne,2014,2
10,jenson_button,2014,2
11,daniil_kvyat,2014,2
12,esteban_gutierrez,2014,2
13,felipe_massa,2014,2
14,sergio_perez,2014,2
15,romain_grosjean,2014,2
16,pastor_maldonado,2014,2
17,adrian_sutil,2014,2
18,valtteri_bottas,2014,2
19,jules_bianchi,2014,2
20,kamui_kobayashi,2014,2
21,max_chilton,2014,2
22,marcus_ericsson,2014,2
1,nico_rosberg,2014,3
2,lewis_hamilton,2014,3
3,valtteri_bottas,2014,3
4,sergio_perez,2014,3
5,kimi_raikkonen,2014,3
6,jenson_button,2014,3
7,felipe_massa,2014,3
8,kevin_magnussen,2014,3
9,fernando_alonso,2014,3
10,sebastian_vettel,2014,3
11,nico_hulkenberg,2014,3
12,daniil_kvyat,2014,3
13,daniel_ricciardo,2014,3
14,jean-eric_vergne,2014,3
15,esteban_gutierrez,2014,3
16,romain_grosjean,2014,3
17,pastor_maldonado,2014,3
18,kamui_kobayashi,2014,3
19,jules_bianchi,2014,3
20,marcus_ericsson,2014,3
21,max_chilton,2014,3
22,adrian_sutil,2014,3
1,lewis_hamilton,2014,4
2,daniel_ricciardo,2014,4
3,sebastian_vettel,2014,4
4,nico_rosberg,2014,4
5,fernando_alonso,2014,4
6,felipe_massa,2014,4
7,valtteri_bottas,2014,4
8,nico_hulkenberg,2014,4
9,jean-eric_vergne,2014,4
10,romain_grosjean,2014,4
11,kimi_raikkonen,2014,4
12,jenson_button,2014,4
13,daniil_kvyat,2014,4
14,adrian_sutil,2014,4
15,kevin_magnussen,2014,4
16,sergio_perez,2014,4
17,esteban_gutierrez,2014,4
18,kamui_kobayashi,2014,4
19,jules_bianchi,2014,4
20,marcus_ericsson,2014,4
21,max_chilton,2014,4
22,pastor_maldonado,2014,4
1,lewis_hamilton,2014,5
2,nico_rosberg,2014,5
3,daniel_ricciardo,2014,5
4,valtteri_bottas,2014,5
5,romain_grosjean,2014,5
6,kimi_raikkonen,2014,5
7,fernando_alonso,2014,5
8,jenson_button,2014,5
9,felipe_massa,2014,5
10,nico_hulkenberg,2014,5
11,sergio_perez,2014,5
12,daniil_kvyat,2014,5
13,esteban_gutierrez,2014,5
14,kevin_magnussen,2014,5
15,sebastian_vettel,2014,5
16,adrian_sutil,2014,5
17,max_chilton,2014,5
18,jules_bianchi,2014,5
19,marcus_ericsson,2014,5
20,kamui_kobayashi,2014,5
21,jean-eric_vergne,2014,5
22,pastor_maldonado,2014,5
1,nico_rosberg,2014,6
2,lewis_hamilton,2014,6
3,daniel_ricciardo,2014,6
4,sebastian_vettel,2014,6
5,fernando_alonso,2014,6
6,kimi_raikkonen,2014,6
7,jean-eric_vergne,2014,6
8,kevin_magnussen,2014,6
9,daniil_kvyat,2014,6
10,sergio_perez,2014,6
11,nico_hulkenberg,2014,6
12,jenson_button,2014,6
13,valtteri_bottas,2014,6
14,romain_grosjean,2014,6
15,pastor_maldonado,2014,6
16,felipe_massa,2014,6
17,esteban_gutierrez,2014,6
18,adrian_sutil,2014,6
19,max_chilton,2014,6
20,kamui_kobayashi,2014,6
21,jules_bianchi,2014,6
1,nico_rosberg,2014,7
2,lewis_hamilton,2014,7
3,sebastian_vettel,2014,7
4,valtteri_bottas,2014,7
5,felipe_massa,2014,7
6,daniel_ricciardo,2014,7
7,fernando_alonso,2014,7
8,jean-eric_vergne,2014,7
9,jenson_button,2014,7
10,kimi_raikkonen,2014,7
11,nico_hulkenberg,2014,7
12,kevin_magnussen,2014,7
13,sergio_perez,2014,7
14,romain_grosjean,2014,7
15,daniil_kvyat,2014,7
16,adrian_sutil,2014,7
17,pastor_maldonado,2014,7
18,max_chilton,2014,7
19,jules_bianchi,2014,7
20,marcus_ericsson,2014,7
21,kamui_kobayashi,2014,7
1,felipe_massa,2014,8
2,valtteri_bottas,2014,8
3,nico_rosberg,2014,8
4,fernando_alonso,2014,8
5,daniel_ricciardo,2014,8
6,kevin_magnussen,2014,8
7,daniil_kvyat,2014,8
8,kimi_raikkonen,2014,8
9,lewis_hamilton,2014,8
10,nico_hulkenberg,2014,8
11,jenson_button,2014,8
12,sebastian_vettel,2014,8
13,pastor_maldonado,2014,8
14,jean-eric_vergne,2014,8
15,sergio_perez,2014,8
16,adrian_sutil,2014,8
17,esteban_gutierrez,2014,8
18,jules_bianchi,2014,8
19,kamui_kobayashi,2014,8
20,marcus_ericsson,2014,8
21,max_chilton,2014,8
1,nico_rosberg,2014,9
2,sebastian_vettel,2014,9
3,jenson_button,2014,9
4,nico_hulkenberg,2014,9
5,kevin_magnussen,2014,9
6,lewis_hamilton,2014,9
7,sergio_perez,2014,9
8,daniel_ricciardo,2014,9
9,daniil_kvyat,2014,9
10,jean-eric_vergne,2014,9
11,romain_grosjean,2014,9
12,jules_bianchi,2014,9
13,adrian_sutil,2014,9
14,valtteri_bottas,2014,9
15,felipe_massa,2014,9
16,fernando_alonso,2014,9
17,max_chilton,2014,9
18,kimi_raikkonen,2014,9
19,esteban_gutierrez,2014,9
20,pastor_maldonado,2014,9
21,marcus_ericsson,2014,9
22,kamui_kobayashi,2014,9
1,nico_rosberg,2014,10
2,valtteri_bottas,2014,10
3,felipe_massa,2014,10
4,kevin_magnussen,2014,10
5,daniel_ricciardo,2014,10
6,sebastian_vettel,2014,10
7,fernando_alonso,2014,10
8,daniil_kvyat,2014,10
9,nico_hulkenberg,2014,10
10,sergio_perez,2014,10
11,jenson_button,2014,10
12,kimi_raikkonen,2014,10
13,jean-eric_vergne,2014,10
14,romain_grosjean,2014,10
15,adrian_sutil,2014,10
16,esteban_gutierrez,2014,10
17,jules_bianchi,2014,10
18,pastor_maldonado,2014,10
19,kamui_kobayashi,2014,10
20,lewis_hamilton,2014,10
21,max_chilton,2014,10
1,nico_rosberg,2014,11
2,sebastian_vettel,2014,11
3,valtteri_bottas,2014,11
4,daniel_ricciardo,2014,11
5,fernando_alonso,2014,11
6,felipe_massa,2014,11
7,jenson_button,2014,11
8,jean-eric_vergne,2014,11
9,nico_hulkenberg,2014,11
10,daniil_kvyat,2014,11
11,adrian_sutil,2014,11
12,sergio_perez,2014,11
13,esteban_gutierrez,2014,11
14,romain_grosjean,2014,11
15,jules_bianchi,2014,11
16,kimi_raikkonen,2014,11
17,kamui_kobayashi,2014,11
18,max_chilton,2014,11
19,marcus_ericsson,2014,11
20,pastor_maldonado,2014,11
1,nico_rosberg,2014,12
2,lewis_hamilton,2014,12
3,sebastian_vettel,2014,12
4,fernando_alonso,2014,12
5,daniel_ricciardo,2014,12
6,valtteri_bottas,2014,12
7,kevin_magnussen,2014,12
8,kimi_raikkonen,2014,12
9,felipe_massa,2014,12
10,jenson_button,2014,12
11,daniil_kvyat,2014,12
12,jean-eric_vergne,2014,12
13,sergio_perez,2014,12
14,adrian_sutil,2014,12
15,romain_grosjean,2014,12
16,jules_bianchi,2014,12
17,pastor_maldonado,2014,12
18,nico_hulkenberg,2014,12
19,max_chilton,2014,12
20,esteban_gutierrez,2014,12
21,andre_lotterer,2014,12
22,marcus_ericsson,2014,12
1,lewis_hamilton,2014,13
2,nico_rosberg,2014,13
3,valtteri_bottas,2014,13
4,felipe_massa,2014,13
5,kevin_magnussen,2014,13
6,jenson_button,2014,13
7,fernando_alonso,2014,13
8,sebastian_vettel,2014,13
9,daniel_ricciardo,2014,13
10,sergio_perez,2014,13
11,kimi_raikkonen,2014,13
12,jean-eric_vergne,2014,13
13,nico_hulkenberg,2014,13
14,adrian_sutil,2014,13
15,esteban_gutierrez,2014,13
16,pastor_maldonado,2014,13
17,romain_grosjean,2014,13
18,kamui_kobayashi,2014,13
19,jules_bianchi,2014,13
20,max_chilton,2014,13
21,daniil_kvyat,2014,13
1,lewis_hamilton,2014,14
2,nico_rosberg,2014,14
3,daniel_ricciardo,2014,14
4,sebastian_vettel,2014,14
5,fernando_alonso,2014,14
6,felipe_massa,2014,14
7,kimi_raikkonen,2014,14
8,valtteri_bottas,2014,14
9,kevin_magnussen,2014,14
10,daniil_kvyat,2014,14
11,jenson_button,2014,14
12,jean-eric_vergne,2014,14
13,nico_hulkenberg,2014,14
14,esteban_gutierrez,2014,14
15,sergio_perez,2014,14
16,romain_grosjean,2014,14
17,adrian_sutil,2014,14
18,pastor_maldonado,2014,14
19,jules_bianchi,2014,14
20,kamui_kobayashi,2014,14
21,max_chilton,2014,14
22,marcus_ericsson,2014,14
1,nico_rosberg,2014,15
2,lewis_hamilton,2014,15
3,valtteri_bottas,2014,15
4,felipe_massa,2014,15
5,fernando_alonso,2014,15
6,daniel_ricciardo,2014,15
7,kevin_magnussen,2014,15
8,jenson_button,2014,15
9,sebastian_vettel,2014,15
10,kimi_raikkonen,2014,15
11,sergio_perez,2014,15
12,daniil_kvyat,2014,15
13,nico_hulkenberg,2014,15
14,adrian_sutil,2014,15
15,esteban_gutierrez,2014,15
16,romain_grosjean,2014,15
17,marcus_ericsson,2014,15
18,jules_bianchi,2014,15
19,kamui_kobayashi,2014,15
20,jean-eric_vergne,2014,15
21,max_chilton,2014,15
22,pastor_maldonado,2014,15
1,lewis_hamilton,2014,16
2,nico_rosberg,2014,16
3,valtteri_bottas,2014,16
4,jenson_button,2014,16
5,daniil_kvyat,2014,16
6,daniel_ricciardo,2014,16
7,fernando_alonso,2014,16
8,kimi_raikkonen,2014,16
9,jean-eric_vergne,2014,16
10,sebastian_vettel,2014,16
11,kevin_magnussen,2014,16
12,sergio_perez,2014,16
13,esteban_gutierrez,2014,16
14,adrian_sutil,2014,16
15,romain_grosjean,2014,16
16,marcus_ericsson,2014,16
17,nico_hulkenberg,2014,16
18,felipe_massa,2014,16
19,kamui_kobayashi,2014,16
20,max_chilton,2014,16
21,pastor_maldonado,2014,16
1,nico_rosberg,2014,17
2,lewis_hamilton,2014,17
3,valtteri_bottas,2014,17
4,felipe_massa,2014,17
5,daniel_ricciardo,2014,17
6,fernando_alonso,2014,17
7,kevin_magnussen,2014,17
8,kimi_raikkonen,2014,17
9,adrian_sutil,2014,17
10,pastor_maldonado,2014,17
11,sergio_perez,2014,17
12,jenson_button,2014,17
13,nico_hulkenberg,2014,17
14,jean-eric_vergne,2014,17
15,esteban_gutierrez,2014,17
16,romain_grosjean,2014,17
17,daniil_kvyat,2014,17
1,nico_rosberg,2014,18
2,lewis_hamilton,2014,18
3,felipe_massa,2014,18
4,valtteri_bottas,2014,18
5,jenson_button,2014,18
6,sebastian_vettel,2014,18
7,kevin_magnussen,2014,18
8,fernando_alonso,2014,18
9,daniel_ricciardo,2014,18
10,kimi_raikkonen,2014,18
11,esteban_gutierrez,2014,18
12,nico_hulkenberg,2014,18
13,adrian_sutil,2014,18
14,romain_grosjean,2014,18
15,jean-eric_vergne,2014,18
16,pastor_maldonado,2014,18
17,daniil_kvyat,2014,18
18,sergio_perez,2014,18
1,nico_rosberg,2014,19
2,lewis_hamilton,2014,19
3,valtteri_bottas,2014,19
4,felipe_massa,2014,19
5,daniil_kvyat,2014,19
6,jenson_button,2014,19
7,kimi_raikkonen,2014,19
8,fernando_alonso,2014,19
9,kevin_magnussen,2014,19
10,jean-eric_vergne,2014,19
11,sergio_perez,2014,19
12,nico_hulkenberg,2014,19
13,adrian_sutil,2014,19
14,esteban_gutierrez,2014,19
15,pastor_maldonado,2014,19
16,kamui_kobayashi,2014,19
17,will_stevens,2014,19
18,romain_grosjean,2014,19
1,lewis_hamilton,2015,1
2,nico_rosberg,2015,1
3,felipe_massa,2015,1
4,sebastian_vettel,2015,1
5,kimi_raikkonen,2015,1
6,daniel_ricciardo,2015,1
7,carlos_sainz,2015,1
8,romain_grosjean,2015,1
9,pastor_maldonado,2015,1
10,felipe_nasr,2015,1
11,max_verstappen,2015,1
12,daniil_kvyat,2015,1
13,nico_hulkenberg,2015,1
14,sergio_perez,2015,1
15,marcus_ericsson,2015,1
16,jenson_button,2015,1
17,kevin_magnussen,2015,1
1,lewis_hamilton,2015,2
2,sebastian_vettel,2015,2
3,nico_rosberg,2015,2
4,daniel_ricciardo,2015,2
5,daniil_kvyat,2015,2
6,max_verstappen,2015,2
7,felipe_massa,2015,2
8,valtteri_bottas,2015,2
9,marcus_ericsson,2015,2
10,romain_grosjean,2015,2
11,kimi_raikkonen,2015,2
12,pastor_maldonado,2015,2
13,nico_hulkenberg,2015,2
14,sergio_perez,2015,2
15,carlos_sainz,2015,2
16,felipe_nasr,2015,2
17,jenson_button,2015,2
18,fernando_alonso,2015,2
19,roberto_merhi,2015,2
1,lewis_hamilton,2015,3
2,nico_rosberg,2015,3
3,sebastian_vettel,2015,3
4,felipe_massa,2015,3
5,valtteri_bottas,2015,3
6,kimi_raikkonen,2015,3
7,daniel_ricciardo,2015,3
8,romain_grosjean,2015,3
9,felipe_nasr,2015,3
10,marcus_ericsson,2015,3
11,pastor_maldonado,2015,3
12,daniil_kvyat,2015,3
13,max_verstappen,2015,3
14,carlos_sainz,2015,3
15,sergio_perez,2015,3
16,nico_hulkenberg,2015,3
17,jenson_button,2015,3
18,fernando_alonso,2015,3
19,will_stevens,2015,3
20,roberto_merhi,2015,3
1,lewis_hamilton,2015,4
2,sebastian_vettel,2015,4
3,nico_rosberg,2015,4
4,kimi_raikkonen,2015,4
5,valtteri_bottas,2015,4
6,felipe_massa,2015,4
7,daniel_ricciardo,2015,4
8,nico_hulkenberg,2015,4
9,carlos_sainz,2015,4
10,romain_grosjean,2015,4
11,sergio_perez,2015,4
12,felipe_nasr,2015,4
13,marcus_ericsson,2015,4
14,fernando_alonso,2015,4
15,max_verstappen,2015,4
16,pastor_maldonado,2015,4
17,daniil_kvyat,2015,4
18,will_stevens,2015,4
19,roberto_merhi,2015,4
20,jenson_button,2015,4
1,nico_rosberg,2015,5
2,lewis_hamilton,2015,5
3,sebastian_vettel,2015,5
4,valtteri_bottas,2015,5
5,carlos_sainz,2015,5
6,max_verstappen,2015,5
7,kimi_raikkonen,2015,5
8,daniil_kvyat,2015,5
9,felipe_massa,2015,5
10,daniel_ricciardo,2015,5
11,romain_grosjean,2015,5
12,pastor_maldonado,2015,5
13,fernando_alonso,2015,5
14,jenson_button,2015,5
15,felipe_nasr,2015,5
16,marcus_ericsson,2015,5
17,nico_hulkenberg,2015,5
18,sergio_perez,2015,5
19,will_stevens,2015,5
20,roberto_merhi,2015,5
1,lewis_hamilton,2015,6
2,nico_rosberg,2015,6
3,sebastian_vettel,2015,6
4,daniel_ricciardo,2015,6
5,daniil_kvyat,2015,6
6,kimi_raikkonen,2015,6
7,sergio_perez,2015,6
8,pastor_maldonado,2015,6
9,max_verstappen,2015,6
10,jenson_button,2015,6
11,nico_hulkenberg,2015,6
12,felipe_massa,2015,6
13,fernando_alonso,2015,6
14,felipe_nasr,2015,6
15,romain_grosjean,2015,6
16,valtteri_bottas,2015,6
17,marcus_ericsson,2015,6
18,will_stevens,2015,6
19,roberto_merhi,2015,6
1,lewis_hamilton,2015,7
2,nico_rosberg,2015,7
3,kimi_raikkonen,2015,7
4,valtteri_bottas,2015,7
5,romain_grosjean,2015,7
6,pastor_maldonado,2015,7
7,nico_hulkenberg,2015,7
8,daniil_kvyat,2015,7
9,daniel_ricciardo,2015,7
10,sergio_perez,2015,7
11,carlos_sainz,2015,7
12,marcus_ericsson,2015,7
13,fernando_alonso,2015,7
14,felipe_nasr,2015,7
15,felipe_massa,2015,7
16,roberto_merhi,2015,7
17,will_stevens,2015,7
18,sebastian_vettel,2015,7
19,max_verstappen,2015,7
20,jenson_button,2015,7
1,lewis_hamilton,2015,8
2,nico_rosberg,2015,8
3,sebastian_vettel,2015,8
4,felipe_massa,2015,8
5,nico_hulkenberg,2015,8
6,valtteri_bottas,2015,8
7,max_verstappen,2015,8
8,felipe_nasr,2015,8
9,romain_grosjean,2015,8
10,pastor_maldonado,2015,8
11,marcus_ericsson,2015,8
12,carlos_sainz,2015,8
13,sergio_perez,2015,8
14,kimi_raikkonen,2015,8
15,daniil_kvyat,2015,8
16,roberto_merhi,2015,8
17,will_stevens,2015,8
18,daniel_ricciardo,2015,8
19,fernando_alonso,2015,8
20,jenson_button,2015,8
1,lewis_hamilton,2015,9
2,nico_rosberg,2015,9
3,felipe_massa,2015,9
4,valtteri_bottas,2015,9
5,kimi_raikkonen,2015,9
6,sebastian_vettel,2015,9
7,daniil_kvyat,2015,9
8,carlos_sainz,2015,9
9,nico_hulkenberg,2015,9
10,daniel_ricciardo,2015,9
11,sergio_perez,2015,9
12,romain_grosjean,2015,9
13,max_verstappen,2015,9
14,pastor_maldonado,2015,9
15,marcus_ericsson,2015,9
16,felipe_nasr,2015,9
17,fernando_alonso,2015,9
18,jenson_button,2015,9
19,will_stevens,2015,9
20,roberto_merhi,2015,9
1,lewis_hamilton,2015,10
2,nico_rosberg,2015,10
3,sebastian_vettel,2015,10
4,daniel_ricciardo,2015,10
5,kimi_raikkonen,2015,10
6,valtteri_bottas,2015,10
7,daniil_kvyat,2015,10
8,felipe_massa,2015,10
9,max_verstappen,2015,10
10,romain_grosjean,2015,10
11,nico_hulkenberg,2015,10
12,carlos_sainz,2015,10
13,sergio_perez,2015,10
14,pastor_maldonado,2015,10
15,fernando_alonso,2015,10
16,jenson_button,2015,10
17,marcus_ericsson,2015,10
18,felipe_nasr,2015,10
19,roberto_merhi,2015,10
20,will_stevens,2015,10
1,lewis_hamilton,2015,11
2,nico_rosberg,2015,11
3,valtteri_bottas,2015,11
4,sergio_perez,2015,11
5,daniel_ricciardo,2015,11
6,felipe_massa,2015,11
7,pastor_maldonado,2015,11
8,sebastian_vettel,2015,11
9,romain_grosjean,2015,11
10,carlos_sainz,2015,11
11,nico_hulkenberg,2015,11
12,daniil_kvyat,2015,11
13,marcus_ericsson,2015,11
14,felipe_nasr,2015,11
15,will_stevens,2015,11
16,kimi_raikkonen,2015,11
17,roberto_merhi,2015,11
18,max_verstappen,2015,11
19,jenson_button,2015,11
20,fernando_alonso,2015,11
1,lewis_hamilton,2015,12
2,kimi_raikkonen,2015,12
3,sebastian_vettel,2015,12
4,nico_rosberg,2015,12
5,felipe_massa,2015,12
6,valtteri_bottas,2015,12
7,sergio_perez,2015,12
8,romain_grosjean,2015,12
9,nico_hulkenberg,2015,12
10,pastor_maldonado,2015,12
11,felipe_nasr,2015,12
12,marcus_ericsson,2015,12
13,will_stevens,2015,12
14,roberto_merhi,2015,12
15,jenson_button,2015,12
16,fernando_alonso,2015,12
17,carlos_sainz,2015,12
18,daniil_kvyat,2015,12
19,daniel_ricciardo,2015,12
20,max_verstappen,2015,12
1,sebastian_vettel,2015,13
2,daniel_ricciardo,2015,13
3,kimi_raikkonen,2015,13
4,daniil_kvyat,2015,13
5,lewis_hamilton,2015,13
6,nico_rosberg,2015,13
7,valtteri_bottas,2015,13
8,max_verstappen,2015,13
9,felipe_massa,2015,13
10,romain_grosjean,2015,13
11,nico_hulkenberg,2015,13
12,fernando_alonso,2015,13
13,sergio_perez,2015,13
14,carlos_sainz,2015,13
15,jenson_button,2015,13
16,felipe_nasr,2015,13
17,marcus_ericsson,2015,13
18,pastor_maldonado,2015,13
19,will_stevens,2015,13
20,alexander_rossi,2015,13
1,nico_rosberg,2015,14
2,lewis_hamilton,2015,14
3,valtteri_bottas,2015,14
4,sebastian_vettel,2015,14
5,felipe_massa,2015,14
6,kimi_raikkonen,2015,14
7,daniel_ricciardo,2015,14
8,romain_grosjean,2015,14
9,sergio_perez,2015,14
10,carlos_sainz,2015,14
11,pastor_maldonado,2015,14
12,fernando_alonso,2015,14
13,nico_hulkenberg,2015,14
14,jenson_button,2015,14
15,marcus_ericsson,2015,14
16,felipe_nasr,2015,14
17,max_verstappen,2015,14
18,will_stevens,2015,14
19,alexander_rossi,2015,14
1,nico_rosberg,2015,15
2,lewis_hamilton,2015,15
3,valtteri_bottas,2015,15
4,sebastian_vettel,2015,15
5,kimi_raikkonen,2015,15
6,nico_hulkenberg,2015,15
7,sergio_perez,2015,15
8,romain_grosjean,2015,15
9,max_verstappen,2015,15
10,daniel_ricciardo,2015,15
11,daniil_kvyat,2015,15
12,felipe_nasr,2015,15
13,jenson_button,2015,15
14,pastor_maldonado,2015,15
15,felipe_massa,2015,15
16,marcus_ericsson,2015,15
17,will_stevens,2015,15
18,roberto_merhi,2015,15
19,fernando_alonso,2015,15
20,carlos_sainz,2015,15
1,nico_rosberg,2015,16
2,lewis_hamilton,2015,16
3,daniel_ricciardo,2015,16
4,daniil_kvyat,2015,16
5,sergio_perez,2015,16
6,nico_hulkenberg,2015,16
7,felipe_massa,2015,16
8,max_verstappen,2015,16
9,fernando_alonso,2015,16
10,romain_grosjean,2015,16
11,jenson_button,2015,16
12,pastor_maldonado,2015,16
13,sebastian_vettel,2015,16
14,marcus_ericsson,2015,16
15,felipe_nasr,2015,16
16,valtteri_bottas,2015,16
17,alexander_rossi,2015,16
18,kimi_raikkonen,2015,16
19,will_stevens,2015,16
20,carlos_sainz,2015,16
1,nico_rosberg,2015,17
2,lewis_hamilton,2015,17
3,sebastian_vettel,2015,17
4,daniil_kvyat,2015,17
5,daniel_ricciardo,2015,17
6,valtteri_bottas,2015,17
7,felipe_massa,2015,17
8,max_verstappen,2015,17
9,sergio_perez,2015,17
10,nico_hulkenberg,2015,17
11,carlos_sainz,2015,17
12,romain_grosjean,2015,17
13,pastor_maldonado,2015,17
14,marcus_ericsson,2015,17
15,felipe_nasr,2015,17
16,alexander_rossi,2015,17
17,will_stevens,2015,17
18,fernando_alonso,2015,17
19,kimi_raikkonen,2015,17
20,jenson_button,2015,17
1,nico_rosberg,2015,18
2,lewis_hamilton,2015,18
3,sebastian_vettel,2015,18
4,kimi_raikkonen,2015,18
5,nico_hulkenberg,2015,18
6,daniil_kvyat,2015,18
7,valtteri_bottas,2015,18
8,felipe_massa,2015,18
9,max_verstappen,2015,18
10,carlos_sainz,2015,18
11,sergio_perez,2015,18
12,marcus_ericsson,2015,18
13,felipe_nasr,2015,18
14,romain_grosjean,2015,18
15,pastor_maldonado,2015,18
16,jenson_button,2015,18
17,alexander_rossi,2015,18
18,will_stevens,2015,18
19,daniel_ricciardo,2015,18
20,fernando_alonso,2015,18
1,nico_rosberg,2015,19
2,lewis_hamilton,2015,19
3,kimi_raikkonen,2015,19
4,sergio_perez,2015,19
5,daniel_ricciardo,2015,19
6,valtteri_bottas,2015,19
7,nico_hulkenberg,2015,19
8,felipe_massa,2015,19
9,daniil_kvyat,2015,19
10,carlos_sainz,2015,19
11,max_verstappen,2015,19
12,jenson_button,2015,19
13,pastor_maldonado,2015,19
14,felipe_nasr,2015,19
15,sebastian_vettel,2015,19
16,fernando_alonso,2015,19
17,marcus_ericsson,2015,19
18,romain_grosjean,2015,19
19,will_stevens,2015,19
1,lewis_hamilton,2016,1
2,nico_rosberg,2016,1
3,sebastian_vettel,2016,1
4,kimi_raikkonen,2016,1
5,max_verstappen,2016,1
6,felipe_massa,2016,1
7,carlos_sainz,2016,1
8,daniel_ricciardo,2016,1
9,sergio_perez,2016,1
10,nico_hulkenberg,2016,1
11,fernando_alonso,2016,1
12,jenson_button,2016,1
13,jolyon_palmer,2016,1
14,kevin_magnussen,2016,1
15,marcus_ericsson,2016,1
16,valtteri_bottas,2016,1
17,felipe_nasr,2016,1
18,daniil_kvyat,2016,1
19,romain_grosjean,2016,1
20,esteban_gutierrez,2016,1
21,pascal_wehrlein,2016,1
22,rio_haryanto,2016,1
1,lewis_hamilton,2016,2
2,nico_rosberg,2016,2
3,sebastian_vettel,2016,2
4,kimi_raikkonen,2016,2
5,daniel_ricciardo,2016,2
6,valtteri_bottas,2016,2
7,felipe_massa,2016,2
8,nico_hulkenberg,2016,2
9,romain_grosjean,2016,2
10,max_verstappen,2016,2
11,carlos_sainz,2016,2
12,stoffel_vandoorne,2016,2
13,esteban_gutierrez,2016,2
14,jenson_button,2016,2
15,daniil_kvyat,2016,2
16,pascal_wehrlein,2016,2
17,marcus_ericsson,2016,2
18,sergio_perez,2016,2
19,jolyon_palmer,2016,2
20,rio_haryanto,2016,2
21,felipe_nasr,2016,2
1,nico_rosberg,2016,3
2,daniel_ricciardo,2016,3
3,kimi_raikkonen,2016,3
4,sebastian_vettel,2016,3
5,valtteri_bottas,2016,3
6,daniil_kvyat,2016,3
7,sergio_perez,2016,3
8,carlos_sainz,2016,3
9,max_verstappen,2016,3
10,felipe_massa,2016,3
11,fernando_alonso,2016,3
12,jenson_button,2016,3
13,nico_hulkenberg,2016,3
14,romain_grosjean,2016,3
15,marcus_ericsson,2016,3
16,felipe_nasr,2016,3
17,kevin_magnussen,2016,3
18,esteban_gutierrez,2016,3
19,jolyon_palmer,2016,3
20,rio_haryanto,2016,3
21,pascal_wehrlein,2016,3
22,lewis_hamilton,2016,3
1,nico_rosberg,2016,4
2,valtteri_bottas,2016,4
3,kimi_raikkonen,2016,4
4,felipe_massa,2016,4
5,daniel_ricciardo,2016,4
6,sergio_perez,2016,4
7,sebastian_vettel,2016,4
8,daniil_kvyat,2016,4
9,max_verstappen,2016,4
10,lewis_hamilton,2016,4
11,carlos_sainz,2016,4
12,jenson_button,2016,4
13,nico_hulkenberg,2016,4
14,fernando_alonso,2016,4
15,romain_grosjean,2016,4
16,esteban_gutierrez,2016,4
17,kevin_magnussen,2016,4
18,jolyon_palmer,2016,4
19,felipe_nasr,2016,4
20,pascal_wehrlein,2016,4
21,rio_haryanto,2016,4
22,marcus_ericsson,2016,4
1,lewis_hamilton,2016,5
2,nico_rosberg,2016,5
3,daniel_ricciardo,2016,5
4,max_verstappen,2016,5
5,kimi_raikkonen,2016,5
6,sebastian_vettel,2016,5
7,valtteri_bottas,2016,5
8,carlos_sainz,2016,5
9,sergio_perez,2016,5
10,fernando_alonso,2016,5
11,nico_hulkenberg,2016,5
12,jenson_button,2016,5
13,daniil_kvyat,2016,5
14,romain_grosjean,2016,5
15,kevin_magnussen,2016,5
16,esteban_gutierrez,2016,5
17,jolyon_palmer,2016,5
18,felipe_massa,2016,5
19,marcus_ericsson,2016,5
20,felipe_nasr,2016,5
21,pascal_wehrlein,2016,5
22,rio_haryanto,2016,5
1,daniel_ricciardo,2016,6
2,nico_rosberg,2016,6
3,lewis_hamilton,2016,6
4,sebastian_vettel,2016,6
5,nico_hulkenberg,2016,6
6,carlos_sainz,2016,6
7,sergio_perez,2016,6
8,daniil_kvyat,2016,6
9,fernando_alonso,2016,6
10,valtteri_bottas,2016,6
11,kimi_raikkonen,2016,6
12,esteban_gutierrez,2016,6
13,jenson_button,2016,6
14,felipe_massa,2016,6
15,romain_grosjean,2016,6
16,kevin_magnussen,2016,6
17,marcus_ericsson,2016,6
18,jolyon_palmer,2016,6
19,rio_haryanto,2016,6
20,pascal_wehrlein,2016,6
1,lewis_hamilton,2016,7
2,nico_rosberg,2016,7
3,sebastian_vettel,2016,7
4,daniel_ricciardo,2016,7
5,max_verstappen,2016,7
6,kimi_raikkonen,2016,7
7,valtteri_bottas,2016,7
8,felipe_massa,2016,7
9,nico_hulkenberg,2016,7
10,fernando_alonso,2016,7
11,sergio_perez,2016,7
12,jenson_button,2016,7
13,esteban_gutierrez,2016,7
14,romain_grosjean,2016,7
15,daniil_kvyat,2016,7
16,jolyon_palmer,2016,7
17,pascal_wehrlein,2016,7
18,felipe_nasr,2016,7
19,rio_haryanto,2016,7
20,carlos_sainz,2016,7
21,marcus_ericsson,2016,7
22,kevin_magnussen,2016,7
1,nico_rosberg,2016,8
2,daniel_ricciardo,2016,8
3,sebastian_vettel,2016,8
4,kimi_raikkonen,2016,8
5,felipe_massa,2016,8
6,daniil_kvyat,2016,8
7,sergio_perez,2016,8
8,valtteri_bottas,2016,8
9,max_verstappen,2016,8
10,lewis_hamilton,2016,8
11,romain_grosjean,2016,8
12,nico_hulkenberg,2016,8
13,fernando_alonso,2016,8
14,esteban_gutierrez,2016,8
15,felipe_nasr,2016,8
16,rio_haryanto,2016,8
17,pascal_wehrlein,2016,8
18,carlos_sainz,2016,8
19,jenson_button,2016,8
20,marcus_ericsson,2016,8
21,jolyon_palmer,2016,8
1,lewis_hamilton,2016,9
2,nico_hulkenberg,2016,9
3,jenson_button,2016,9
4,kimi_raikkonen,2016,9
5,daniel_ricciardo,2016,9
6,nico_rosberg,2016,9
7,valtteri_bottas,2016,9
8,max_verstappen,2016,9
9,sebastian_vettel,2016,9
10,felipe_massa,2016,9
11,esteban_gutierrez,2016,9
12,pascal_wehrlein,2016,9
13,romain_grosjean,2016,9
14,fernando_alonso,2016,9
15,carlos_sainz,2016,9
16,sergio_perez,2016,9
17,kevin_magnussen,2016,9
18,marcus_ericsson,2016,9
19,jolyon_palmer,2016,9
20,rio_haryanto,2016,9
21,felipe_nasr,2016,9
1,lewis_hamilton,2016,10
2,nico_rosberg,2016,10
3,max_verstappen,2016,10
4,daniel_ricciardo,2016,10
5,kimi_raikkonen,2016,10
6,valtteri_bottas,2016,10
7,carlos_sainz,2016,10
8,nico_hulkenberg,2016,10
9,fernando_alonso,2016,10
10,sergio_perez,2016,10
11,sebastian_vettel,2016,10
12,felipe_massa,2016,10
13,romain_grosjean,2016,10
14,esteban_gutierrez,2016,10
15,daniil_kvyat,2016,10
16,kevin_magnussen,2016,10
17,jenson_button,2016,10
18,jolyon_palmer,2016,10
19,rio_haryanto,2016,10
20,pascal_wehrlein,2016,10
21,felipe_nasr,2016,10
1,nico_rosberg,2016,11
2,lewis_hamilton,2016,11
3,daniel_ricciardo,2016,11
4,max_verstappen,2016,11
5,sebastian_vettel,2016,11
6,carlos_sainz,2016,11
7,fernando_alonso,2016,11
8,jenson_button,2016,11
9,nico_hulkenberg,2016,11
10,valtteri_bottas,2016,11
11,romain_grosjean,2016,11
12,daniil_kvyat,2016,11
13,sergio_perez,2016,11
14,kimi_raikkonen,2016,11
15,esteban_gutierrez,2016,11
16,felipe_nasr,2016,11
17,jolyon_palmer,2016,11
18,felipe_massa,2016,11
19,kevin_magnussen,2016,11
20,pascal_wehrlein,2016,11
21,rio_haryanto,2016,11
1,nico_rosberg,2016,12
2,lewis_hamilton,2016,12
3,daniel_ricciardo,2016,12
4,max_verstappen,2016,12
5,kimi_raikkonen,2016,12
6,sebastian_vettel,2016,12
7,valtteri_bottas,2016,12
8,nico_hulkenberg,2016,12
9,sergio_perez,2016,12
10,felipe_massa,2016,12
11,esteban_gutierrez,2016,12
12,jenson_button,2016,12
13,fernando_alonso,2016,12
14,jolyon_palmer,2016,12
15,carlos_sainz,2016,12
16,kevin_magnussen,2016,12
17,pascal_wehrlein,2016,12
18,daniil_kvyat,2016,12
19,rio_haryanto,2016,12
20,romain_grosjean,2016,12
21,felipe_nasr,2016,12
22,marcus_ericsson,2016,12
1,nico_rosberg,2016,13
2,max_verstappen,2016,13
3,kimi_raikkonen,2016,13
4,sebastian_vettel,2016,13
5,daniel_ricciardo,2016,13
6,sergio_perez,2016,13
7,nico_hulkenberg,2016,13
8,valtteri_bottas,2016,13
9,jenson_button,2016,13
10,felipe_massa,2016,13
11,romain_grosjean,2016,13
12,kevin_magnussen,2016,13
13,jolyon_palmer,2016,13
14,carlos_sainz,2016,13
15,pascal_wehrlein,2016,13
16,felipe_nasr,2016,13
17,esteban_ocon,2016,13
18,esteban_gutierrez,2016,13
19,daniil_kvyat,2016,13
20,marcus_ericsson,2016,13
21,lewis_hamilton,2016,13
22,fernando_alonso,2016,13
1,lewis_hamilton,2016,14
2,nico_rosberg,2016,14
3,sebastian_vettel,2016,14
4,kimi_raikkonen,2016,14
5,valtteri_bottas,2016,14
6,daniel_ricciardo,2016,14
7,max_verstappen,2016,14
8,sergio_perez,2016,14
9,nico_hulkenberg,2016,14
10,esteban_gutierrez,2016,14
11,felipe_massa,2016,14
12,fernando_alonso,2016,14
13,pascal_wehrlein,2016,14
14,jenson_button,2016,14
15,carlos_sainz,2016,14
16,daniil_kvyat,2016,14
17,romain_grosjean,2016,14
18,felipe_nasr,2016,14
19,marcus_ericsson,2016,14
20,jolyon_palmer,2016,14
21,kevin_magnussen,2016,14
22,esteban_ocon,2016,14
1,nico_rosberg,2016,15
2,daniel_ricciardo,2016,15
3,lewis_hamilton,2016,15
4,max_verstappen,2016,15
5,kimi_raikkonen,2016,15
6,carlos_sainz,2016,15
7,daniil_kvyat,2016,15
8,nico_hulkenberg,2016,15
9,fernando_alonso,2016,15
10,valtteri_bottas,2016,15
11,felipe_massa,2016,15
12,jenson_button,2016,15
13,esteban_gutierrez,2016,15
14,marcus_ericsson,2016,15
15,kevin_magnussen,2016,15
16,felipe_nasr,2016,15
17,sergio_perez,2016,15
18,jolyon_palmer,2016,15
19,pascal_wehrlein,2016,15
20,romain_grosjean,2016,15
21,esteban_ocon,2016,15
22,sebastian_vettel,2016,15
1,lewis_hamilton,2016,16
2,nico_rosberg,2016,16
3,max_verstappen,2016,16
4,daniel_ricciardo,2016,16
5,sebastian_vettel,2016,16
6,kimi_raikkonen,2016,16
7,sergio_perez,2016,16
8,nico_hulkenberg,2016,16
9,jenson_button,2016,16
10,felipe_massa,2016,16
11,valtteri_bottas,2016,16
12,romain_grosjean,2016,16
13,esteban_gutierrez,2016,16
14,kevin_magnussen,2016,16
15,daniil_kvyat,2016,16
16,carlos_sainz,2016,16
17,marcus_ericsson,2016,16
18,felipe_nasr,2016,16
19,jolyon_palmer,2016,16
20,esteban_ocon,2016,16
21,pascal_wehrlein,2016,16
22,fernando_alonso,2016,16
1,nico_rosberg,2016,17
2,lewis_hamilton,2016,17
3,max_verstappen,2016,17
4,daniel_ricciardo,2016,17
5,sergio_perez,2016,17
6,sebastian_vettel,2016,17
7,romain_grosjean,2016,17
8,kimi_raikkonen,2016,17
9,nico_hulkenberg,2016,17
10,esteban_gutierrez,2016,17
11,valtteri_bottas,2016,17
12,felipe_massa,2016,17
13,daniil_kvyat,2016,17
14,carlos_sainz,2016,17
15,fernando_alonso,2016,17
16,jolyon_palmer,2016,17
17,kevin_magnussen,2016,17
18,marcus_ericsson,2016,17
19,felipe_nasr,2016,17
20,esteban_ocon,2016,17
21,pascal_wehrlein,2016,17
22,jenson_button,2016,17
1,lewis_hamilton,2016,18
2,nico_rosberg,2016,18
3,daniel_ricciardo,2016,18
4,max_verstappen,2016,18
5,kimi_raikkonen,2016,18
6,sebastian_vettel,2016,18
7,nico_hulkenberg,2016,18
8,valtteri_bottas,2016,18
9,felipe_massa,2016,18
10,carlos_sainz,2016,18
11,sergio_perez,2016,18
12,fernando_alonso,2016,18
13,daniil_kvyat,2016,18
14,esteban_gutierrez,2016,18
15,jolyon_palmer,2016,18
16,marcus_ericsson,2016,18
17,romain_grosjean,2016,18
18,kevin_magnussen,2016,18
19,jenson_button,2016,18
20,pascal_wehrlein,2016,18
21,felipe_nasr,2016,18
22,esteban_ocon,2016,18
1,lewis_hamilton,2016,19
2,nico_rosberg,2016,19
3,max_verstappen,2016,19
4,daniel_ricciardo,2016,19
5,nico_hulkenberg,2016,19
6,kimi_raikkonen,2016,19
7,sebastian_vettel,2016,19
8,valtteri_bottas,2016,19
9,felipe_massa,2016,19
10,carlos_sainz,2016,19
11,fernando_alonso,2016,19
12,sergio_perez,2016,19
13,jenson_button,2016,19
14,kevin_magnussen,2016,19
15,marcus_ericsson,2016,19
16,pascal_wehrlein,2016,19
17,esteban_gutierrez,2016,19
18,daniil_kvyat,2016,19
19,felipe_nasr,2016,19
20,esteban_ocon,2016,19
21,jolyon_palmer,2016,19
1,lewis_hamilton,2016,20
2,nico_rosberg,2016,20
3,kimi_raikkonen,2016,20
4,max_verstappen,2016,20
5,sebastian_vettel,2016,20
6,daniel_ricciardo,2016,20
7,romain_grosjean,2016,20
8,nico_hulkenberg,2016,20
9,sergio_perez,2016,20
10,fernando_alonso,2016,20
11,valtteri_bottas,2016,20
12,esteban_gutierrez,2016,20
13,felipe_massa,2016,20
14,daniil_kvyat,2016,20
15,carlos_sainz,2016,20
16,jolyon_palmer,2016,20
17,jenson_button,2016,20
18,kevin_magnussen,2016,20
19,pascal_wehrlein,2016,20
20,marcus_ericsson,2016,20
21,felipe_nasr,2016,20
22,esteban_ocon,2016,20
1,lewis_hamilton,2016,21
2,nico_rosberg,2016,21
3,daniel_ricciardo,2016,21
4,kimi_raikkonen,2016,21
5,sebastian_vettel,2016,21
6,max_verstappen,2016,21
7,nico_hulkenberg,2016,21
8,sergio_perez,2016,21
9,fernando_alonso,2016,21
10,felipe_massa,2016,21
11,valtteri_bottas,2016,21
12,jenson_button,2016,21
13,esteban_gutierrez,2016,21
14,romain_grosjean,2016,21
15,jolyon_palmer,2016,21
16,pascal_wehrlein,2016,21
17,daniil_kvyat,2016,21
18,kevin_magnussen,2016,21
19,felipe_nasr,2016,21
20,esteban_ocon,2016,21
21,carlos_sainz,2016,21
22,marcus_ericsson,2016,21
1,lewis_hamilton,2017,1
2,sebastian_vettel,2017,1
3,valtteri_bottas,2017,1
4,kimi_raikkonen,2017,1
5,max_verstappen,2017,1
6,romain_grosjean,2017,1
7,felipe_massa,2017,1
8,carlos_sainz,2017,1
9,daniil_kvyat,2017,1
10,sergio_perez,2017,1
11,nico_hulkenberg,2017,1
12,fernando_alonso,2017,1
13,esteban_ocon,2017,1
14,marcus_ericsson,2017,1
15,daniel_ricciardo,2017,1
16,antonio_giovinazzi,2017,1
17,kevin_magnussen,2017,1
18,stoffel_vandoorne,2017,1
19,jolyon_palmer,2017,1
20,lance_stroll,2017,1
1,lewis_hamilton,2017,2
2,sebastian_vettel,2017,2
3,valtteri_bottas,2017,2
4,kimi_raikkonen,2017,2
5,daniel_ricciardo,2017,2
6,felipe_massa,2017,2
7,nico_hulkenberg,2017,2
8,sergio_perez,2017,2
9,daniil_kvyat,2017,2
10,lance_stroll,2017,2
11,carlos_sainz,2017,2
12,kevin_magnussen,2017,2
13,fernando_alonso,2017,2
14,marcus_ericsson,2017,2
15,stoffel_vandoorne,2017,2
16,max_verstappen,2017,2
17,esteban_ocon,2017,2
18,antonio_giovinazzi,2017,2
19,romain_grosjean,2017,2
20,jolyon_palmer,2017,2
1,valtteri_bottas,2017,3
2,lewis_hamilton,2017,3
3,sebastian_vettel,2017,3
4,daniel_ricciardo,2017,3
5,kimi_raikkonen,2017,3
6,max_verstappen,2017,3
7,nico_hulkenberg,2017,3
8,felipe_massa,2017,3
9,romain_grosjean,2017,3
10,jolyon_palmer,2017,3
11,daniil_kvyat,2017,3
12,lance_stroll,2017,3
13,pascal_wehrlein,2017,3
14,esteban_ocon,2017,3
15,fernando_alonso,2017,3
16,carlos_sainz,2017,3
17,stoffel_vandoorne,2017,3
18,sergio_perez,2017,3
19,marcus_ericsson,2017,3
20,kevin_magnussen,2017,3
1,sebastian_vettel,2017,4
2,kimi_raikkonen,2017,4
3,valtteri_bottas,2017,4
4,lewis_hamilton,2017,4
5,daniel_ricciardo,2017,4
6,felipe_massa,2017,4
7,max_verstappen,2017,4
8,nico_hulkenberg,2017,4
9,sergio_perez,2017,4
10,esteban_ocon,2017,4
11,lance_stroll,2017,4
12,daniil_kvyat,2017,4
13,kevin_magnussen,2017,4
14,carlos_sainz,2017,4
15,fernando_alonso,2017,4
16,jolyon_palmer,2017,4
17,pascal_wehrlein,2017,4
18,marcus_ericsson,2017,4
19,romain_grosjean,2017,4
20,stoffel_vandoorne,2017,4
1,lewis_hamilton,2017,5
2,sebastian_vettel,2017,5
3,valtteri_bottas,2017,5
4,kimi_raikkonen,2017,5
5,max_verstappen,2017,5
6,daniel_ricciardo,2017,5
7,fernando_alonso,2017,5
8,sergio_perez,2017,5
9,felipe_massa,2017,5
10,esteban_ocon,2017,5
11,kevin_magnussen,2017,5
12,carlos_sainz,2017,5
13,nico_hulkenberg,2017,5
14,romain_grosjean,2017,5
15,pascal_wehrlein,2017,5
16,marcus_ericsson,2017,5
17,jolyon_palmer,2017,5
18,lance_stroll,2017,5
19,daniil_kvyat,2017,5
20,stoffel_vandoorne,2017,5
1,kimi_raikkonen,2017,6
2,sebastian_vettel,2017,6
3,valtteri_bottas,2017,6
4,max_verstappen,2017,6
5,daniel_ricciardo,2017,6
6,carlos_sainz,2017,6
7,sergio_perez,2017,6
8,romain_grosjean,2017,6
9,daniil_kvyat,2017,6
10,nico_hulkenberg,2017,6
11,kevin_magnussen,2017,6
12,stoffel_vandoorne,2017,6
13,lewis_hamilton,2017,6
14,felipe_massa,2017,6
15,esteban_ocon,2017,6
16,jolyon_palmer,2017,6
17,lance_stroll,2017,6
18,pascal_wehrlein,2017,6
19,marcus_ericsson,2017,6
1,lewis_hamilton,2017,7
2,sebastian_vettel,2017,7
3,valtteri_bottas,2017,7
4,kimi_raikkonen,2017,7
5,max_verstappen,2017,7
6,daniel_ricciardo,2017,7
7,felipe_massa,2017,7
8,sergio_perez,2017,7
9,esteban_ocon,2017,7
10,nico_hulkenberg,2017,7
11,daniil_kvyat,2017,7
12,fernando_alonso,2017,7
13,carlos_sainz,2017,7
14,romain_grosjean,2017,7
15,jolyon_palmer,2017,7
16,stoffel_vandoorne,2017,7
17,lance_stroll,2017,7
18,kevin_magnussen,2017,7
19,marcus_ericsson,2017,7
1,lewis_hamilton,2017,8
2,valtteri_bottas,2017,8
3,kimi_raikkonen,2017,8
4,sebastian_vettel,2017,8
5,max_verstappen,2017,8
6,sergio_perez,2017,8
7,esteban_ocon,2017,8
8,lance_stroll,2017,8
9,felipe_massa,2017,8
10,daniel_ricciardo,2017,8
11,daniil_kvyat,2017,8
12,kevin_magnussen,2017,8
13,nico_hulkenberg,2017,8
14,pascal_wehrlein,2017,8
15,carlos_sainz,2017,8
16,romain_grosjean,2017,8
17,marcus_ericsson,2017,8
18,stoffel_vandoorne,2017,8
19,fernando_alonso,2017,8
20,jolyon_palmer,2017,8
1,valtteri_bottas,2017,9
2,sebastian_vettel,2017,9
3,kimi_raikkonen,2017,9
4,daniel_ricciardo,2017,9
5,max_verstappen,2017,9
6,romain_grosjean,2017,9
7,sergio_perez,2017,9
8,lewis_hamilton,2017,9
9,esteban_ocon,2017,9
10,carlos_sainz,2017,9
11,nico_hulkenberg,2017,9
12,fernando_alonso,2017,9
13,stoffel_vandoorne,2017,9
14,daniil_kvyat,2017,9
15,kevin_magnussen,2017,9
16,jolyon_palmer,2017,9
17,felipe_massa,2017,9
18,lance_stroll,2017,9
19,marcus_ericsson,2017,9
1,lewis_hamilton,2017,10
2,kimi_raikkonen,2017,10
3,sebastian_vettel,2017,10
4,max_verstappen,2017,10
5,nico_hulkenberg,2017,10
6,sergio_perez,2017,10
7,esteban_ocon,2017,10
8,stoffel_vandoorne,2017,10
9,valtteri_bottas,2017,10
10,romain_grosjean,2017,10
11,jolyon_palmer,2017,10
12,daniil_kvyat,2017,10
13,carlos_sainz,2017,10
14,felipe_massa,2017,10
15,lance_stroll,2017,10
16,kevin_magnussen,2017,10
17,pascal_wehrlein,2017,10
18,marcus_ericsson,2017,10
19,daniel_ricciardo,2017,10
20,fernando_alonso,2017,10
1,sebastian_vettel,2017,11
2,kimi_raikkonen,2017,11
3,valtteri_bottas,2017,11
4,lewis_hamilton,2017,11
5,max_verstappen,2017,11
6,daniel_ricciardo,2017,11
7,fernando_alonso,2017,11
8,stoffel_vandoorne,2017,11
9,carlos_sainz,2017,11
10,jolyon_palmer,2017,11
11,esteban_ocon,2017,11
12,nico_hulkenberg,2017,11
13,sergio_perez,2017,11
14,romain_grosjean,2017,11
15,kevin_magnussen,2017,11
16,daniil_kvyat,2017,11
17,lance_stroll,2017,11
18,pascal_wehrlein,2017,11
19,paul_di,2017,11
20,marcus_ericsson,2017,11
1,lewis_hamilton,2017,12
2,sebastian_vettel,2017,12
3,valtteri_bottas,2017,12
4,kimi_raikkonen,2017,12
5,max_verstappen,2017,12
6,daniel_ricciardo,2017,12
7,nico_hulkenberg,2017,12
8,sergio_perez,2017,12
9,esteban_ocon,2017,12
10,fernando_alonso,2017,12
11,romain_grosjean,2017,12
12,kevin_magnussen,2017,12
13,carlos_sainz,2017,12
14,jolyon_palmer,2017,12
15,lance_stroll,2017,12
16,felipe_massa,2017,12
17,marcus_ericsson,2017,12
18,pascal_wehrlein,2017,12
19,daniil_kvyat,2017,12
20,stoffel_vandoorne,2017,12
1,lewis_hamilton,2017,13
2,lance_stroll,2017,13
3,esteban_ocon,2017,13
4,valtteri_bottas,2017,13
5,kimi_raikkonen,2017,13
6,sebastian_vettel,2017,13
7,felipe_massa,2017,13
8,daniil_kvyat,2017,13
9,kevin_magnussen,2017,13
10,sergio_perez,2017,13
11,marcus_ericsson,2017,13
12,pascal_wehrlein,2017,13
13,max_verstappen,2017,13
14,nico_hulkenberg,2017,13
15,carlos_sainz,2017,13
16,daniel_ricciardo,2017,13
17,jolyon_palmer,2017,13
18,stoffel_vandoorne,2017,13
19,fernando_alonso,2017,13
20,romain_grosjean,2017,13
1,sebastian_vettel,2017,14
2,max_verstappen,2017,14
3,daniel_ricciardo,2017,14
4,kimi_raikkonen,2017,14
5,lewis_hamilton,2017,14
6,valtteri_bottas,2017,14
7,nico_hulkenberg,2017,14
8,fernando_alonso,2017,14
9,stoffel_vandoorne,2017,14
10,carlos_sainz,2017,14
11,jolyon_palmer,2017,14
12,sergio_perez,2017,14
13,daniil_kvyat,2017,14
14,esteban_ocon,2017,14
15,romain_grosjean,2017,14
16,kevin_magnussen,2017,14
17,felipe_massa,2017,14
18,lance_stroll,2017,14
19,pascal_wehrlein,2017,14
20,marcus_ericsson,2017,14
1,lewis_hamilton,2017,15
2,kimi_raikkonen,2017,15
3,max_verstappen,2017,15
4,daniel_ricciardo,2017,15
5,valtteri_bottas,2017,15
6,esteban_ocon,2017,15
7,stoffel_vandoorne,2017,15
8,nico_hulkenberg,2017,15
9,sergio_perez,2017,15
10,fernando_alonso,2017,15
11,felipe_massa,2017,15
12,jolyon_palmer,2017,15
13,lance_stroll,2017,15
14,carlos_sainz,2017,15
15,pierre_gasly,2017,15
16,romain_grosjean,2017,15
17,kevin_magnussen,2017,15
18,pascal_wehrlein,2017,15
19,marcus_ericsson,2017,15
20,sebastian_vettel,2017,15
1,lewis_hamilton,2017,16
2,sebastian_vettel,2017,16
3,daniel_ricciardo,2017,16
4,max_verstappen,2017,16
5,esteban_ocon,2017,16
6,valtteri_bottas,2017,16
7,sergio_perez,2017,16
8,felipe_massa,2017,16
9,stoffel_vandoorne,2017,16
10,kimi_raikkonen,2017,16
11,nico_hulkenberg,2017,16
12,kevin_magnussen,2017,16
13,romain_grosjean,2017,16
14,pierre_gasly,2017,16
15,lance_stroll,2017,16
16,marcus_ericsson,2017,16
17,pascal_wehrlein,2017,16
18,jolyon_palmer,2017,16
19,carlos_sainz,2017,16
20,fernando_alonso,2017,16
1,lewis_hamilton,2017,17
2,sebastian_vettel,2017,17
3,valtteri_bottas,2017,17
4,daniel_ricciardo,2017,17
5,kimi_raikkonen,2017,17
6,esteban_ocon,2017,17
7,carlos_sainz,2017,17
8,fernando_alonso,2017,17
9,sergio_perez,2017,17
10,felipe_massa,2017,17
11,daniil_kvyat,2017,17
12,romain_grosjean,2017,17
13,marcus_ericsson,2017,17
14,pascal_wehrlein,2017,17
15,lance_stroll,2017,17
16,max_verstappen,2017,17
17,kevin_magnussen,2017,17
18,nico_hulkenberg,2017,17
19,brendon_hartley,2017,17
20,stoffel_vandoorne,2017,17
1,sebastian_vettel,2017,18
2,max_verstappen,2017,18
3,lewis_hamilton,2017,18
4,valtteri_bottas,2017,18
5,kimi_raikkonen,2017,18
6,esteban_ocon,2017,18
7,nico_hulkenberg,2017,18
8,carlos_sainz,2017,18
9,sergio_perez,2017,18
10,felipe_massa,2017,18
11,lance_stroll,2017,18
12,marcus_ericsson,2017,18
13,pascal_wehrlein,2017,18
14,kevin_magnussen,2017,18
15,romain_grosjean,2017,18
16,daniel_ricciardo,2017,18
17,brendon_hartley,2017,18
18,fernando_alonso,2017,18
19,stoffel_vandoorne,2017,18
20,pierre_gasly,2017,18
1,valtteri_bottas,2017,19
2,sebastian_vettel,2017,19
3,kimi_raikkonen,2017,19
4,max_verstappen,2017,19
5,sergio_perez,2017,19
6,fernando_alonso,2017,19
7,nico_hulkenberg,2017,19
8,carlos_sainz,2017,19
9,felipe_massa,2017,19
10,esteban_ocon,2017,19
11,romain_grosjean,2017,19
12,stoffel_vandoorne,2017,19
13,kevin_magnussen,2017,19
14,daniel_ricciardo,2017,19
15,pascal_wehrlein,2017,19
16,lance_stroll,2017,19
17,marcus_ericsson,2017,19
18,brendon_hartley,2017,19
19,pierre_gasly,2017,19
1,valtteri_bottas,2017,20
2,lewis_hamilton,2017,20
3,sebastian_vettel,2017,20
4,daniel_ricciardo,2017,20
5,kimi_raikkonen,2017,20
6,max_verstappen,2017,20
7,nico_hulkenberg,2017,20
8,sergio_perez,2017,20
9,esteban_ocon,2017,20
10,felipe_massa,2017,20
11,fernando_alonso,2017,20
12,carlos_sainz,2017,20
13,stoffel_vandoorne,2017,20
14,kevin_magnussen,2017,20
15,lance_stroll,2017,20
16,romain_grosjean,2017,20
17,pierre_gasly,2017,20
18,pascal_wehrlein,2017,20
19,marcus_ericsson,2017,20
20,brendon_hartley,2017,20
1,lewis_hamilton,2018,1
2,kimi_raikkonen,2018,1
3,sebastian_vettel,2018,1
4,max_verstappen,2018,1
5,kevin_magnussen,2018,1
6,romain_grosjean,2018,1
7,nico_hulkenberg,2018,1
8,daniel_ricciardo,2018,1
9,carlos_sainz,2018,1
10,fernando_alonso,2018,1
11,stoffel_vandoorne,2018,1
12,sergio_perez,2018,1
13,lance_stroll,2018,1
14,esteban_ocon,2018,1
15,valtteri_bottas,2018,1
16,brendon_hartley,2018,1
17,marcus_ericsson,2018,1
18,charles_leclerc,2018,1
19,sergey_sirotkin,2018,1
20,pierre_gasly,2018,1
1,sebastian_vettel,2018,2
2,kimi_raikkonen,2018,2
3,valtteri_bottas,2018,2
4,daniel_ricciardo,2018,2
5,pierre_gasly,2018,2
6,kevin_magnussen,2018,2
7,nico_hulkenberg,2018,2
8,esteban_ocon,2018,2
9,lewis_hamilton,2018,2
10,carlos_sainz,2018,2
11,brendon_hartley,2018,2
12,sergio_perez,2018,2
13,fernando_alonso,2018,2
14,stoffel_vandoorne,2018,2
15,max_verstappen,2018,2
16,romain_grosjean,2018,2
17,marcus_ericsson,2018,2
18,sergey_sirotkin,2018,2
19,charles_leclerc,2018,2
20,lance_stroll,2018,2
1,sebastian_vettel,2018,3
2,kimi_raikkonen,2018,3
3,valtteri_bottas,2018,3
4,lewis_hamilton,2018,3
5,max_verstappen,2018,3
6,daniel_ricciardo,2018,3
7,nico_hulkenberg,2018,3
8,sergio_perez,2018,3
9,carlos_sainz,2018,3
10,romain_grosjean,2018,3
11,kevin_magnussen,2018,3
12,esteban_ocon,2018,3
13,fernando_alonso,2018,3
14,stoffel_vandoorne,2018,3
15,brendon_hartley,2018,3
16,sergey_sirotkin,2018,3
17,pierre_gasly,2018,3
18,lance_stroll,2018,3
19,charles_leclerc,2018,3
20,marcus_ericsson,2018,3
1,sebastian_vettel,2018,4
2,lewis_hamilton,2018,4
3,valtteri_bottas,2018,4
4,daniel_ricciardo,2018,4
5,max_verstappen,2018,4
6,kimi_raikkonen,2018,4
7,esteban_ocon,2018,4
8,sergio_perez,2018,4
9,carlos_sainz,2018,4
10,lance_stroll,2018,4
11,sergey_sirotkin,2018,4
12,fernando_alonso,2018,4
13,charles_leclerc,2018,4
14,nico_hulkenberg,2018,4
15,kevin_magnussen,2018,4
16,stoffel_vandoorne,2018,4
17,pierre_gasly,2018,4
18,marcus_ericsson,2018,4
19,brendon_hartley,2018,4
20,romain_grosjean,2018,4
1,lewis_hamilton,2018,5
2,valtteri_bottas,2018,5
3,sebastian_vettel,2018,5
4,kimi_raikkonen,2018,5
5,max_verstappen,2018,5
6,daniel_ricciardo,2018,5
7,kevin_magnussen,2018,5
8,fernando_alonso,2018,5
9,carlos_sainz,2018,5
10,romain_grosjean,2018,5
11,stoffel_vandoorne,2018,5
12,pierre_gasly,2018,5
13,esteban_ocon,2018,5
14,charles_leclerc,2018,5
15,sergio_perez,2018,5
16,nico_hulkenberg,2018,5
17,marcus_ericsson,2018,5
18,lance_stroll,2018,5
19,sergey_sirotkin,2018,5
20,brendon_hartley,2018,5
1,daniel_ricciardo,2018,6
2,sebastian_vettel,2018,6
3,lewis_hamilton,2018,6
4,kimi_raikkonen,2018,6
5,valtteri_bottas,2018,6
6,esteban_ocon,2018,6
7,fernando_alonso,2018,6
8,carlos_sainz,2018,6
9,sergio_perez,2018,6
10,pierre_gasly,2018,6
11,nico_hulkenberg,2018,6
12,stoffel_vandoorne,2018,6
13,sergey_sirotkin,2018,6
14,charles_leclerc,2018,6
15,brendon_hartley,2018,6
16,marcus_ericsson,2018,6
17,lance_stroll,2018,6
18,romain_grosjean,2018,6
19,kevin_magnussen,2018,6
20,max_verstappen,2018,6
1,sebastian_vettel,2018,7
2,valtteri_bottas,2018,7
3,max_verstappen,2018,7
4,lewis_hamilton,2018,7
5,kimi_raikkonen,2018,7
6,daniel_ricciardo,2018,7
7,nico_hulkenberg,2018,7
8,esteban_ocon,2018,7
9,carlos_sainz,2018,7
10,sergio_perez,2018,7
11,kevin_magnussen,2018,7
12,brendon_hartley,2018,7
13,charles_leclerc,2018,7
14,fernando_alonso,2018,7
15,stoffel_vandoorne,2018,7
16,lance_stroll,2018,7
17,sergey_sirotkin,2018,7
18,marcus_ericsson,2018,7
19,pierre_gasly,2018,7
20,romain_grosjean,2018,7
1,lewis_hamilton,2018,8
2,valtteri_bottas,2018,8
3,sebastian_vettel,2018,8
4,max_verstappen,2018,8
5,daniel_ricciardo,2018,8
6,kimi_raikkonen,2018,8
7,carlos_sainz,2018,8
8,charles_leclerc,2018,8
9,kevin_magnussen,2018,8
10,romain_grosjean,2018,8
11,esteban_ocon,2018,8
12,nico_hulkenberg,2018,8
13,sergio_perez,2018,8
14,pierre_gasly,2018,8
15,marcus_ericsson,2018,8
16,fernando_alonso,2018,8
17,stoffel_vandoorne,2018,8
18,sergey_sirotkin,2018,8
19,lance_stroll,2018,8
20,brendon_hartley,2018,8
1,valtteri_bottas,2018,9
2,lewis_hamilton,2018,9
3,kimi_raikkonen,2018,9
4,max_verstappen,2018,9
5,romain_grosjean,2018,9
6,sebastian_vettel,2018,9
7,daniel_ricciardo,2018,9
8,kevin_magnussen,2018,9
9,carlos_sainz,2018,9
10,nico_hulkenberg,2018,9
11,esteban_ocon,2018,9
12,pierre_gasly,2018,9
13,lance_stroll,2018,9
14,stoffel_vandoorne,2018,9
15,sergio_perez,2018,9
16,sergey_sirotkin,2018,9
17,charles_leclerc,2018,9
18,marcus_ericsson,2018,9
19,brendon_hartley,2018,9
20,fernando_alonso,2018,9
1,lewis_hamilton,2018,10
2,sebastian_vettel,2018,10
3,kimi_raikkonen,2018,10
4,valtteri_bottas,2018,10
5,max_verstappen,2018,10
6,daniel_ricciardo,2018,10
7,kevin_magnussen,2018,10
8,romain_grosjean,2018,10
9,charles_leclerc,2018,10
10,esteban_ocon,2018,10
11,nico_hulkenberg,2018,10
12,sergio_perez,2018,10
13,fernando_alonso,2018,10
14,pierre_gasly,2018,10
15,marcus_ericsson,2018,10
16,carlos_sainz,2018,10
17,stoffel_vandoorne,2018,10
1,sebastian_vettel,2018,11
2,valtteri_bottas,2018,11
3,kimi_raikkonen,2018,11
4,max_verstappen,2018,11
5,kevin_magnussen,2018,11
6,romain_grosjean,2018,11
7,nico_hulkenberg,2018,11
8,carlos_sainz,2018,11
9,charles_leclerc,2018,11
10,sergio_perez,2018,11
11,fernando_alonso,2018,11
12,sergey_sirotkin,2018,11
13,marcus_ericsson,2018,11
14,lewis_hamilton,2018,11
15,esteban_ocon,2018,11
16,brendon_hartley,2018,11
17,lance_stroll,2018,11
18,stoffel_vandoorne,2018,11
19,daniel_ricciardo,2018,11
20,pierre_gasly,2018,11
1,lewis_hamilton,2018,12
2,valtteri_bottas,2018,12
3,kimi_raikkonen,2018,12
4,sebastian_vettel,2018,12
5,carlos_sainz,2018,12
6,pierre_gasly,2018,12
7,max_verstappen,2018,12
8,brendon_hartley,2018,12
9,kevin_magnussen,2018,12
10,romain_grosjean,2018,12
11,fernando_alonso,2018,12
12,daniel_ricciardo,2018,12
13,nico_hulkenberg,2018,12
14,marcus_ericsson,2018,12
15,stoffel_vandoorne,2018,12
16,charles_leclerc,2018,12
17,esteban_ocon,2018,12
18,sergio_perez,2018,12
19,sergey_sirotkin,2018,12
20,lance_stroll,2018,12
1,lewis_hamilton,2018,13
2,sebastian_vettel,2018,13
3,esteban_ocon,2018,13
4,sergio_perez,2018,13
5,romain_grosjean,2018,13
6,kimi_raikkonen,2018,13
7,max_verstappen,2018,13
8,daniel_ricciardo,2018,13
9,kevin_magnussen,2018,13
10,pierre_gasly,2018,13
11,brendon_hartley,2018,13
12,charles_leclerc,2018,13
13,marcus_ericsson,2018,13
14,fernando_alonso,2018,13
15,sergey_sirotkin,2018,13
16,lance_stroll,2018,13
17,valtteri_bottas,2018,13
18,nico_hulkenberg,2018,13
19,carlos_sainz,2018,13
20,stoffel_vandoorne,2018,13
1,kimi_raikkonen,2018,14
2,sebastian_vettel,2018,14
3,lewis_hamilton,2018,14
4,valtteri_bottas,2018,14
5,max_verstappen,2018,14
6,romain_grosjean,2018,14
7,carlos_sainz,2018,14
8,esteban_ocon,2018,14
9,pierre_gasly,2018,14
10,lance_stroll,2018,14
11,kevin_magnussen,2018,14
12,sergey_sirotkin,2018,14
13,fernando_alonso,2018,14
14,sergio_perez,2018,14
15,charles_leclerc,2018,14
16,brendon_hartley,2018,14
17,stoffel_vandoorne,2018,14
18,marcus_ericsson,2018,14
19,daniel_ricciardo,2018,14
20,nico_hulkenberg,2018,14
1,lewis_hamilton,2018,15
2,max_verstappen,2018,15
3,sebastian_vettel,2018,15
4,valtteri_bottas,2018,15
5,kimi_raikkonen,2018,15
6,daniel_ricciardo,2018,15
7,sergio_perez,2018,15
8,romain_grosjean,2018,15
9,esteban_ocon,2018,15
10,nico_hulkenberg,2018,15
11,fernando_alonso,2018,15
12,carlos_sainz,2018,15
13,charles_leclerc,2018,15
14,marcus_ericsson,2018,15
15,pierre_gasly,2018,15
16,kevin_magnussen,2018,15
17,brendon_hartley,2018,15
18,stoffel_vandoorne,2018,15
19,sergey_sirotkin,2018,15
20,lance_stroll,2018,15
1,valtteri_bottas,2018,16
2,lewis_hamilton,2018,16
3,sebastian_vettel,2018,16
4,kimi_raikkonen,2018,16
5,kevin_magnussen,2018,16
6,esteban_ocon,2018,16
7,charles_leclerc,2018,16
8,sergio_perez,2018,16
9,romain_grosjean,2018,16
10,marcus_ericsson,2018,16
11,carlos_sainz,2018,16
12,nico_hulkenberg,2018,16
13,sergey_sirotkin,2018,16
14,lance_stroll,2018,16
15,stoffel_vandoorne,2018,16
16,fernando_alonso,2018,16
17,pierre_gasly,2018,16
18,daniel_ricciardo,2018,16
19,max_verstappen,2018,16
20,brendon_hartley,2018,16
1,lewis_hamilton,2018,17
2,valtteri_bottas,2018,17
3,max_verstappen,2018,17
4,kimi_raikkonen,2018,17
5,romain_grosjean,2018,17
6,brendon_hartley,2018,17
7,pierre_gasly,2018,17
8,sebastian_vettel,2018,17
9,sergio_perez,2018,17
10,charles_leclerc,2018,17
11,esteban_ocon,2018,17
12,kevin_magnussen,2018,17
13,carlos_sainz,2018,17
14,lance_stroll,2018,17
15,daniel_ricciardo,2018,17
16,nico_hulkenberg,2018,17
17,sergey_sirotkin,2018,17
18,fernando_alonso,2018,17
19,stoffel_vandoorne,2018,17
20,marcus_ericsson,2018,17
1,lewis_hamilton,2018,18
2,kimi_raikkonen,2018,18
3,valtteri_bottas,2018,18
4,daniel_ricciardo,2018,18
5,sebastian_vettel,2018,18
6,esteban_ocon,2018,18
7,nico_hulkenberg,2018,18
8,romain_grosjean,2018,18
9,charles_leclerc,2018,18
10,sergio_perez,2018,18
11,carlos_sainz,2018,18
12,kevin_magnussen,2018,18
13,fernando_alonso,2018,18
14,sergey_sirotkin,2018,18
15,lance_stroll,2018,18
16,marcus_ericsson,2018,18
17,stoffel_vandoorne,2018,18
18,max_verstappen,2018,18
19,pierre_gasly,2018,18
20,brendon_hartley,2018,18
1,daniel_ricciardo,2018,19
2,max_verstappen,2018,19
3,lewis_hamilton,2018,19
4,sebastian_vettel,2018,19
5,valtteri_bottas,2018,19
6,kimi_raikkonen,2018,19
7,nico_hulkenberg,2018,19
8,carlos_sainz,2018,19
9,charles_leclerc,2018,19
10,marcus_ericsson,2018,19
11,esteban_ocon,2018,19
12,fernando_alonso,2018,19
13,sergio_perez,2018,19
14,brendon_hartley,2018,19
15,stoffel_vandoorne,2018,19
16,kevin_magnussen,2018,19
17,lance_stroll,2018,19
18,romain_grosjean,2018,19
19,sergey_sirotkin,2018,19
20,pierre_gasly,2018,19
1,lewis_hamilton,2018,20
2,sebastian_vettel,2018,20
3,valtteri_bottas,2018,20
4,kimi_raikkonen,2018,20
5,max_verstappen,2018,20
6,marcus_ericsson,2018,20
7,charles_leclerc,2018,20
8,romain_grosjean,2018,20
9,pierre_gasly,2018,20
10,kevin_magnussen,2018,20
11,daniel_ricciardo,2018,20
12,sergio_perez,2018,20
13,nico_hulkenberg,2018,20
14,sergey_sirotkin,2018,20
15,carlos_sainz,2018,20
16,brendon_hartley,2018,20
17,fernando_alonso,2018,20
18,esteban_ocon,2018,20
19,lance_stroll,2018,20
20,stoffel_vandoorne,2018,20
1,lewis_hamilton,2018,21
2,valtteri_bottas,2018,21
3,sebastian_vettel,2018,21
4,kimi_raikkonen,2018,21
5,daniel_ricciardo,2018,21
6,max_verstappen,2018,21
7,romain_grosjean,2018,21
8,charles_leclerc,2018,21
9,esteban_ocon,2018,21
10,nico_hulkenberg,2018,21
11,carlos_sainz,2018,21
12,marcus_ericsson,2018,21
13,kevin_magnussen,2018,21
14,sergio_perez,2018,21
15,fernando_alonso,2018,21
16,brendon_hartley,2018,21
17,pierre_gasly,2018,21
18,stoffel_vandoorne,2018,21
19,sergey_sirotkin,2018,21
20,lance_stroll,2018,21
1,lewis_hamilton,2019,1
2,valtteri_bottas,2019,1
3,sebastian_vettel,2019,1
4,max_verstappen,2019,1
5,charles_leclerc,2019,1
6,romain_grosjean,2019,1
7,kevin_magnussen,2019,1
8,lando_norris,2019,1
9,kimi_raikkonen,2019,1
10,sergio_perez,2019,1
11,nico_hulkenberg,2019,1
12,daniel_ricciardo,2019,1
13,alexander_albon,2019,1
14,antonio_giovinazzi,2019,1
15,daniil_kvyat,2019,1
16,lance_stroll,2019,1
17,pierre_gasly,2019,1
18,carlos_sainz,2019,1
19,george_russell,2019,1
20,robert_kubica,2019,1
1,charles_leclerc,2019,2
2,sebastian_vettel,2019,2
3,lewis_hamilton,2019,2
4,valtteri_bottas,2019,2
5,max_verstappen,2019,2
6,kevin_magnussen,2019,2
7,carlos_sainz,2019,2
8,kimi_raikkonen,2019,2
9,lando_norris,2019,2
10,daniel_ricciardo,2019,2
11,romain_grosjean,2019,2
12,alexander_albon,2019,2
13,pierre_gasly,2019,2
14,sergio_perez,2019,2
15,daniil_kvyat,2019,2
16,antonio_giovinazzi,2019,2
17,nico_hulkenberg,2019,2
18,lance_stroll,2019,2
19,george_russell,2019,2
20,robert_kubica,2019,2
1,valtteri_bottas,2019,3
2,lewis_hamilton,2019,3
3,sebastian_vettel,2019,3
4,charles_leclerc,2019,3
5,max_verstappen,2019,3
6,pierre_gasly,2019,3
7,daniel_ricciardo,2019,3
8,nico_hulkenberg,2019,3
9,kevin_magnussen,2019,3
10,romain_grosjean,2019,3
11,daniil_kvyat,2019,3
12,sergio_perez,2019,3
13,kimi_raikkonen,2019,3
14,carlos_sainz,2019,3
15,lando_norris,2019,3
16,lance_stroll,2019,3
17,george_russell,2019,3
18,robert_kubica,2019,3
19,antonio_giovinazzi,2019,3
20,alexander_albon,2019,3
1,valtteri_bottas,2019,4
2,lewis_hamilton,2019,4
3,sebastian_vettel,2019,4
4,max_verstappen,2019,4
5,sergio_perez,2019,4
6,daniil_kvyat,2019,4
7,lando_norris,2019,4
8,charles_leclerc,2019,4
9,carlos_sainz,2019,4
10,daniel_ricciardo,2019,4
11,alexander_albon,2019,4
12,kevin_magnussen,2019,4
13,lance_stroll,2019,4
14,romain_grosjean,2019,4
15,nico_hulkenberg,2019,4
16,george_russell,2019,4
17,antonio_giovinazzi,2019,4
18,robert_kubica,2019,4
19,kimi_raikkonen,2019,4
20,pierre_gasly,2019,4
1,valtteri_bottas,2019,5
2,lewis_hamilton,2019,5
3,sebastian_vettel,2019,5
4,max_verstappen,2019,5
5,charles_leclerc,2019,5
6,pierre_gasly,2019,5
7,romain_grosjean,2019,5
8,kevin_magnussen,2019,5
9,daniil_kvyat,2019,5
10,lando_norris,2019,5
11,alexander_albon,2019,5
12,carlos_sainz,2019,5
13,daniel_ricciardo,2019,5
14,kimi_raikkonen,2019,5
15,sergio_perez,2019,5
16,lance_stroll,2019,5
17,robert_kubica,2019,5
18,antonio_giovinazzi,2019,5
19,george_russell,2019,5
20,nico_hulkenberg,2019,5
1,lewis_hamilton,2019,6
2,valtteri_bottas,2019,6
3,max_verstappen,2019,6
4,sebastian_vettel,2019,6
5,kevin_magnussen,2019,6
6,daniel_ricciardo,2019,6
7,daniil_kvyat,2019,6
8,pierre_gasly,2019,6
9,carlos_sainz,2019,6
10,alexander_albon,2019,6
11,nico_hulkenberg,2019,6
12,lando_norris,2019,6
13,romain_grosjean,2019,6
14,kimi_raikkonen,2019,6
15,charles_leclerc,2019,6
16,sergio_perez,2019,6
17,lance_stroll,2019,6
18,antonio_giovinazzi,2019,6
19,george_russell,2019,6
20,robert_kubica,2019,6
1,sebastian_vettel,2019,7
2,lewis_hamilton,2019,7
3,charles_leclerc,2019,7
4,daniel_ricciardo,2019,7
5,pierre_gasly,2019,7
6,valtteri_bottas,2019,7
7,nico_hulkenberg,2019,7
8,lando_norris,2019,7
9,max_verstappen,2019,7
10,daniil_kvyat,2019,7
11,carlos_sainz,2019,7
12,antonio_giovinazzi,2019,7
13,alexander_albon,2019,7
14,romain_grosjean,2019,7
15,sergio_perez,2019,7
16,kimi_raikkonen,2019,7
17,lance_stroll,2019,7
18,george_russell,2019,7
19,robert_kubica,2019,7
20,kevin_magnussen,2019,7
1,lewis_hamilton,2019,8
2,valtteri_bottas,2019,8
3,charles_leclerc,2019,8
4,max_verstappen,2019,8
5,lando_norris,2019,8
6,carlos_sainz,2019,8
7,sebastian_vettel,2019,8
8,daniel_ricciardo,2019,8
9,pierre_gasly,2019,8
10,antonio_giovinazzi,2019,8
11,alexander_albon,2019,8
12,kimi_raikkonen,2019,8
13,nico_hulkenberg,2019,8
14,sergio_perez,2019,8
15,kevin_magnussen,2019,8
16,romain_grosjean,2019,8
17,lance_stroll,2019,8
18,robert_kubica,2019,8
19,daniil_kvyat,2019,8
20,george_russell,2019,8
1,charles_leclerc,2019,9
2,max_verstappen,2019,9
3,valtteri_bottas,2019,9
4,lewis_hamilton,2019,9
5,lando_norris,2019,9
6,kimi_raikkonen,2019,9
7,antonio_giovinazzi,2019,9
8,pierre_gasly,2019,9
9,sebastian_vettel,2019,9
10,kevin_magnussen,2019,9
11,romain_grosjean,2019,9
12,daniel_ricciardo,2019,9
13,sergio_perez,2019,9
14,lance_stroll,2019,9
15,nico_hulkenberg,2019,9
16,daniil_kvyat,2019,9
17,robert_kubica,2019,9
18,alexander_albon,2019,9
19,carlos_sainz,2019,9
20,george_russell,2019,9
1,valtteri_bottas,2019,10
2,lewis_hamilton,2019,10
3,charles_leclerc,2019,10
4,max_verstappen,2019,10
5,pierre_gasly,2019,10
6,sebastian_vettel,2019,10
7,daniel_ricciardo,2019,10
8,lando_norris,2019,10
9,alexander_albon,2019,10
10,nico_hulkenberg,2019,10
11,antonio_giovinazzi,2019,10
12,kimi_raikkonen,2019,10
13,carlos_sainz,2019,10
14,romain_grosjean,2019,10
15,sergio_perez,2019,10
16,kevin_magnussen,2019,10
17,daniil_kvyat,2019,10
18,lance_stroll,2019,10
19,george_russell,2019,10
20,robert_kubica,2019,10
1,lewis_hamilton,2019,11
2,max_verstappen,2019,11
3,valtteri_bottas,2019,11
4,pierre_gasly,2019,11
5,kimi_raikkonen,2019,11
6,romain_grosjean,2019,11
7,carlos_sainz,2019,11
8,sergio_perez,2019,11
9,nico_hulkenberg,2019,11
10,charles_leclerc,2019,11
11,antonio_giovinazzi,2019,11
12,kevin_magnussen,2019,11
13,daniel_ricciardo,2019,11
14,daniil_kvyat,2019,11
15,lance_stroll,2019,11
16,alexander_albon,2019,11
17,george_russell,2019,11
18,robert_kubica,2019,11
19,lando_norris,2019,11
20,sebastian_vettel,2019,11
1,max_verstappen,2019,12
2,valtteri_bottas,2019,12
3,lewis_hamilton,2019,12
4,charles_leclerc,2019,12
5,sebastian_vettel,2019,12
6,pierre_gasly,2019,12
7,lando_norris,2019,12
8,carlos_sainz,2019,12
9,romain_grosjean,2019,12
10,kimi_raikkonen,2019,12
11,nico_hulkenberg,2019,12
12,alexander_albon,2019,12
13,daniil_kvyat,2019,12
14,kevin_magnussen,2019,12
15,george_russell,2019,12
16,sergio_perez,2019,12
17,antonio_giovinazzi,2019,12
18,lance_stroll,2019,12
19,robert_kubica,2019,12
20,daniel_ricciardo,2019,12
1,charles_leclerc,2019,13
2,sebastian_vettel,2019,13
3,lewis_hamilton,2019,13
4,valtteri_bottas,2019,13
5,max_verstappen,2019,13
6,kimi_raikkonen,2019,13
7,sergio_perez,2019,13
8,kevin_magnussen,2019,13
9,romain_grosjean,2019,13
10,daniel_ricciardo,2019,13
11,lando_norris,2019,13
12,nico_hulkenberg,2019,13
13,pierre_gasly,2019,13
14,george_russell,2019,13
15,carlos_sainz,2019,13
16,lance_stroll,2019,13
17,alexander_albon,2019,13
18,antonio_giovinazzi,2019,13
19,daniil_kvyat,2019,13
20,robert_kubica,2019,13
1,charles_leclerc,2019,14
2,lewis_hamilton,2019,14
3,valtteri_bottas,2019,14
4,sebastian_vettel,2019,14
5,daniel_ricciardo,2019,14
6,nico_hulkenberg,2019,14
7,carlos_sainz,2019,14
8,alexander_albon,2019,14
9,lance_stroll,2019,14
10,antonio_giovinazzi,2019,14
11,kevin_magnussen,2019,14
12,daniil_kvyat,2019,14
13,romain_grosjean,2019,14
14,george_russell,2019,14
15,robert_kubica,2019,14
16,lando_norris,2019,14
17,pierre_gasly,2019,14
18,sergio_perez,2019,14
19,max_verstappen,2019,14
20,kimi_raikkonen,2019,14
1,charles_leclerc,2019,15
2,lewis_hamilton,2019,15
3,sebastian_vettel,2019,15
4,max_verstappen,2019,15
5,valtteri_bottas,2019,15
6,alexander_albon,2019,15
7,carlos_sainz,2019,15
8,nico_hulkenberg,2019,15
9,lando_norris,2019,15
10,antonio_giovinazzi,2019,15
11,pierre_gasly,2019,15
12,kimi_raikkonen,2019,15
13,kevin_magnussen,2019,15
14,daniil_kvyat,2019,15
15,sergio_perez,2019,15
16,lance_stroll,2019,15
17,romain_grosjean,2019,15
18,george_russell,2019,15
19,robert_kubica,2019,15
20,daniel_ricciardo,2019,15
1,charles_leclerc,2019,16
2,lewis_hamilton,2019,16
3,sebastian_vettel,2019,16
4,valtteri_bottas,2019,16
5,carlos_sainz,2019,16
6,nico_hulkenberg,2019,16
7,lando_norris,2019,16
8,romain_grosjean,2019,16
9,max_verstappen,2019,16
10,daniel_ricciardo,2019,16
11,sergio_perez,2019,16
12,antonio_giovinazzi,2019,16
13,kevin_magnussen,2019,16
14,lance_stroll,2019,16
15,kimi_raikkonen,2019,16
16,pierre_gasly,2019,16
17,george_russell,2019,16
18,robert_kubica,2019,16
19,daniil_kvyat,2019,16
20,alexander_albon,2019,16
1,sebastian_vettel,2019,17
2,charles_leclerc,2019,17
3,valtteri_bottas,2019,17
4,lewis_hamilton,2019,17
5,max_verstappen,2019,17
6,alexander_albon,2019,17
7,carlos_sainz,2019,17
8,lando_norris,2019,17
9,pierre_gasly,2019,17
10,romain_grosjean,2019,17
11,antonio_giovinazzi,2019,17
12,lance_stroll,2019,17
13,kimi_raikkonen,2019,17
14,daniil_kvyat,2019,17
15,nico_hulkenberg,2019,17
16,daniel_ricciardo,2019,17
17,sergio_perez,2019,17
18,george_russell,2019,17
19,kevin_magnussen,2019,17
1,charles_leclerc,2019,18
2,sebastian_vettel,2019,18
3,lewis_hamilton,2019,18
4,max_verstappen,2019,18
5,alexander_albon,2019,18
6,valtteri_bottas,2019,18
7,carlos_sainz,2019,18
8,lando_norris,2019,18
9,daniil_kvyat,2019,18
10,pierre_gasly,2019,18
11,sergio_perez,2019,18
12,nico_hulkenberg,2019,18
13,daniel_ricciardo,2019,18
14,kimi_raikkonen,2019,18
15,antonio_giovinazzi,2019,18
16,lance_stroll,2019,18
17,kevin_magnussen,2019,18
18,romain_grosjean,2019,18
19,george_russell,2019,18
20,robert_kubica,2019,18
1,valtteri_bottas,2019,19
2,sebastian_vettel,2019,19
3,max_verstappen,2019,19
4,charles_leclerc,2019,19
5,lewis_hamilton,2019,19
6,alexander_albon,2019,19
7,carlos_sainz,2019,19
8,lando_norris,2019,19
9,daniel_ricciardo,2019,19
10,pierre_gasly,2019,19
11,nico_hulkenberg,2019,19
12,kevin_magnussen,2019,19
13,daniil_kvyat,2019,19
14,lance_stroll,2019,19
15,romain_grosjean,2019,19
16,antonio_giovinazzi,2019,19
17,kimi_raikkonen,2019,19
18,george_russell,2019,19
19,robert_kubica,2019,19
20,sergio_perez,2019,19
1,max_verstappen,2019,20
2,sebastian_vettel,2019,20
3,lewis_hamilton,2019,20
4,valtteri_bottas,2019,20
5,alexander_albon,2019,20
6,pierre_gasly,2019,20
7,romain_grosjean,2019,20
8,kimi_raikkonen,2019,20
9,kevin_magnussen,2019,20
10,lando_norris,2019,20
11,daniel_ricciardo,2019,20
12,antonio_giovinazzi,2019,20
13,nico_hulkenberg,2019,20
14,charles_leclerc,2019,20
15,sergio_perez,2019,20
16,daniil_kvyat,2019,20
17,lance_stroll,2019,20
18,george_russell,2019,20
19,robert_kubica,2019,20
20,carlos_sainz,2019,20
1,lewis_hamilton,2019,21
2,max_verstappen,2019,21
3,charles_leclerc,2019,21
4,sebastian_vettel,2019,21
5,alexander_albon,2019,21
6,lando_norris,2019,21
7,daniel_ricciardo,2019,21
8,carlos_sainz,2019,21
9,nico_hulkenberg,2019,21
10,sergio_perez,2019,21
11,pierre_gasly,2019,21
12,lance_stroll,2019,21
13,daniil_kvyat,2019,21
14,kevin_magnussen,2019,21
15,romain_grosjean,2019,21
16,antonio_giovinazzi,2019,21
17,kimi_raikkonen,2019,21
18,george_russell,2019,21
19,robert_kubica,2019,21
20,valtteri_bottas,2019,21
1,valtteri_bottas,2020,1
2,max_verstappen,2020,1
3,lando_norris,2020,1
4,alexander_albon,2020,1
5,lewis_hamilton,2020,1
6,sergio_perez,2020,1
7,charles_leclerc,2020,1
8,carlos_sainz,2020,1
9,lance_stroll,2020,1
10,daniel_ricciardo,2020,1
11,sebastian_vettel,2020,1
12,pierre_gasly,2020,1
13,daniil_kvyat,2020,1
14,esteban_ocon,2020,1
15,romain_grosjean,2020,1
16,kevin_magnussen,2020,1
17,george_russell,2020,1
18,antonio_giovinazzi,2020,1
19,kimi_raikkonen,2020,1
20,nicholas_latifi,2020,1
1,lewis_hamilton,2020,2
2,max_verstappen,2020,2
3,carlos_sainz,2020,2
4,valtteri_bottas,2020,2
5,esteban_ocon,2020,2
6,alexander_albon,2020,2
7,pierre_gasly,2020,2
8,daniel_ricciardo,2020,2
9,lando_norris,2020,2
10,sebastian_vettel,2020,2
11,george_russell,2020,2
12,lance_stroll,2020,2
13,daniil_kvyat,2020,2
14,charles_leclerc,2020,2
15,kevin_magnussen,2020,2
16,kimi_raikkonen,2020,2
17,sergio_perez,2020,2
18,nicholas_latifi,2020,2
19,antonio_giovinazzi,2020,2
1,lewis_hamilton,2020,3
2,valtteri_bottas,2020,3
3,lance_stroll,2020,3
4,sergio_perez,2020,3
5,sebastian_vettel,2020,3
6,charles_leclerc,2020,3
7,max_verstappen,2020,3
8,lando_norris,2020,3
9,carlos_sainz,2020,3
10,pierre_gasly,2020,3
11,daniel_ricciardo,2020,3
12,george_russell,2020,3
13,alexander_albon,2020,3
14,esteban_ocon,2020,3
15,nicholas_latifi,2020,3
16,kevin_magnussen,2020,3
17,daniil_kvyat,2020,3
18,romain_grosjean,2020,3
19,antonio_giovinazzi,2020,3
20,kimi_raikkonen,2020,3
1,lewis_hamilton,2020,4
2,valtteri_bottas,2020,4
3,max_verstappen,2020,4
4,charles_leclerc,2020,4
5,lando_norris,2020,4
6,lance_stroll,2020,4
7,carlos_sainz,2020,4
8,daniel_ricciardo,2020,4
9,esteban_ocon,2020,4
10,sebastian_vettel,2020,4
11,pierre_gasly,2020,4
12,alexander_albon,2020,4
13,nico_hulkenberg,2020,4
14,kevin_magnussen,2020,4
15,antonio_giovinazzi,2020,4
16,kimi_raikkonen,2020,4
17,romain_grosjean,2020,4
18,nicholas_latifi,2020,4
19,daniil_kvyat,2020,4
20,george_russell,2020,4
1,valtteri_bottas,2020,5
2,lewis_hamilton,2020,5
3,nico_hulkenberg,2020,5
4,max_verstappen,2020,5
5,daniel_ricciardo,2020,5
6,lance_stroll,2020,5
7,pierre_gasly,2020,5
8,charles_leclerc,2020,5
9,alexander_albon,2020,5
10,lando_norris,2020,5
11,sebastian_vettel,2020,5
12,carlos_sainz,2020,5
13,romain_grosjean,2020,5
14,esteban_ocon,2020,5
15,george_russell,2020,5
16,daniil_kvyat,2020,5
17,kevin_magnussen,2020,5
18,nicholas_latifi,2020,5
19,antonio_giovinazzi,2020,5
20,kimi_raikkonen,2020,5
1,lewis_hamilton,2020,6
2,valtteri_bottas,2020,6
3,max_verstappen,2020,6
4,sergio_perez,2020,6
5,lance_stroll,2020,6
6,alexander_albon,2020,6
7,carlos_sainz,2020,6
8,lando_norris,2020,6
9,charles_leclerc,2020,6
10,pierre_gasly,2020,6
11,sebastian_vettel,2020,6
12,daniil_kvyat,2020,6
13,daniel_ricciardo,2020,6
14,kimi_raikkonen,2020,6
15,esteban_ocon,2020,6
16,kevin_magnussen,2020,6
17,romain_grosjean,2020,6
18,george_russell,2020,6
19,nicholas_latifi,2020,6
20,antonio_giovinazzi,2020,6
1,lewis_hamilton,2020,7
2,valtteri_bottas,2020,7
3,max_verstappen,2020,7
4,daniel_ricciardo,2020,7
5,alexander_albon,2020,7
6,esteban_ocon,2020,7
7,carlos_sainz,2020,7
8,sergio_perez,2020,7
9,lance_stroll,2020,7
10,lando_norris,2020,7
11,daniil_kvyat,2020,7
12,pierre_gasly,2020,7
13,charles_leclerc,2020,7
14,sebastian_vettel,2020,7
15,george_russell,2020,7
16,kimi_raikkonen,2020,7
17,romain_grosjean,2020,7
18,antonio_giovinazzi,2020,7
19,nicholas_latifi,2020,7
20,kevin_magnussen,2020,7
1,lewis_hamilton,2020,8
2,valtteri_bottas,2020,8
3,carlos_sainz,2020,8
4,sergio_perez,2020,8
5,max_verstappen,2020,8
6,lando_norris,2020,8
7,daniel_ricciardo,2020,8
8,lance_stroll,2020,8
9,alexander_albon,2020,8
10,pierre_gasly,2020,8
11,daniil_kvyat,2020,8
12,esteban_ocon,2020,8
13,charles_leclerc,2020,8
14,kimi_raikkonen,2020,8
15,kevin_magnussen,2020,8
16,romain_grosjean,2020,8
17,sebastian_vettel,2020,8
18,antonio_giovinazzi,2020,8
19,george_russell,2020,8
20,nicholas_latifi,2020,8
1,lewis_hamilton,2020,9
2,valtteri_bottas,2020,9
3,max_verstappen,2020,9
4,alexander_albon,2020,9
5,charles_leclerc,2020,9
6,lance_stroll,2020,9
7,sergio_perez,2020,9
8,daniel_ricciardo,2020,9
9,carlos_sainz,2020,9
10,esteban_ocon,2020,9
11,lando_norris,2020,9
12,daniil_kvyat,2020,9
13,kimi_raikkonen,2020,9
14,sebastian_vettel,2020,9
15,romain_grosjean,2020,9
16,pierre_gasly,2020,9
17,antonio_giovinazzi,2020,9
18,george_russell,2020,9
19,nicholas_latifi,2020,9
20,kevin_magnussen,2020,9
1,lewis_hamilton,2020,10
2,max_verstappen,2020,10
3,valtteri_bottas,2020,10
4,sergio_perez,2020,10
5,daniel_ricciardo,2020,10
6,carlos_sainz,2020,10
7,esteban_ocon,2020,10
8,lando_norris,2020,10
9,pierre_gasly,2020,10
10,charles_leclerc,2020,10
11,daniil_kvyat,2020,10
12,lance_stroll,2020,10
13,george_russell,2020,10
14,sebastian_vettel,2020,10
15,alexander_albon,2020,10
16,romain_grosjean,2020,10
17,antonio_giovinazzi,2020,10
18,kevin_magnussen,2020,10
19,kimi_raikkonen,2020,10
20,nicholas_latifi,2020,10
1,valtteri_bottas,2020,11
2,lewis_hamilton,2020,11
3,max_verstappen,2020,11
4,charles_leclerc,2020,11
5,alexander_albon,2020,11
6,daniel_ricciardo,2020,11
7,esteban_ocon,2020,11
8,lando_norris,2020,11
9,sergio_perez,2020,11
10,carlos_sainz,2020,11
11,sebastian_vettel,2020,11
12,pierre_gasly,2020,11
13,daniil_kvyat,2020,11
14,antonio_giovinazzi,2020,11
15,kevin_magnussen,2020,11
16,romain_grosjean,2020,11
17,george_russell,2020,11
18,nicholas_latifi,2020,11
19,kimi_raikkonen,2020,11
20,nico_hulkenberg,2020,11
1,lewis_hamilton,2020,12
2,valtteri_bottas,2020,12
3,max_verstappen,2020,12
4,charles_leclerc,2020,12
5,sergio_perez,2020,12
6,alexander_albon,2020,12
7,carlos_sainz,2020,12
8,lando_norris,2020,12
9,pierre_gasly,2020,12
10,daniel_ricciardo,2020,12
11,esteban_ocon,2020,12
12,lance_stroll,2020,12
13,daniil_kvyat,2020,12
14,george_russell,2020,12
15,sebastian_vettel,2020,12
16,kimi_raikkonen,2020,12
17,antonio_giovinazzi,2020,12
18,romain_grosjean,2020,12
19,kevin_magnussen,2020,12
20,nicholas_latifi,2020,12
1,valtteri_bottas,2020,13
2,lewis_hamilton,2020,13
3,max_verstappen,2020,13
4,pierre_gasly,2020,13
5,daniel_ricciardo,2020,13
6,alexander_albon,2020,13
7,charles_leclerc,2020,13
8,daniil_kvyat,2020,13
9,lando_norris,2020,13
10,carlos_sainz,2020,13
11,sergio_perez,2020,13
12,esteban_ocon,2020,13
13,george_russell,2020,13
14,sebastian_vettel,2020,13
15,lance_stroll,2020,13
16,romain_grosjean,2020,13
17,kevin_magnussen,2020,13
18,kimi_raikkonen,2020,13
19,nicholas_latifi,2020,13
20,antonio_giovinazzi,2020,13
1,lance_stroll,2020,14
2,max_verstappen,2020,14
3,sergio_perez,2020,14
4,alexander_albon,2020,14
5,daniel_ricciardo,2020,14
6,lewis_hamilton,2020,14
7,esteban_ocon,2020,14
8,kimi_raikkonen,2020,14
9,valtteri_bottas,2020,14
10,antonio_giovinazzi,2020,14
11,sebastian_vettel,2020,14
12,charles_leclerc,2020,14
13,kevin_magnussen,2020,14
14,lando_norris,2020,14
15,carlos_sainz,2020,14
16,daniil_kvyat,2020,14
17,romain_grosjean,2020,14
18,nicholas_latifi,2020,14
19,pierre_gasly,2020,14
20,george_russell,2020,14
1,lewis_hamilton,2020,15
2,valtteri_bottas,2020,15
3,max_verstappen,2020,15
4,alexander_albon,2020,15
5,sergio_perez,2020,15
6,daniel_ricciardo,2020,15
7,esteban_ocon,2020,15
8,pierre_gasly,2020,15
9,lando_norris,2020,15
10,daniil_kvyat,2020,15
11,sebastian_vettel,2020,15
12,charles_leclerc,2020,15
13,lance_stroll,2020,15
14,george_russell,2020,15
15,carlos_sainz,2020,15
16,antonio_giovinazzi,2020,15
17,kimi_raikkonen,2020,15
18,kevin_magnussen,2020,15
19,romain_grosjean,2020,15
20,nicholas_latifi,2020,15
1,valtteri_bottas,2020,16
2,george_russell,2020,16
3,max_verstappen,2020,16
4,charles_leclerc,2020,16
5,sergio_perez,2020,16
6,daniil_kvyat,2020,16
7,daniel_ricciardo,2020,16
8,carlos_sainz,2020,16
9,pierre_gasly,2020,16
10,lance_stroll,2020,16
11,esteban_ocon,2020,16
12,alexander_albon,2020,16
13,sebastian_vettel,2020,16
14,antonio_giovinazzi,2020,16
15,lando_norris,2020,16
16,kevin_magnussen,2020,16
17,nicholas_latifi,2020,16
18,jack_aitken,2020,16
19,kimi_raikkonen,2020,16
20,pietro_fittipaldi,2020,16
1,max_verstappen,2020,17
2,valtteri_bottas,2020,17
3,lewis_hamilton,2020,17
4,lando_norris,2020,17
5,alexander_albon,2020,17
6,carlos_sainz,2020,17
7,daniil_kvyat,2020,17
8,lance_stroll,2020,17
9,pierre_gasly,2020,17
10,esteban_ocon,2020,17
11,daniel_ricciardo,2020,17
12,charles_leclerc,2020,17
13,sebastian_vettel,2020,17
14,antonio_giovinazzi,2020,17
15,kimi_raikkonen,2020,17
16,george_russell,2020,17
17,pietro_fittipaldi,2020,17
18,nicholas_latifi,2020,17
19,sergio_perez,2020,17
20,kevin_magnussen,2020,17
1,max_verstappen,2021,1
2,lewis_hamilton,2021,1
3,valtteri_bottas,2021,1
4,charles_leclerc,2021,1
5,pierre_gasly,2021,1
6,daniel_ricciardo,2021,1
7,lando_norris,2021,1
8,carlos_sainz,2021,1
9,fernando_alonso,2021,1
10,lance_stroll,2021,1
11,sergio_perez,2021,1
12,antonio_giovinazzi,2021,1
13,yuki_tsunoda,2021,1
14,kimi_raikkonen,2021,1
15,george_russell,2021,1
16,esteban_ocon,2021,1
17,nicholas_latifi,2021,1
18,mick_schumacher,2021,1
19,nikita_mazepin,2021,1
20,sebastian_vettel,2021,1
1,lewis_hamilton,2021,2
2,sergio_perez,2021,2
3,max_verstappen,2021,2
4,charles_leclerc,2021,2
5,pierre_gasly,2021,2
6,daniel_ricciardo,2021,2
7,lando_norris,2021,2
8,valtteri_bottas,2021,2
9,esteban_ocon,2021,2
10,lance_stroll,2021,2
11,carlos_sainz,2021,2
12,george_russell,2021,2
13,sebastian_vettel,2021,2
14,nicholas_latifi,2021,2
15,fernando_alonso,2021,2
16,kimi_raikkonen,2021,2
17,antonio_giovinazzi,2021,2
18,mick_schumacher,2021,2
19,nikita_mazepin,2021,2
20,yuki_tsunoda,2021,2
1,valtteri_bottas,2021,3
2,lewis_hamilton,2021,3
3,max_verstappen,2021,3
4,sergio_perez,2021,3
5,carlos_sainz,2021,3
6,esteban_ocon,2021,3
7,lando_norris,2021,3
8,charles_leclerc,2021,3
9,pierre_gasly,2021,3
10,sebastian_vettel,2021,3
11,george_russell,2021,3
12,antonio_giovinazzi,2021,3
13,fernando_alonso,2021,3
14,yuki_tsunoda,2021,3
15,kimi_raikkonen,2021,3
16,daniel_ricciardo,2021,3
17,lance_stroll,2021,3
18,nicholas_latifi,2021,3
19,mick_schumacher,2021,3
20,nikita_mazepin,2021,3
1,lewis_hamilton,2021,4
2,max_verstappen,2021,4
3,valtteri_bottas,2021,4
4,charles_leclerc,2021,4
5,esteban_ocon,2021,4
6,carlos_sainz,2021,4
7,daniel_ricciardo,2021,4
8,sergio_perez,2021,4
9,lando_norris,2021,4
10,fernando_alonso,2021,4
11,lance_stroll,2021,4
12,pierre_gasly,2021,4
13,sebastian_vettel,2021,4
14,antonio_giovinazzi,2021,4
15,george_russell,2021,4
16,yuki_tsunoda,2021,4
17,kimi_raikkonen,2021,4
18,mick_schumacher,2021,4
19,nicholas_latifi,2021,4
20,nikita_mazepin,2021,4
1,charles_leclerc,2021,5
2,max_verstappen,2021,5
3,valtteri_bottas,2021,5
4,carlos_sainz,2021,5
5,lando_norris,2021,5
6,pierre_gasly,2021,5
7,lewis_hamilton,2021,5
8,sebastian_vettel,2021,5
9,sergio_perez,2021,5
10,antonio_giovinazzi,2021,5
11,esteban_ocon,2021,5
12,daniel_ricciardo,2021,5
13,lance_stroll,2021,5
14,kimi_raikkonen,2021,5
15,george_russell,2021,5
16,yuki_tsunoda,2021,5
17,fernando_alonso,2021,5
18,nicholas_latifi,2021,5
19,nikita_mazepin,2021,5
20,mick_schumacher,2021,5
1,charles_leclerc,2021,6
2,lewis_hamilton,2021,6
3,max_verstappen,2021,6
4,pierre_gasly,2021,6
5,carlos_sainz,2021,6
6,sergio_perez,2021,6
7,yuki_tsunoda,2021,6
8,fernando_alonso,2021,6
9,lando_norris,2021,6
10,valtteri_bottas,2021,6
11,sebastian_vettel,2021,6
12,esteban_ocon,2021,6
13,daniel_ricciardo,2021,6
14,kimi_raikkonen,2021,6
15,george_russell,2021,6
16,nicholas_latifi,2021,6
17,mick_schumacher,2021,6
18,nikita_mazepin,2021,6
19,lance_stroll,2021,6
20,antonio_giovinazzi,2021,6
1,max_verstappen,2021,7
2,lewis_hamilton,2021,7
3,valtteri_bottas,2021,7
4,sergio_perez,2021,7
5,carlos_sainz,2021,7
6,pierre_gasly,2021,7
7,charles_leclerc,2021,7
8,lando_norris,2021,7
9,fernando_alonso,2021,7
10,daniel_ricciardo,2021,7
11,esteban_ocon,2021,7
12,sebastian_vettel,2021,7
13,antonio_giovinazzi,2021,7
14,george_russell,2021,7
15,mick_schumacher,2021,7
16,nicholas_latifi,2021,7
17,kimi_raikkonen,2021,7
18,nikita_mazepin,2021,7
19,lance_stroll,2021,7
1,max_verstappen,2021,8
2,lewis_hamilton,2021,8
3,lando_norris,2021,8
4,sergio_perez,2021,8
5,valtteri_bottas,2021,8
6,pierre_gasly,2021,8
7,charles_leclerc,2021,8
8,fernando_alonso,2021,8
9,lance_stroll,2021,8
10,george_russell,2021,8
11,yuki_tsunoda,2021,8
12,carlos_sainz,2021,8
13,daniel_ricciardo,2021,8
14,sebastian_vettel,2021,8
15,antonio_giovinazzi,2021,8
16,nicholas_latifi,2021,8
17,esteban_ocon,2021,8
18,kimi_raikkonen,2021,8
19,mick_schumacher,2021,8
20,nikita_mazepin,2021,8
1,max_verstappen,2021,9
2,lando_norris,2021,9
3,sergio_perez,2021,9
4,lewis_hamilton,2021,9
5,valtteri_bottas,2021,9
6,pierre_gasly,2021,9
7,yuki_tsunoda,2021,9
8,george_russell,2021,9
9,lance_stroll,2021,9
10,carlos_sainz,2021,9
11,sebastian_vettel,2021,9
12,charles_leclerc,2021,9
13,daniel_ricciardo,2021,9
14,fernando_alonso,2021,9
15,antonio_giovinazzi,2021,9
16,kimi_raikkonen,2021,9
17,esteban_ocon,2021,9
18,nicholas_latifi,2021,9
19,mick_schumacher,2021,9
20,nikita_mazepin,2021,9
1,max_verstappen,2021,10
2,lewis_hamilton,2021,10
3,valtteri_bottas,2021,10
4,charles_leclerc,2021,10
5,lando_norris,2021,10
6,daniel_ricciardo,2021,10
7,fernando_alonso,2021,10
8,sebastian_vettel,2021,10
9,esteban_ocon,2021,10
10,carlos_sainz,2021,10
11,pierre_gasly,2021,10
12,george_russell,2021,10
13,kimi_raikkonen,2021,10
14,lance_stroll,2021,10
15,antonio_giovinazzi,2021,10
16,yuki_tsunoda,2021,10
17,nicholas_latifi,2021,10
18,mick_schumacher,2021,10
19,nikita_mazepin,2021,10
20,sergio_perez,2021,10
1,lewis_hamilton,2021,11
2,valtteri_bottas,2021,11
3,max_verstappen,2021,11
4,sergio_perez,2021,11
5,pierre_gasly,2021,11
6,lando_norris,2021,11
7,charles_leclerc,2021,11
8,esteban_ocon,2021,11
9,fernando_alonso,2021,11
10,sebastian_vettel,2021,11
11,daniel_ricciardo,2021,11
12,lance_stroll,2021,11
13,kimi_raikkonen,2021,11
14,antonio_giovinazzi,2021,11
15,carlos_sainz,2021,11
16,yuki_tsunoda,2021,11
17,george_russell,2021,11
18,nicholas_latifi,2021,11
19,nikita_mazepin,2021,11
20,mick_schumacher,2021,11
1,max_verstappen,2021,12
2,george_russell,2021,12
3,lewis_hamilton,2021,12
4,daniel_ricciardo,2021,12
5,sebastian_vettel,2021,12
6,pierre_gasly,2021,12
7,sergio_perez,2021,12
8,esteban_ocon,2021,12
9,charles_leclerc,2021,12
10,nicholas_latifi,2021,12
11,carlos_sainz,2021,12
12,fernando_alonso,2021,12
13,valtteri_bottas,2021,12
14,antonio_giovinazzi,2021,12
15,lando_norris,2021,12
16,yuki_tsunoda,2021,12
17,mick_schumacher,2021,12
18,nikita_mazepin,2021,12
19,lance_stroll,2021,12
20,kimi_raikkonen,2021,12
1,max_verstappen,2021,13
2,lewis_hamilton,2021,13
3,valtteri_bottas,2021,13
4,pierre_gasly,2021,13
5,charles_leclerc,2021,13
6,carlos_sainz,2021,13
7,antonio_giovinazzi,2021,13
8,esteban_ocon,2021,13
9,fernando_alonso,2021,13
10,daniel_ricciardo,2021,13
11,george_russell,2021,13
12,lance_stroll,2021,13
13,lando_norris,2021,13
14,yuki_tsunoda,2021,13
15,sebastian_vettel,2021,13
16,robert_kubica,2021,13
17,mick_schumacher,2021,13
18,nikita_mazepin,2021,13
1,max_verstappen,2021,14
2,daniel_ricciardo,2021,14
3,lando_norris,2021,14
4,lewis_hamilton,2021,14
5,charles_leclerc,2021,14
6,carlos_sainz,2021,14
7,antonio_giovinazzi,2021,14
8,sergio_perez,2021,14
9,lance_stroll,2021,14
10,fernando_alonso,2021,14
11,sebastian_vettel,2021,14
12,esteban_ocon,2021,14
13,nicholas_latifi,2021,14
14,george_russell,2021,14
15,yuki_tsunoda,2021,14
16,nikita_mazepin,2021,14
17,robert_kubica,2021,14
18,mick_schumacher,2021,14
19,valtteri_bottas,2021,14
1,lando_norris,2021,15
2,carlos_sainz,2021,15
3,george_russell,2021,15
4,lewis_hamilton,2021,15
5,daniel_ricciardo,2021,15
6,fernando_alonso,2021,15
7,lance_stroll,2021,15
8,sergio_perez,2021,15
9,esteban_ocon,2021,15
10,sebastian_vettel,2021,15
11,pierre_gasly,2021,15
12,yuki_tsunoda,2021,15
13,kimi_raikkonen,2021,15
14,mick_schumacher,2021,15
15,nikita_mazepin,2021,15
16,valtteri_bottas,2021,15
17,antonio_giovinazzi,2021,15
18,nicholas_latifi,2021,15
19,charles_leclerc,2021,15
20,max_verstappen,2021,15
1,valtteri_bottas,2021,16
2,max_verstappen,2021,16
3,charles_leclerc,2021,16
4,pierre_gasly,2021,16
5,fernando_alonso,2021,16
6,sergio_perez,2021,16
7,lando_norris,2021,16
8,lance_stroll,2021,16
9,yuki_tsunoda,2021,16
10,sebastian_vettel,2021,16
11,lewis_hamilton,2021,16
12,esteban_ocon,2021,16
13,george_russell,2021,16
14,mick_schumacher,2021,16
15,nicholas_latifi,2021,16
16,antonio_giovinazzi,2021,16
17,kimi_raikkonen,2021,16
18,nikita_mazepin,2021,16
19,carlos_sainz,2021,16
20,daniel_ricciardo,2021,16
1,max_verstappen,2021,17
2,lewis_hamilton,2021,17
3,sergio_perez,2021,17
4,charles_leclerc,2021,17
5,carlos_sainz,2021,17
6,daniel_ricciardo,2021,17
7,lando_norris,2021,17
8,pierre_gasly,2021,17
9,valtteri_bottas,2021,17
10,yuki_tsunoda,2021,17
11,esteban_ocon,2021,17
12,antonio_giovinazzi,2021,17
13,lance_stroll,2021,17
14,nicholas_latifi,2021,17
15,kimi_raikkonen,2021,17
16,mick_schumacher,2021,17
17,nikita_mazepin,2021,17
18,sebastian_vettel,2021,17
19,fernando_alonso,2021,17
20,george_russell,2021,17
1,valtteri_bottas,2021,18
2,lewis_hamilton,2021,18
3,max_verstappen,2021,18
4,sergio_perez,2021,18
5,pierre_gasly,2021,18
6,carlos_sainz,2021,18
7,daniel_ricciardo,2021,18
8,charles_leclerc,2021,18
9,sebastian_vettel,2021,18
10,kimi_raikkonen,2021,18
11,antonio_giovinazzi,2021,18
12,fernando_alonso,2021,18
13,nicholas_latifi,2021,18
14,mick_schumacher,2021,18
15,nikita_mazepin,2021,18
16,george_russell,2021,18
17,yuki_tsunoda,2021,18
18,lando_norris,2021,18
19,esteban_ocon,2021,18
20,lance_stroll,2021,18
1,valtteri_bottas,2021,19
2,max_verstappen,2021,19
3,carlos_sainz,2021,19
4,sergio_perez,2021,19
5,lando_norris,2021,19
6,charles_leclerc,2021,19
7,pierre_gasly,2021,19
8,esteban_ocon,2021,19
9,sebastian_vettel,2021,19
10,lewis_hamilton,2021,19
11,daniel_ricciardo,2021,19
12,fernando_alonso,2021,19
13,antonio_giovinazzi,2021,19
14,lance_stroll,2021,19
15,yuki_tsunoda,2021,19
16,nicholas_latifi,2021,19
17,george_russell,2021,19
18,mick_schumacher,2021,19
19,nikita_mazepin,2021,19
20,kimi_raikkonen,2021,19
1,lewis_hamilton,2021,20
2,pierre_gasly,2021,20
3,fernando_alonso,2021,20
4,lando_norris,2021,20
5,carlos_sainz,2021,20
6,valtteri_bottas,2021,20
7,max_verstappen,2021,20
8,yuki_tsunoda,2021,20
9,esteban_ocon,2021,20
10,sebastian_vettel,2021,20
11,sergio_perez,2021,20
12,lance_stroll,2021,20
13,charles_leclerc,2021,20
14,daniel_ricciardo,2021,20
15,george_russell,2021,20
16,kimi_raikkonen,2021,20
17,nicholas_latifi,2021,20
18,antonio_giovinazzi,2021,20
19,mick_schumacher,2021,20
20,nikita_mazepin,2021,20
1,lewis_hamilton,2021,21
2,valtteri_bottas,2021,21
3,max_verstappen,2021,21
4,charles_leclerc,2021,21
5,sergio_perez,2021,21
6,pierre_gasly,2021,21
7,lando_norris,2021,21
8,yuki_tsunoda,2021,21
9,esteban_ocon,2021,21
10,antonio_giovinazzi,2021,21
11,daniel_ricciardo,2021,21
12,kimi_raikkonen,2021,21
13,fernando_alonso,2021,21
14,george_russell,2021,21
15,carlos_sainz,2021,21
16,nicholas_latifi,2021,21
17,sebastian_vettel,2021,21
18,lance_stroll,2021,21
19,mick_schumacher,2021,21
20,nikita_mazepin,2021,21
1,max_verstappen,2021,22
2,lewis_hamilton,2021,22
3,lando_norris,2021,22
4,sergio_perez,2021,22
5,carlos_sainz,2021,22
6,valtteri_bottas,2021,22
7,charles_leclerc,2021,22
8,yuki_tsunoda,2021,22
9,esteban_ocon,2021,22
10,daniel_ricciardo,2021,22
11,fernando_alonso,2021,22
12,pierre_gasly,2021,22
13,lance_stroll,2021,22
14,antonio_giovinazzi,2021,22
15,sebastian_vettel,2021,22
16,nicholas_latifi,2021,22
17,george_russell,2021,22
18,kimi_raikkonen,2021,22
19,mick_schumacher,2021,22
1,charles_leclerc,2022,1
2,max_verstappen,2022,1
3,carlos_sainz,2022,1
4,sergio_perez,2022,1
5,lewis_hamilton,2022,1
6,valtteri_bottas,2022,1
7,kevin_magnussen,2022,1
8,fernando_alonso,2022,1
9,george_russell,2022,1
10,pierre_gasly,2022,1
11,esteban_ocon,2022,1
12,mick_schumacher,2022,1
13,lando_norris,2022,1
14,alexander_albon,2022,1
15,zhou_guanyu,2022,1
16,yuki_tsunoda,2022,1
17,nico_hulkenberg,2022,1
18,daniel_ricciardo,2022,1
19,lance_stroll,2022,1
20,nicholas_latifi,2022,1
1,sergio_perez,2022,2
2,charles_leclerc,2022,2
3,carlos_sainz,2022,2
4,max_verstappen,2022,2
5,esteban_ocon,2022,2
6,george_russell,2022,2
7,fernando_alonso,2022,2
8,valtteri_bottas,2022,2
9,pierre_gasly,2022,2
10,kevin_magnussen,2022,2
11,lando_norris,2022,2
12,zhou_guanyu,2022,2
13,lance_stroll,2022,2
14,daniel_ricciardo,2022,2
15,lewis_hamilton,2022,2
16,alexander_albon,2022,2
17,nico_hulkenberg,2022,2
18,nicholas_latifi,2022,2
19,yuki_tsunoda,2022,2
1,charles_leclerc,2022,3
2,max_verstappen,2022,3
3,sergio_perez,2022,3
4,lando_norris,2022,3
5,lewis_hamilton,2022,3
6,george_russell,2022,3
7,daniel_ricciardo,2022,3
8,esteban_ocon,2022,3
9,carlos_sainz,2022,3
10,fernando_alonso,2022,3
11,pierre_gasly,2022,3
12,valtteri_bottas,2022,3
13,yuki_tsunoda,2022,3
14,zhou_guanyu,2022,3
15,mick_schumacher,2022,3
16,kevin_magnussen,2022,3
17,sebastian_vettel,2022,3
18,nicholas_latifi,2022,3
19,lance_stroll,2022,3
20,alexander_albon,2022,3
1,max_verstappen,2022,4
2,charles_leclerc,2022,4
3,sergio_perez,2022,4
4,carlos_sainz,2022,4
5,lando_norris,2022,4
6,daniel_ricciardo,2022,4
7,valtteri_bottas,2022,4
8,kevin_magnussen,2022,4
9,fernando_alonso,2022,4
10,mick_schumacher,2022,4
11,george_russell,2022,4
12,yuki_tsunoda,2022,4
13,sebastian_vettel,2022,4
14,lewis_hamilton,2022,4
15,lance_stroll,2022,4
16,esteban_ocon,2022,4
17,pierre_gasly,2022,4
18,alexander_albon,2022,4
19,nicholas_latifi,2022,4
1,charles_leclerc,2022,5
2,carlos_sainz,2022,5
3,max_verstappen,2022,5
4,sergio_perez,2022,5
5,valtteri_bottas,2022,5
6,lewis_hamilton,2022,5
7,pierre_gasly,2022,5
8,lando_norris,2022,5
9,yuki_tsunoda,2022,5
10,lance_stroll,2022,5
11,fernando_alonso,2022,5
12,george_russell,2022,5
13,sebastian_vettel,2022,5
14,daniel_ricciardo,2022,5
15,mick_schumacher,2022,5
16,kevin_magnussen,2022,5
17,zhou_guanyu,2022,5
18,alexander_albon,2022,5
19,nicholas_latifi,2022,5
20,esteban_ocon,2022,5
1,charles_leclerc,2022,6
2,max_verstappen,2022,6
3,carlos_sainz,2022,6
4,george_russell,2022,6
5,sergio_perez,2022,6
6,lewis_hamilton,2022,6
7,valtteri_bottas,2022,6
8,kevin_magnussen,2022,6
9,daniel_ricciardo,2022,6
10,mick_schumacher,2022,6
11,lando_norris,2022,6
12,esteban_ocon,2022,6
13,yuki_tsunoda,2022,6
14,pierre_gasly,2022,6
15,zhou_guanyu,2022,6
16,sebastian_vettel,2022,6
17,lance_stroll,2022,6
18,alexander_albon,2022,6
19,nicholas_latifi,2022,6
20,fernando_alonso,2022,6
1,charles_leclerc,2022,7
2,carlos_sainz,2022,7
3,sergio_perez,2022,7
4,max_verstappen,2022,7
5,lando_norris,2022,7
6,george_russell,2022,7
7,fernando_alonso,2022,7
8,lewis_hamilton,2022,7
9,sebastian_vettel,2022,7
10,esteban_ocon,2022,7
11,yuki_tsunoda,2022,7
12,valtteri_bottas,2022,7
13,kevin_magnussen,2022,7
14,daniel_ricciardo,2022,7
15,mick_schumacher,2022,7
16,alexander_albon,2022,7
17,pierre_gasly,2022,7
18,lance_stroll,2022,7
19,nicholas_latifi,2022,7
20,zhou_guanyu,2022,7
1,charles_leclerc,2022,8
2,sergio_perez,2022,8
3,max_verstappen,2022,8
4,carlos_sainz,2022,8
5,george_russell,2022,8
6,pierre_gasly,2022,8
7,lewis_hamilton,2022,8
8,yuki_tsunoda,2022,8
9,sebastian_vettel,2022,8
10,fernando_alonso,2022,8
11,lando_norris,2022,8
12,daniel_ricciardo,2022,8
13,esteban_ocon,2022,8
14,zhou_guanyu,2022,8
15,valtteri_bottas,2022,8
16,kevin_magnussen,2022,8
17,alexander_albon,2022,8
18,nicholas_latifi,2022,8
19,lance_stroll,2022,8
20,mick_schumacher,2022,8
1,max_verstappen,2022,9
2,fernando_alonso,2022,9
3,carlos_sainz,2022,9
4,lewis_hamilton,2022,9
5,kevin_magnussen,2022,9
6,mick_schumacher,2022,9
7,esteban_ocon,2022,9
8,george_russell,2022,9
9,daniel_ricciardo,2022,9
10,zhou_guanyu,2022,9
11,valtteri_bottas,2022,9
12,alexander_albon,2022,9
13,sergio_perez,2022,9
14,lando_norris,2022,9
15,pierre_gasly,2022,9
16,sebastian_vettel,2022,9
17,lance_stroll,2022,9
18,nicholas_latifi,2022,9
19,charles_leclerc,2022,9
20,yuki_tsunoda,2022,9
1,carlos_sainz,2022,10
2,max_verstappen,2022,10
3,charles_leclerc,2022,10
4,sergio_perez,2022,10
5,lewis_hamilton,2022,10
6,lando_norris,2022,10
7,fernando_alonso,2022,10
8,george_russell,2022,10
9,zhou_guanyu,2022,10
10,nicholas_latifi,2022,10
11,pierre_gasly,2022,10
12,valtteri_bottas,2022,10
13,yuki_tsunoda,2022,10
14,daniel_ricciardo,2022,10
15,esteban_ocon,2022,10
16,alexander_albon,2022,10
17,kevin_magnussen,2022,10
18,sebastian_vettel,2022,10
19,mick_schumacher,2022,10
20,lance_stroll,2022,10
1,max_verstappen,2022,11
2,charles_leclerc,2022,11
3,carlos_sainz,2022,11
4,george_russell,2022,11
5,sergio_perez,2022,11
6,esteban_ocon,2022,11
7,kevin_magnussen,2022,11
8,lewis_hamilton,2022,11
9,mick_schumacher,2022,11
10,lando_norris,2022,11
11,daniel_ricciardo,2022,11
12,lance_stroll,2022,11
13,zhou_guanyu,2022,11
14,pierre_gasly,2022,11
15,alexander_albon,2022,11
16,yuki_tsunoda,2022,11
17,nicholas_latifi,2022,11
18,sebastian_vettel,2022,11
19,fernando_alonso,2022,11
1,charles_leclerc,2022,12
2,max_verstappen,2022,12
3,sergio_perez,2022,12
4,lewis_hamilton,2022,12
5,lando_norris,2022,12
6,george_russell,2022,12
7,fernando_alonso,2022,12
8,yuki_tsunoda,2022,12
9,daniel_ricciardo,2022,12
10,esteban_ocon,2022,12
11,valtteri_bottas,2022,12
12,sebastian_vettel,2022,12
13,alexander_albon,2022,12
14,pierre_gasly,2022,12
15,lance_stroll,2022,12
16,zhou_guanyu,2022,12
17,mick_schumacher,2022,12
18,nicholas_latifi,2022,12
19,carlos_sainz,2022,12
20,kevin_magnussen,2022,12
1,george_russell,2022,13
2,carlos_sainz,2022,13
3,charles_leclerc,2022,13
4,lando_norris,2022,13
5,esteban_ocon,2022,13
6,fernando_alonso,2022,13
7,lewis_hamilton,2022,13
8,valtteri_bottas,2022,13
9,daniel_ricciardo,2022,13
10,max_verstappen,2022,13
11,sergio_perez,2022,13
12,zhou_guanyu,2022,13
13,kevin_magnussen,2022,13
14,lance_stroll,2022,13
15,mick_schumacher,2022,13
16,yuki_tsunoda,2022,13
17,alexander_albon,2022,13
18,sebastian_vettel,2022,13
19,nicholas_latifi,2022,13
20,pierre_gasly,2022,13
1,carlos_sainz,2022,14
2,sergio_perez,2022,14
3,fernando_alonso,2022,14
4,lewis_hamilton,2022,14
5,george_russell,2022,14
6,alexander_albon,2022,14
7,daniel_ricciardo,2022,14
8,pierre_gasly,2022,14
9,lance_stroll,2022,14
10,sebastian_vettel,2022,14
11,nicholas_latifi,2022,14
12,kevin_magnussen,2022,14
13,valtteri_bottas,2022,14
14,max_verstappen,2022,14
15,charles_leclerc,2022,14
16,esteban_ocon,2022,14
17,lando_norris,2022,14
18,zhou_guanyu,2022,14
19,mick_schumacher,2022,14
20,yuki_tsunoda,2022,14
1,max_verstappen,2022,15
2,charles_leclerc,2022,15
3,carlos_sainz,2022,15
4,lewis_hamilton,2022,15
5,sergio_perez,2022,15
6,george_russell,2022,15
7,lando_norris,2022,15
8,mick_schumacher,2022,15
9,yuki_tsunoda,2022,15
10,lance_stroll,2022,15
11,pierre_gasly,2022,15
12,esteban_ocon,2022,15
13,fernando_alonso,2022,15
14,zhou_guanyu,2022,15
15,alexander_albon,2022,15
16,valtteri_bottas,2022,15
17,daniel_ricciardo,2022,15
18,kevin_magnussen,2022,15
19,sebastian_vettel,2022,15
20,nicholas_latifi,2022,15
1,charles_leclerc,2022,16
2,george_russell,2022,16
3,lando_norris,2022,16
4,daniel_ricciardo,2022,16
5,pierre_gasly,2022,16
6,fernando_alonso,2022,16
7,max_verstappen,2022,16
8,nyck_de,2022,16
9,zhou_guanyu,2022,16
10,nicholas_latifi,2022,16
11,sebastian_vettel,2022,16
12,lance_stroll,2022,16
13,sergio_perez,2022,16
14,esteban_ocon,2022,16
15,valtteri_bottas,2022,16
16,kevin_magnussen,2022,16
17,mick_schumacher,2022,16
18,carlos_sainz,2022,16
19,lewis_hamilton,2022,16
20,yuki_tsunoda,2022,16
1,charles_leclerc,2022,17
2,sergio_perez,2022,17
3,lewis_hamilton,2022,17
4,carlos_sainz,2022,17
5,fernando_alonso,2022,17
6,lando_norris,2022,17
7,pierre_gasly,2022,17
8,max_verstappen,2022,17
9,kevin_magnussen,2022,17
10,yuki_tsunoda,2022,17
11,lance_stroll,2022,17
12,mick_schumacher,2022,17
13,sebastian_vettel,2022,17
14,zhou_guanyu,2022,17
15,valtteri_bottas,2022,17
16,daniel_ricciardo,2022,17
17,esteban_ocon,2022,17
18,alexander_albon,2022,17
19,nicholas_latifi,2022,17
20,george_russell,2022,17
1,max_verstappen,2022,18
2,charles_leclerc,2022,18
3,carlos_sainz,2022,18
4,sergio_perez,2022,18
5,esteban_ocon,2022,18
6,lewis_hamilton,2022,18
7,fernando_alonso,2022,18
8,george_russell,2022,18
9,sebastian_vettel,2022,18
10,lando_norris,2022,18
11,daniel_ricciardo,2022,18
12,valtteri_bottas,2022,18
13,yuki_tsunoda,2022,18
14,zhou_guanyu,2022,18
15,mick_schumacher,2022,18
16,alexander_albon,2022,18
17,kevin_magnussen,2022,18
18,lance_stroll,2022,18
19,nicholas_latifi,2022,18
1,carlos_sainz,2022,19
2,max_verstappen,2022,19
3,lewis_hamilton,2022,19
4,george_russell,2022,19
5,lance_stroll,2022,19
6,lando_norris,2022,19
7,valtteri_bottas,2022,19
8,alexander_albon,2022,19
9,sergio_perez,2022,19
10,sebastian_vettel,2022,19
11,pierre_gasly,2022,19
12,charles_leclerc,2022,19
13,kevin_magnussen,2022,19
14,fernando_alonso,2022,19
15,daniel_ricciardo,2022,19
16,mick_schumacher,2022,19
17,nicholas_latifi,2022,19
18,zhou_guanyu,2022,19
19,yuki_tsunoda,2022,19
20,esteban_ocon,2022,19
1,max_verstappen,2022,20
2,george_russell,2022,20
3,lewis_hamilton,2022,20
4,sergio_perez,2022,20
5,carlos_sainz,2022,20
6,valtteri_bottas,2022,20
7,charles_leclerc,2022,20
8,lando_norris,2022,20
9,fernando_alonso,2022,20
10,esteban_ocon,2022,20
11,daniel_ricciardo,2022,20
12,zhou_guanyu,2022,20
13,yuki_tsunoda,2022,20
14,pierre_gasly,2022,20
15,mick_schumacher,2022,20
16,sebastian_vettel,2022,20
17,alexander_albon,2022,20
18,nicholas_latifi,2022,20
19,kevin_magnussen,2022,20
20,lance_stroll,2022,20
1,george_russell,2022,21
2,lewis_hamilton,2022,21
3,max_verstappen,2022,21
4,sergio_perez,2022,21
5,charles_leclerc,2022,21
6,lando_norris,2022,21
7,carlos_sainz,2022,21
8,kevin_magnussen,2022,21
9,sebastian_vettel,2022,21
10,pierre_gasly,2022,21
11,daniel_ricciardo,2022,21
12,mick_schumacher,2022,21
13,zhou_guanyu,2022,21
14,valtteri_bottas,2022,21
15,lance_stroll,2022,21
16,esteban_ocon,2022,21
17,fernando_alonso,2022,21
18,nicholas_latifi,2022,21
19,alexander_albon,2022,21
20,yuki_tsunoda,2022,21
1,max_verstappen,2022,22
2,sergio_perez,2022,22
3,charles_leclerc,2022,22
4,carlos_sainz,2022,22
5,lewis_hamilton,2022,22
6,george_russell,2022,22
7,lando_norris,2022,22
8,esteban_ocon,2022,22
9,sebastian_vettel,2022,22
10,fernando_alonso,2022,22
11,yuki_tsunoda,2022,22
12,mick_schumacher,2022,22
13,daniel_ricciardo,2022,22
14,lance_stroll,2022,22
15,zhou_guanyu,2022,22
16,kevin_magnussen,2022,22
17,pierre_gasly,2022,22
18,valtteri_bottas,2022,22
19,alexander_albon,2022,22
20,nicholas_latifi,2022,22
